grade_id,assessment_id,student_id,score,submission_date,feedback,extra,error_reason
3460,116,23,3.9,2025-10-19,,,fila duplicada
13206,134,87,5,2025-11-06,,,fila duplicada
9527,103,63,3.9,2025-07-30,,,fila duplicada
11243,147,74,4.3,2025-10-29,,,fila duplicada
4008,56,27,1.6,2025-05-20,,,fila duplicada
26561,113,175,5,2025-08-20,,,fila duplicada
29296,112,193,4.3,2025-08-13,,,fila duplicada
29350,14,194,4.4,2025-03-07,,,fila duplicada
17498,18,116,2.9,2025-03-08,,,fila duplicada
8423,63,56,2.9,2025-05-27,,,fila duplicada
33451,11,221,2.8,2025-03-15,,,fila duplicada
34582,78,228,4.2,2025-08-12,,,fila duplicada
35282,18,233,5,2025-03-03,,,fila duplicada
35789,69,236,3.8,2025-05-07,,,fila duplicada
36021,149,237,3.8,2025-10-07,,,fila duplicada
47,47,1,3.7,2025-05-10,,,evaluacion_id inexistente (47)
48,48,1,3.5,2025-05-18,,,evaluacion_id inexistente (48)
49,49,1,2.8,2025-05-28,,,evaluacion_id inexistente (49)
50,50,1,3.9,2025-06-14,,,evaluacion_id inexistente (50)
131,131,1,3.5,2025-10-05,,,evaluacion_id inexistente (131)
132,132,1,2.9,2025-10-15,,,evaluacion_id inexistente (132)
133,133,1,2.8,2025-10-30,,,evaluacion_id inexistente (133)
134,134,1,2.8,2025-11-06,,,evaluacion_id inexistente (134)
199,47,2,3.1,2025-05-05,,,evaluacion_id inexistente (47)
200,48,2,2.9,2025-05-16,,,evaluacion_id inexistente (48)
201,49,2,2.4,2025-05-29,,,evaluacion_id inexistente (49)
202,50,2,3,2025-06-15,,,evaluacion_id inexistente (50)
283,131,2,3.2,2025-10-03,,,evaluacion_id inexistente (131)
284,132,2,3.3,2025-10-15,,,evaluacion_id inexistente (132)
285,133,2,2.8,2025-10-29,,,evaluacion_id inexistente (133)
286,134,2,3.6,2025-11-08,,,evaluacion_id inexistente (134)
295,143,2,7.2,2025-10-27,,,nota fuera de rango (7.2)
351,47,3,3.6,2025-05-10,,,evaluacion_id inexistente (47)
352,48,3,4.2,2025-05-21,,,evaluacion_id inexistente (48)
353,49,3,4.1,2025-06-01,,,evaluacion_id inexistente (49)
354,50,3,4.7,2025-06-13,,,evaluacion_id inexistente (50)
435,131,3,3.4,2025-10-03,,,evaluacion_id inexistente (131)
436,132,3,2.9,2025-10-19,,,evaluacion_id inexistente (132)
437,133,3,3.7,2025-10-28,,,evaluacion_id inexistente (133)
438,134,3,3.4,2025-11-04,,,evaluacion_id inexistente (134)
503,47,4,3.9,2025-05-09,,,evaluacion_id inexistente (47)
504,48,4,4.6,2025-05-16,,,evaluacion_id inexistente (48)
505,49,4,4.4,2025-05-27,,,evaluacion_id inexistente (49)
506,50,4,4.7,2025-06-11,,,evaluacion_id inexistente (50)
587,131,4,3.8,2025-10-04,,,evaluacion_id inexistente (131)
588,132,4,3.5,2025-10-15,,,evaluacion_id inexistente (132)
589,133,4,3.1,2025-10-25,,,evaluacion_id inexistente (133)
590,134,4,4.1,2025-11-07,,,evaluacion_id inexistente (134)
655,47,5,3.9,2025-05-10,,,evaluacion_id inexistente (47)
656,48,5,3.2,2025-05-22,,,evaluacion_id inexistente (48)
657,49,5,3.3,2025-05-31,,,evaluacion_id inexistente (49)
658,50,5,4,2025-06-13,,,evaluacion_id inexistente (50)
739,131,5,3.2,2025-10-08,,,evaluacion_id inexistente (131)
740,132,5,3.2,2025-10-15,,,evaluacion_id inexistente (132)
741,133,5,3.1,2025-10-28,,,evaluacion_id inexistente (133)
742,134,5,3.4,2025-11-04,,,evaluacion_id inexistente (134)
774,14,6,6.5,2025-03-03,,,nota fuera de rango (6.5)
807,47,6,4.5,2025-05-06,,,evaluacion_id inexistente (47)
808,48,6,5,2025-05-15,,,evaluacion_id inexistente (48)
809,49,6,5,2025-05-30,,,evaluacion_id inexistente (49)
810,50,6,5,2025-06-12,,,evaluacion_id inexistente (50)
891,131,6,5,2025-10-07,,,evaluacion_id inexistente (131)
892,132,6,4.2,2025-10-18,,,evaluacion_id inexistente (132)
893,133,6,4.8,2025-10-29,,,evaluacion_id inexistente (133)
894,134,6,5,2025-11-04,,,evaluacion_id inexistente (134)
959,47,7,4,2025-05-07,,,evaluacion_id inexistente (47)
960,48,7,4.4,2025-05-17,,,evaluacion_id inexistente (48)
961,49,7,4,2025-05-27,,,evaluacion_id inexistente (49)
962,50,7,3.9,2025-06-15,,,evaluacion_id inexistente (50)
996,84,7,,2025-09-06,,,nota nula
1043,131,7,4.1,2025-10-04,,,evaluacion_id inexistente (131)
1044,132,7,4,2025-10-16,,,evaluacion_id inexistente (132)
1045,133,7,3.3,2025-10-25,,,evaluacion_id inexistente (133)
1046,134,7,5.8,2025-11-08,,,nota fuera de rango (5.8)
1111,47,8,4.7,2025-05-08,,,evaluacion_id inexistente (47)
1112,48,8,5,2025-05-16,,,evaluacion_id inexistente (48)
1113,49,8,4.9,2025-06-01,,,evaluacion_id inexistente (49)
1114,50,8,4.2,2025-06-08,,,evaluacion_id inexistente (50)
1195,131,8,3.9,2025-10-03,,,evaluacion_id inexistente (131)
1196,132,8,4.2,2025-10-20,,,evaluacion_id inexistente (132)
1197,133,8,4.3,2025-10-27,,,evaluacion_id inexistente (133)
1198,134,8,3.8,2025-11-05,,,evaluacion_id inexistente (134)
1263,47,9,2.9,2025-05-04,,,evaluacion_id inexistente (47)
1264,48,9,4.2,2025-05-19,,,evaluacion_id inexistente (48)
1265,49,9,3.8,2025-05-27,,,evaluacion_id inexistente (49)
1266,50,9,4.4,2025-06-14,,,evaluacion_id inexistente (50)
1347,131,9,4.5,2025-10-02,,,evaluacion_id inexistente (131)
1348,132,9,4.2,2025-10-18,,,evaluacion_id inexistente (132)
1349,133,9,3.2,2025-10-30,,,evaluacion_id inexistente (133)
1350,134,9,3.8,2025-11-06,,,evaluacion_id inexistente (134)
1415,47,10,2.8,2025-05-06,,,evaluacion_id inexistente (47)
1416,48,10,1.9,2025-05-21,,,evaluacion_id inexistente (48)
1417,49,10,3.1,2025-06-03,,,evaluacion_id inexistente (49)
1418,50,10,3.4,2025-06-12,,,evaluacion_id inexistente (50)
1499,131,10,3,2025-10-04,,,evaluacion_id inexistente (131)
1500,132,10,2.8,2025-10-20,,,evaluacion_id inexistente (132)
1501,133,10,3.5,2025-10-25,,,evaluacion_id inexistente (133)
1502,134,10,3.9,2025-11-03,,,evaluacion_id inexistente (134)
1567,47,11,2.9,2025-05-03,,,evaluacion_id inexistente (47)
1568,48,11,3.2,2025-05-16,,,evaluacion_id inexistente (48)
1569,49,11,3,2025-05-31,,,evaluacion_id inexistente (49)
1570,50,11,2.1,2025-06-09,,,evaluacion_id inexistente (50)
1651,131,11,4.5,2025-10-05,,,evaluacion_id inexistente (131)
1652,132,11,4,2025-10-18,,,evaluacion_id inexistente (132)
1653,133,11,4,2025-10-24,,,evaluacion_id inexistente (133)
1654,134,11,4.4,2025-11-10,,,evaluacion_id inexistente (134)
1719,47,12,2.6,2025-05-07,,,evaluacion_id inexistente (47)
1720,48,12,2.5,2025-05-22,,,evaluacion_id inexistente (48)
1721,49,12,2.6,2025-05-28,,,evaluacion_id inexistente (49)
1722,50,12,2.2,2025-06-10,,,evaluacion_id inexistente (50)
1803,131,12,3.1,2025-10-07,,,evaluacion_id inexistente (131)
1804,132,12,2.7,2025-10-14,,,evaluacion_id inexistente (132)
1805,133,12,2.3,2025-10-25,,,evaluacion_id inexistente (133)
1806,134,12,2.5,2025-11-05,,,evaluacion_id inexistente (134)
1871,47,13,4.1,2025-05-07,,,evaluacion_id inexistente (47)
1872,48,13,2.5,2025-05-20,,,evaluacion_id inexistente (48)
1873,49,13,2.2,2025-05-28,,,evaluacion_id inexistente (49)
1874,50,13,2.4,2025-06-09,,,evaluacion_id inexistente (50)
1955,131,13,3.6,2025-10-02,,,evaluacion_id inexistente (131)
1956,132,13,3.8,2025-10-18,,,evaluacion_id inexistente (132)
1957,133,13,3.1,2025-10-29,,,evaluacion_id inexistente (133)
1958,134,13,3.7,2025-11-09,,,evaluacion_id inexistente (134)
2023,47,14,4.8,2025-05-05,,,evaluacion_id inexistente (47)
2024,48,14,4.3,2025-05-18,,,evaluacion_id inexistente (48)
2025,49,14,4.2,2025-06-03,,,evaluacion_id inexistente (49)
2026,50,14,3.9,2025-06-15,,,evaluacion_id inexistente (50)
2107,131,14,4,2025-10-08,,,evaluacion_id inexistente (131)
2108,132,14,3.7,2025-10-19,,,evaluacion_id inexistente (132)
2109,133,14,3.8,2025-10-28,,,evaluacion_id inexistente (133)
2110,134,14,3.9,2025-11-03,,,evaluacion_id inexistente (134)
2175,47,15,2.7,2025-05-05,,,evaluacion_id inexistente (47)
2176,48,15,3.1,2025-05-19,,,evaluacion_id inexistente (48)
2177,49,15,3.4,2025-06-03,,,evaluacion_id inexistente (49)
2178,50,15,3.1,2025-06-10,,,evaluacion_id inexistente (50)
2259,131,15,3.1,2025-10-02,,,evaluacion_id inexistente (131)
2260,132,15,2.8,2025-10-15,,,evaluacion_id inexistente (132)
2261,133,15,2,2025-10-30,,,evaluacion_id inexistente (133)
2262,134,15,2.6,2025-11-03,,,evaluacion_id inexistente (134)
2292,12,16,6,2025-04-03,,,nota fuera de rango (6.0)
2327,47,16,4.3,2025-05-10,,,evaluacion_id inexistente (47)
2328,48,16,3.2,2025-05-22,,,evaluacion_id inexistente (48)
2329,49,16,3.3,2025-05-30,,,evaluacion_id inexistente (49)
2330,50,16,4.2,2025-06-12,,,evaluacion_id inexistente (50)
2411,131,16,3.6,2025-10-06,,,evaluacion_id inexistente (131)
2412,132,16,3.5,2025-10-19,,,evaluacion_id inexistente (132)
2413,133,16,3.1,2025-10-24,,,evaluacion_id inexistente (133)
2414,134,16,3.5,2025-11-08,,,evaluacion_id inexistente (134)
2479,47,17,5,2025-05-10,,,evaluacion_id inexistente (47)
2480,48,17,5,2025-05-15,,,evaluacion_id inexistente (48)
2481,49,17,5,2025-05-31,,,evaluacion_id inexistente (49)
2482,50,17,5,2025-06-14,,,evaluacion_id inexistente (50)
2563,131,17,5,2025-10-03,,,evaluacion_id inexistente (131)
2564,132,17,4.8,2025-10-16,,,evaluacion_id inexistente (132)
2565,133,17,5,2025-10-30,,,evaluacion_id inexistente (133)
2566,134,17,5,2025-11-03,,,evaluacion_id inexistente (134)
2631,47,18,1.9,2025-05-08,,,evaluacion_id inexistente (47)
2632,48,18,2.2,2025-05-19,,,evaluacion_id inexistente (48)
2633,49,18,2,2025-05-29,,,evaluacion_id inexistente (49)
2634,50,18,1.9,2025-06-10,,,evaluacion_id inexistente (50)
2715,131,18,2.8,2025-10-06,,,evaluacion_id inexistente (131)
2716,132,18,2.6,2025-10-16,,,evaluacion_id inexistente (132)
2717,133,18,2.6,2025-10-28,,,evaluacion_id inexistente (133)
2718,134,18,2.2,2025-11-05,,,evaluacion_id inexistente (134)
2783,47,19,2.8,2025-05-05,,,evaluacion_id inexistente (47)
2784,48,19,2.5,2025-05-18,,,evaluacion_id inexistente (48)
2785,49,19,3.1,2025-05-29,,,evaluacion_id inexistente (49)
2786,50,19,3.2,2025-06-08,,,evaluacion_id inexistente (50)
2867,131,19,2.2,2025-10-07,,,evaluacion_id inexistente (131)
2868,132,19,3,2025-10-20,,,evaluacion_id inexistente (132)
2869,133,19,2.1,2025-10-25,,,evaluacion_id inexistente (133)
2870,134,19,2.3,2025-11-04,,,evaluacion_id inexistente (134)
2935,47,20,3.8,2025-05-06,,,evaluacion_id inexistente (47)
2936,48,20,4.2,2025-05-17,,,evaluacion_id inexistente (48)
2937,49,20,4.4,2025-05-30,,,evaluacion_id inexistente (49)
2938,50,20,4.4,2025-06-08,,,evaluacion_id inexistente (50)
13206,134,87,5,2025-11-06,,,evaluacion_id inexistente (134)
3019,131,20,4,2025-10-04,,,evaluacion_id inexistente (131)
3020,132,20,3.2,2025-10-16,,,evaluacion_id inexistente (132)
3021,133,20,3.2,2025-10-23,,,evaluacion_id inexistente (133)
3022,134,20,3.6,2025-11-06,,,evaluacion_id inexistente (134)
3087,47,21,2.6,2025-05-09,,,evaluacion_id inexistente (47)
3088,48,21,2.8,2025-05-16,,,evaluacion_id inexistente (48)
3089,49,21,2.9,2025-05-27,,,evaluacion_id inexistente (49)
3090,50,21,2.7,2025-06-12,,,evaluacion_id inexistente (50)
3171,131,21,3.1,2025-10-02,,,evaluacion_id inexistente (131)
3172,132,21,3.3,2025-10-17,,,evaluacion_id inexistente (132)
3173,133,21,2.7,2025-10-27,,,evaluacion_id inexistente (133)
3174,134,21,3.2,2025-11-08,,,evaluacion_id inexistente (134)
3196,4,22,,2025-04-04,,,nota nula
3239,47,22,3.7,2025-05-06,,,evaluacion_id inexistente (47)
3240,48,22,4.6,2025-05-15,,,evaluacion_id inexistente (48)
3241,49,22,4.1,2025-05-28,,,evaluacion_id inexistente (49)
3242,50,22,4.3,2025-06-08,,,evaluacion_id inexistente (50)
3243,51,22,,2025-05-09,,,nota nula
3323,131,22,3.6,2025-10-04,,,evaluacion_id inexistente (131)
3324,132,22,3.7,2025-10-16,,,evaluacion_id inexistente (132)
3325,133,22,3.9,2025-10-23,,,evaluacion_id inexistente (133)
3326,134,22,3.8,2025-11-09,,,evaluacion_id inexistente (134)
3391,47,23,3.3,2025-05-10,,,evaluacion_id inexistente (47)
3392,48,23,4,2025-05-21,,,evaluacion_id inexistente (48)
3393,49,23,2.8,2025-05-29,,,evaluacion_id inexistente (49)
3394,50,23,3.7,2025-06-12,,,evaluacion_id inexistente (50)
3475,131,23,3,2025-10-07,,,evaluacion_id inexistente (131)
3476,132,23,2.9,2025-10-20,,,evaluacion_id inexistente (132)
3477,133,23,3.2,2025-10-24,,,evaluacion_id inexistente (133)
3478,134,23,3.2,2025-11-07,,,evaluacion_id inexistente (134)
3543,47,24,4.2,2025-05-04,,,evaluacion_id inexistente (47)
3544,48,24,4.6,2025-05-15,,,evaluacion_id inexistente (48)
3545,49,24,4.5,2025-05-28,,,evaluacion_id inexistente (49)
3546,50,24,4.2,2025-06-15,,,evaluacion_id inexistente (50)
3627,131,24,3,2025-10-09,,,evaluacion_id inexistente (131)
3628,132,24,3.7,2025-10-14,,,evaluacion_id inexistente (132)
3629,133,24,3.3,2025-10-30,,,evaluacion_id inexistente (133)
3630,134,24,3,2025-11-09,,,evaluacion_id inexistente (134)
3649,1,25,50,2025-02-16,,,nota fuera de rango (50.0)
3695,47,25,4.1,2025-05-10,,,evaluacion_id inexistente (47)
3696,48,25,4.6,2025-05-15,,,evaluacion_id inexistente (48)
3697,49,25,4.5,2025-05-27,,,evaluacion_id inexistente (49)
3698,50,25,4.2,2025-06-13,,,evaluacion_id inexistente (50)
3779,131,25,4.8,2025-10-04,,,evaluacion_id inexistente (131)
3780,132,25,4.1,2025-10-18,,,evaluacion_id inexistente (132)
3781,133,25,4.7,2025-10-29,,,evaluacion_id inexistente (133)
3782,134,25,4.9,2025-11-07,,,evaluacion_id inexistente (134)
3847,47,26,4.9,2025-05-08,,,evaluacion_id inexistente (47)
3848,48,26,4.7,2025-05-18,,,evaluacion_id inexistente (48)
3849,49,26,5,2025-05-29,,,evaluacion_id inexistente (49)
3850,50,26,5,2025-06-12,,,evaluacion_id inexistente (50)
3931,131,26,4.4,2025-10-08,,,evaluacion_id inexistente (131)
3932,132,26,3.6,2025-10-18,,,evaluacion_id inexistente (132)
3933,133,26,3.9,2025-10-30,,,evaluacion_id inexistente (133)
3934,134,26,3.6,2025-11-04,,,evaluacion_id inexistente (134)
3999,47,27,2.4,2025-05-04,,,evaluacion_id inexistente (47)
4000,48,27,3,2025-05-17,,,evaluacion_id inexistente (48)
4001,49,27,2.6,2025-06-02,,,evaluacion_id inexistente (49)
4002,50,27,2.3,2025-06-08,,,evaluacion_id inexistente (50)
4083,131,27,1.4,2025-10-09,,,evaluacion_id inexistente (131)
4084,132,27,1.1,2025-10-17,,,evaluacion_id inexistente (132)
4085,133,27,2,2025-10-23,,,evaluacion_id inexistente (133)
4086,134,27,1.9,2025-11-09,,,evaluacion_id inexistente (134)
4151,47,28,2.8,2025-05-05,,,evaluacion_id inexistente (47)
4152,48,28,2.7,2025-05-15,,,evaluacion_id inexistente (48)
4153,49,28,4.2,2025-06-02,,,evaluacion_id inexistente (49)
4154,50,28,2.7,2025-06-09,,,evaluacion_id inexistente (50)
4235,131,28,3.9,2025-10-07,,,evaluacion_id inexistente (131)
4236,132,28,3.4,2025-10-20,,,evaluacion_id inexistente (132)
4237,133,28,2.5,2025-10-26,,,evaluacion_id inexistente (133)
4238,134,28,3.2,2025-11-05,,,evaluacion_id inexistente (134)
4303,47,29,3.6,2025-05-06,,,evaluacion_id inexistente (47)
4304,48,29,3.9,2025-05-22,,,evaluacion_id inexistente (48)
4305,49,29,4,2025-05-28,,,evaluacion_id inexistente (49)
4306,50,29,3.6,2025-06-08,,,evaluacion_id inexistente (50)
4323,67,993,3.6,2025-06-01,,,estudiante_id inexistente (993)
4387,131,29,3.6,2025-10-06,,,evaluacion_id inexistente (131)
4388,132,29,3.6,2025-10-17,,,evaluacion_id inexistente (132)
4389,133,29,3.3,2025-10-25,,,evaluacion_id inexistente (133)
4390,134,29,3.5,2025-11-04,,,evaluacion_id inexistente (134)
4455,47,30,3.5,2025-05-08,,,evaluacion_id inexistente (47)
4456,48,30,3.7,2025-05-17,,,evaluacion_id inexistente (48)
4457,49,30,3.2,2025-05-29,,,evaluacion_id inexistente (49)
4458,50,30,4.3,2025-06-13,,,evaluacion_id inexistente (50)
4539,131,30,4.3,2025-10-05,,,evaluacion_id inexistente (131)
4540,132,30,ND,2025-10-13,,,nota no numérica ('ND')
4541,133,30,3.4,2025-10-29,,,evaluacion_id inexistente (133)
4542,134,30,3,2025-11-04,,,evaluacion_id inexistente (134)
4607,47,31,2.6,2025-05-07,,,evaluacion_id inexistente (47)
4608,48,31,3.3,2025-05-20,,,evaluacion_id inexistente (48)
4609,49,31,3.1,2025-05-30,,,evaluacion_id inexistente (49)
4610,50,31,2.8,2025-06-15,,,evaluacion_id inexistente (50)
4691,131,31,2.9,2025-10-02,,,evaluacion_id inexistente (131)
4692,132,31,2.5,2025-10-19,,,evaluacion_id inexistente (132)
4693,133,31,2,2025-10-24,,,evaluacion_id inexistente (133)
4694,134,31,2.4,2025-11-04,,,evaluacion_id inexistente (134)
4759,47,32,3.2,2025-05-04,,,evaluacion_id inexistente (47)
4760,48,32,2.7,2025-05-21,,,evaluacion_id inexistente (48)
4761,49,32,3.1,2025-06-03,,,evaluacion_id inexistente (49)
4762,50,32,2.8,2025-06-11,,,evaluacion_id inexistente (50)
4843,131,32,3.2,2025-10-02,,,evaluacion_id inexistente (131)
4844,132,32,2.9,2025-10-19,,,evaluacion_id inexistente (132)
4845,133,32,2.9,2025-10-27,,,evaluacion_id inexistente (133)
4846,134,32,2.6,2025-11-04,,,evaluacion_id inexistente (134)
4911,47,33,3.3,2025-05-03,,,evaluacion_id inexistente (47)
4912,48,33,3.3,2025-05-15,,,evaluacion_id inexistente (48)
4913,49,33,3.5,2025-05-30,,,evaluacion_id inexistente (49)
4914,50,33,3.4,2025-06-08,,,evaluacion_id inexistente (50)
4942,78,996,4,2025-08-07,,,estudiante_id inexistente (996)
4995,131,33,3.7,2025-10-04,,,evaluacion_id inexistente (131)
4996,132,33,4,2025-10-19,,,evaluacion_id inexistente (132)
4997,133,33,3.4,2025-10-25,,,evaluacion_id inexistente (133)
4998,134,33,4.6,2025-11-03,,,evaluacion_id inexistente (134)
5063,47,34,3.2,2025-05-10,,,evaluacion_id inexistente (47)
5064,48,34,3.3,2025-05-20,,,evaluacion_id inexistente (48)
5065,49,34,4.1,2025-06-01,,,evaluacion_id inexistente (49)
5066,50,34,4.1,2025-06-08,,,evaluacion_id inexistente (50)
5147,131,34,3.9,2025-10-06,,,evaluacion_id inexistente (131)
5148,132,34,3.3,2025-10-20,,,evaluacion_id inexistente (132)
5149,133,34,3.6,2025-10-24,,,evaluacion_id inexistente (133)
5150,134,34,4.6,2025-11-04,,,evaluacion_id inexistente (134)
5215,47,35,2.7,2025-05-08,,,evaluacion_id inexistente (47)
5216,48,35,3.4,2025-05-21,,,evaluacion_id inexistente (48)
5217,49,35,3.6,2025-06-02,,,evaluacion_id inexistente (49)
5218,50,35,3.3,2025-06-12,,,evaluacion_id inexistente (50)
5245,77,35,,2025-07-29,,,nota nula
5299,131,35,4.3,2025-10-04,,,evaluacion_id inexistente (131)
5300,132,35,3.9,2025-10-19,,,evaluacion_id inexistente (132)
5301,133,35,3.8,2025-10-29,,,evaluacion_id inexistente (133)
5302,134,35,4.9,2025-11-09,,,evaluacion_id inexistente (134)
5367,47,36,4.8,2025-05-07,,,evaluacion_id inexistente (47)
5368,48,36,5,2025-05-20,,,evaluacion_id inexistente (48)
5369,49,36,4.9,2025-06-03,,,evaluacion_id inexistente (49)
5370,50,36,4.3,2025-06-09,,,evaluacion_id inexistente (50)
5451,131,36,5,2025-10-07,,,evaluacion_id inexistente (131)
5452,132,36,4.6,2025-10-16,,,evaluacion_id inexistente (132)
5453,133,36,4.7,2025-10-30,,,evaluacion_id inexistente (133)
5454,134,36,4.9,2025-11-03,,,evaluacion_id inexistente (134)
5519,47,37,2.9,2025-05-07,,,evaluacion_id inexistente (47)
5520,48,37,4.5,2025-05-22,,,evaluacion_id inexistente (48)
5521,49,37,3.8,2025-05-30,,,evaluacion_id inexistente (49)
5522,50,37,3.7,2025-06-11,,,evaluacion_id inexistente (50)
5603,131,37,4.3,2025-10-03,,,evaluacion_id inexistente (131)
5604,132,37,3.3,2025-10-13,,,evaluacion_id inexistente (132)
5605,133,37,3.5,2025-10-27,,,evaluacion_id inexistente (133)
5606,134,37,3.2,2025-11-06,,,evaluacion_id inexistente (134)
5671,47,38,2.9,2025-05-03,,,evaluacion_id inexistente (47)
5672,48,38,3.5,2025-05-15,,,evaluacion_id inexistente (48)
5673,49,38,1.8,2025-05-29,,,evaluacion_id inexistente (49)
5674,50,38,3.4,2025-06-15,,,evaluacion_id inexistente (50)
5755,131,38,4,2025-10-05,,,evaluacion_id inexistente (131)
5756,132,38,2.8,2025-10-14,,,evaluacion_id inexistente (132)
5757,133,38,2.5,2025-10-29,,,evaluacion_id inexistente (133)
5758,134,38,3.6,2025-11-05,,,evaluacion_id inexistente (134)
5823,47,39,4,2025-05-05,,,evaluacion_id inexistente (47)
5824,48,39,3.9,2025-05-21,,,evaluacion_id inexistente (48)
5825,49,39,4.1,2025-05-30,,,evaluacion_id inexistente (49)
5826,50,39,4.3,2025-06-08,,,evaluacion_id inexistente (50)
5907,131,39,3.7,2025-10-04,,,evaluacion_id inexistente (131)
5908,132,39,3.8,2025-10-20,,,evaluacion_id inexistente (132)
5909,133,39,3.9,2025-10-24,,,evaluacion_id inexistente (133)
5910,134,39,3.8,2025-11-09,,,evaluacion_id inexistente (134)
5975,47,40,1.4,2025-05-05,,,evaluacion_id inexistente (47)
5976,48,40,1.4,2025-05-22,,,evaluacion_id inexistente (48)
5977,49,40,1.8,2025-05-28,,,evaluacion_id inexistente (49)
5978,50,40,1.7,2025-06-08,,,evaluacion_id inexistente (50)
6059,131,40,1.9,2025-10-02,,,evaluacion_id inexistente (131)
6060,132,40,0.8,2025-10-15,,,evaluacion_id inexistente (132)
6061,133,40,1.9,2025-10-25,,,evaluacion_id inexistente (133)
6062,134,40,1.6,2025-11-05,,,evaluacion_id inexistente (134)
6073,145,997,1.9,2025-10-08,,,estudiante_id inexistente (997)
6127,47,41,1.8,2025-05-10,,,evaluacion_id inexistente (47)
6128,48,41,2,2025-05-18,,,evaluacion_id inexistente (48)
6129,49,41,2.9,2025-05-29,,,evaluacion_id inexistente (49)
6130,50,41,1.1,2025-06-14,,,evaluacion_id inexistente (50)
6211,131,41,1.4,2025-10-08,,,evaluacion_id inexistente (131)
6212,132,41,1.8,2025-10-19,,,evaluacion_id inexistente (132)
6213,133,41,1.4,2025-10-28,,,evaluacion_id inexistente (133)
6214,134,41,1,2025-11-08,,,evaluacion_id inexistente (134)
6279,47,42,1.4,2025-05-06,,,evaluacion_id inexistente (47)
6280,48,42,1.5,2025-05-20,,,evaluacion_id inexistente (48)
6281,49,42,1.4,2025-06-02,,,evaluacion_id inexistente (49)
6282,50,42,2.1,2025-06-10,,,evaluacion_id inexistente (50)
6363,131,42,0.5,2025-10-06,,,evaluacion_id inexistente (131)
6364,132,42,1.3,2025-10-13,,,evaluacion_id inexistente (132)
6365,133,42,1,2025-10-27,,,evaluacion_id inexistente (133)
6366,134,42,0.5,2025-11-04,,,evaluacion_id inexistente (134)
6431,47,43,2.7,2025-05-03,,,evaluacion_id inexistente (47)
6432,48,43,2.3,2025-05-21,,,evaluacion_id inexistente (48)
6433,49,43,2.1,2025-05-29,,,evaluacion_id inexistente (49)
6434,50,43,2.3,2025-06-15,,,evaluacion_id inexistente (50)
6515,131,43,2.9,2025-10-05,,,evaluacion_id inexistente (131)
6516,132,43,2.8,2025-10-14,,,evaluacion_id inexistente (132)
6517,133,43,2.3,2025-10-26,,,evaluacion_id inexistente (133)
6518,134,43,2.5,2025-11-10,,,evaluacion_id inexistente (134)
6583,47,44,2.6,2025-05-07,,,evaluacion_id inexistente (47)
6584,48,44,2.6,2025-05-17,,,evaluacion_id inexistente (48)
6585,49,44,4.4,2025-06-02,,,evaluacion_id inexistente (49)
6586,50,44,2.5,2025-06-13,,,evaluacion_id inexistente (50)
6667,131,44,2.7,2025-10-06,,,evaluacion_id inexistente (131)
6668,132,44,3.4,2025-10-19,,,evaluacion_id inexistente (132)
6669,133,44,3.5,2025-10-25,,,evaluacion_id inexistente (133)
6670,134,44,3.9,2025-11-10,,,evaluacion_id inexistente (134)
6735,47,45,2.4,2025-05-03,,,evaluacion_id inexistente (47)
6736,48,45,2.3,2025-05-17,,,evaluacion_id inexistente (48)
6737,49,45,2.3,2025-05-29,,,evaluacion_id inexistente (49)
6738,50,45,2.3,2025-06-10,,,evaluacion_id inexistente (50)
6819,131,45,3.3,2025-10-07,,,evaluacion_id inexistente (131)
6820,132,45,2.9,2025-10-16,,,evaluacion_id inexistente (132)
6821,133,45,3.7,2025-10-23,,,evaluacion_id inexistente (133)
6822,134,45,3.5,2025-11-04,,,evaluacion_id inexistente (134)
6887,47,46,3.9,2025-05-04,,,evaluacion_id inexistente (47)
6888,48,46,3.5,2025-05-22,,,evaluacion_id inexistente (48)
6889,49,46,4.7,2025-05-29,,,evaluacion_id inexistente (49)
6890,50,46,4.5,2025-06-10,,,evaluacion_id inexistente (50)
6971,131,46,3.6,2025-10-08,,,evaluacion_id inexistente (131)
6972,132,46,4.3,2025-10-20,,,evaluacion_id inexistente (132)
6973,133,46,4.6,2025-10-23,,,evaluacion_id inexistente (133)
6974,134,46,4.1,2025-11-04,,,evaluacion_id inexistente (134)
7039,47,47,3.8,2025-05-03,,,evaluacion_id inexistente (47)
7040,48,47,3.4,2025-05-21,,,evaluacion_id inexistente (48)
7041,49,47,4.7,2025-06-02,,,evaluacion_id inexistente (49)
7042,50,47,4.1,2025-06-09,,,evaluacion_id inexistente (50)
7123,131,47,4.2,2025-10-09,,,evaluacion_id inexistente (131)
7124,132,47,4.6,2025-10-17,,,evaluacion_id inexistente (132)
7125,133,47,4.8,2025-10-30,,,evaluacion_id inexistente (133)
7126,134,47,4.7,2025-11-05,,,evaluacion_id inexistente (134)
7191,47,48,3.7,2025-05-05,,,evaluacion_id inexistente (47)
7192,48,48,3.4,2025-05-16,,,evaluacion_id inexistente (48)
7193,49,48,3.4,2025-06-02,,,evaluacion_id inexistente (49)
7194,50,48,4.2,2025-06-11,,,evaluacion_id inexistente (50)
7275,131,48,4.8,2025-10-08,,,evaluacion_id inexistente (131)
7276,132,48,5,2025-10-18,,,evaluacion_id inexistente (132)
7277,133,48,5,2025-10-24,,,evaluacion_id inexistente (133)
7278,134,48,4.8,2025-11-06,,,evaluacion_id inexistente (134)
7343,47,49,3.9,2025-05-10,,,evaluacion_id inexistente (47)
7344,48,49,4.4,2025-05-15,,,evaluacion_id inexistente (48)
7345,49,49,4.4,2025-05-31,,,evaluacion_id inexistente (49)
7346,50,49,3.3,2025-06-11,,,evaluacion_id inexistente (50)
7371,75,49,,2025-06-02,,,nota nula
7427,131,49,2.1,2025-10-05,,,evaluacion_id inexistente (131)
7428,132,49,3.9,2025-10-18,,,evaluacion_id inexistente (132)
7429,133,49,2.8,2025-10-29,,,evaluacion_id inexistente (133)
7430,134,49,2.6,2025-11-09,,,evaluacion_id inexistente (134)
7495,47,50,4.7,2025-05-08,,,evaluacion_id inexistente (47)
7496,48,50,4.9,2025-05-21,,,evaluacion_id inexistente (48)
7497,49,50,4.7,2025-06-03,,,evaluacion_id inexistente (49)
7498,50,50,4.1,2025-06-09,,,evaluacion_id inexistente (50)
7579,131,50,4.1,2025-10-02,,,evaluacion_id inexistente (131)
7580,132,50,4.5,2025-10-17,,,evaluacion_id inexistente (132)
7581,133,50,4.1,2025-10-23,,,evaluacion_id inexistente (133)
7582,134,50,4.3,2025-11-09,,,evaluacion_id inexistente (134)
7647,47,51,4.2,2025-05-04,,,evaluacion_id inexistente (47)
7648,48,51,3.2,2025-05-17,,,evaluacion_id inexistente (48)
7649,49,51,3.8,2025-05-28,,,evaluacion_id inexistente (49)
7650,50,51,4.3,2025-06-08,,,evaluacion_id inexistente (50)
7663,63,51,3.6,2027-03-15,,,fecha futura (2027-03-15)
7731,131,51,3.3,2025-10-06,,,evaluacion_id inexistente (131)
7732,132,51,4.3,2025-10-14,,,evaluacion_id inexistente (132)
7733,133,51,3.9,2025-10-28,,,evaluacion_id inexistente (133)
7734,134,51,4.3,2025-11-06,,,evaluacion_id inexistente (134)
7799,47,52,3.8,2025-05-05,,,evaluacion_id inexistente (47)
7800,48,52,4.3,2025-05-20,,,evaluacion_id inexistente (48)
7801,49,52,3.2,2025-06-03,,,evaluacion_id inexistente (49)
7802,50,52,3.9,2025-06-11,,,evaluacion_id inexistente (50)
7883,131,52,2.9,2025-10-02,,,evaluacion_id inexistente (131)
7884,132,52,2.8,2025-10-14,,,evaluacion_id inexistente (132)
7885,133,52,2.9,2025-10-24,,,evaluacion_id inexistente (133)
7886,134,52,3.8,2025-11-06,,,evaluacion_id inexistente (134)
7951,47,53,4.1,2025-05-03,,,evaluacion_id inexistente (47)
7952,48,53,4.7,2025-05-20,,,evaluacion_id inexistente (48)
7953,49,53,4.1,2025-05-31,,,evaluacion_id inexistente (49)
7954,50,53,4.4,2025-06-10,,,evaluacion_id inexistente (50)
8035,131,53,5,2025-10-04,,,evaluacion_id inexistente (131)
8036,132,53,5,2025-10-20,,,evaluacion_id inexistente (132)
8037,133,53,4.7,2025-10-29,,,evaluacion_id inexistente (133)
8038,134,53,3.8,2025-11-08,,,evaluacion_id inexistente (134)
8103,47,54,1.5,2025-05-03,,,evaluacion_id inexistente (47)
8104,48,54,2.2,2025-05-16,,,evaluacion_id inexistente (48)
8105,49,54,2.7,2025-05-27,,,evaluacion_id inexistente (49)
8106,50,54,2.9,2025-06-08,,,evaluacion_id inexistente (50)
8187,131,54,2.4,2025-10-05,,,evaluacion_id inexistente (131)
8188,132,54,2.3,2025-10-16,,,evaluacion_id inexistente (132)
8189,133,54,2.6,2025-10-24,,,evaluacion_id inexistente (133)
8190,134,54,2.6,2025-11-06,,,evaluacion_id inexistente (134)
8255,47,55,2.2,2025-05-06,,,evaluacion_id inexistente (47)
8256,48,55,2,2025-05-18,,,evaluacion_id inexistente (48)
8257,49,55,2.5,2025-06-02,,,evaluacion_id inexistente (49)
8258,50,55,2.6,2025-06-13,,,evaluacion_id inexistente (50)
8339,131,55,3.2,2025-10-07,,,evaluacion_id inexistente (131)
8340,132,55,2.7,2025-10-14,,,evaluacion_id inexistente (132)
8341,133,55,3.2,2025-10-23,,,evaluacion_id inexistente (133)
8342,134,55,3.4,2025-11-10,,,evaluacion_id inexistente (134)
8407,47,56,3.4,2025-05-07,,,evaluacion_id inexistente (47)
8408,48,56,3.3,2025-05-20,,,evaluacion_id inexistente (48)
8409,49,56,3.5,2025-06-02,,,evaluacion_id inexistente (49)
8410,50,56,3.9,2025-06-15,,,evaluacion_id inexistente (50)
8491,131,56,4.2,2025-10-07,,,evaluacion_id inexistente (131)
8492,132,56,4.2,2025-10-15,,,evaluacion_id inexistente (132)
8493,133,56,3.7,2025-10-28,,,evaluacion_id inexistente (133)
8494,134,56,3.4,2025-11-06,,,evaluacion_id inexistente (134)
8559,47,57,5,2025-05-04,,,evaluacion_id inexistente (47)
8560,48,57,4.9,2025-05-22,,,evaluacion_id inexistente (48)
8561,49,57,4.7,2025-05-31,,,evaluacion_id inexistente (49)
8562,50,57,4.4,2025-06-10,,,evaluacion_id inexistente (50)
8643,131,57,3.5,2025-10-09,,,evaluacion_id inexistente (131)
8644,132,57,3.8,2025-10-13,,,evaluacion_id inexistente (132)
8645,133,57,3.5,2025-10-23,,,evaluacion_id inexistente (133)
8646,134,57,3.3,2025-11-08,,,evaluacion_id inexistente (134)
8682,18,991,4.3,2025-03-01,,,estudiante_id inexistente (991)
8711,47,58,4.5,2025-05-09,,,evaluacion_id inexistente (47)
8712,48,58,5,2025-05-17,,,evaluacion_id inexistente (48)
8713,49,58,4.5,2025-06-02,,,evaluacion_id inexistente (49)
8714,50,58,4.5,2025-06-08,,,evaluacion_id inexistente (50)
8795,131,58,4,2025-10-05,,,evaluacion_id inexistente (131)
8796,132,58,4.6,2025-10-19,,,evaluacion_id inexistente (132)
8797,133,58,4.6,2025-10-25,,,evaluacion_id inexistente (133)
8798,134,58,4.6,2025-11-05,,,evaluacion_id inexistente (134)
8863,47,59,5,2025-05-10,,,evaluacion_id inexistente (47)
8864,48,59,5,2025-05-19,,,evaluacion_id inexistente (48)
8865,49,59,4.8,2025-05-31,,,evaluacion_id inexistente (49)
8866,50,59,5,2025-06-10,,,evaluacion_id inexistente (50)
8947,131,59,4.2,2025-10-06,,,evaluacion_id inexistente (131)
8948,132,59,3.9,2025-10-16,,,evaluacion_id inexistente (132)
8949,133,59,4.8,2025-10-24,,,evaluacion_id inexistente (133)
8950,134,59,4.8,2025-11-07,,,evaluacion_id inexistente (134)
9015,47,60,3.6,2025-05-09,,,evaluacion_id inexistente (47)
9016,48,60,3.8,2025-05-16,,,evaluacion_id inexistente (48)
9017,49,60,3.9,2025-06-02,,,evaluacion_id inexistente (49)
9018,50,60,4.2,2025-06-08,,,evaluacion_id inexistente (50)
9099,131,60,4.6,2025-10-04,,,evaluacion_id inexistente (131)
9100,132,60,4.9,2025-10-19,,,evaluacion_id inexistente (132)
9101,133,60,4.7,2025-10-25,,,evaluacion_id inexistente (133)
9102,134,60,5,2025-11-10,,,evaluacion_id inexistente (134)
9167,47,61,3.6,2025-05-05,,,evaluacion_id inexistente (47)
9168,48,61,3.6,2025-05-17,,,evaluacion_id inexistente (48)
9169,49,61,4.6,2025-06-02,,,evaluacion_id inexistente (49)
9170,50,61,4.9,2025-06-10,,,evaluacion_id inexistente (50)
9251,131,61,3.7,2025-10-02,,,evaluacion_id inexistente (131)
9252,132,61,4.2,2025-10-17,,,evaluacion_id inexistente (132)
9253,133,61,3.6,2025-10-25,,,evaluacion_id inexistente (133)
9254,134,61,3.6,2025-11-06,,,evaluacion_id inexistente (134)
9319,47,62,3.3,2025-05-07,,,evaluacion_id inexistente (47)
9320,48,62,4.6,2025-05-20,,,evaluacion_id inexistente (48)
9321,49,62,3.2,2025-05-28,,,evaluacion_id inexistente (49)
9322,50,62,4.3,2025-06-10,,,evaluacion_id inexistente (50)
9403,131,62,3.7,2025-10-08,,,evaluacion_id inexistente (131)
9404,132,62,4.4,2025-10-18,,,evaluacion_id inexistente (132)
9405,133,62,4.5,2025-10-29,,,evaluacion_id inexistente (133)
9406,134,62,4.3,2025-11-04,,,evaluacion_id inexistente (134)
9463,39,63,,2025-05-10,,,nota nula
9471,47,63,3.7,2025-05-07,,,evaluacion_id inexistente (47)
9472,48,63,3.4,2025-05-18,,,evaluacion_id inexistente (48)
9473,49,63,3.9,2025-06-03,,,evaluacion_id inexistente (49)
9474,50,63,3.3,2025-06-14,,,evaluacion_id inexistente (50)
9555,131,63,3.6,2025-10-03,,,evaluacion_id inexistente (131)
9556,132,63,3.6,2025-10-16,,,evaluacion_id inexistente (132)
9557,133,63,3.5,2025-10-23,,,evaluacion_id inexistente (133)
9558,134,63,3.6,2025-11-10,,,evaluacion_id inexistente (134)
9623,47,64,4.7,2025-05-07,,,evaluacion_id inexistente (47)
9624,48,64,3.8,2025-05-16,,,evaluacion_id inexistente (48)
9625,49,64,3.6,2025-06-03,,,evaluacion_id inexistente (49)
9626,50,64,3.4,2025-06-10,,,evaluacion_id inexistente (50)
9707,131,64,3,2025-10-08,,,evaluacion_id inexistente (131)
9708,132,64,2.8,2025-10-19,,,evaluacion_id inexistente (132)
9709,133,64,3.6,2025-10-28,,,evaluacion_id inexistente (133)
9710,134,64,3.2,2025-11-06,,,evaluacion_id inexistente (134)
9775,47,65,2.1,2025-05-10,,,evaluacion_id inexistente (47)
9776,48,65,2.2,2025-05-21,,,evaluacion_id inexistente (48)
9777,49,65,3.2,2025-06-02,,,evaluacion_id inexistente (49)
9778,50,65,2.8,2025-06-08,,,evaluacion_id inexistente (50)
9859,131,65,4,2025-10-09,,,evaluacion_id inexistente (131)
9860,132,65,3,2025-10-13,,,evaluacion_id inexistente (132)
9861,133,65,2.7,2025-10-27,,,evaluacion_id inexistente (133)
9862,134,65,4.1,2025-11-08,,,evaluacion_id inexistente (134)
9927,47,66,3.7,2025-05-04,,,evaluacion_id inexistente (47)
9928,48,66,3.6,2025-05-22,,,evaluacion_id inexistente (48)
9929,49,66,4.1,2025-05-28,,,evaluacion_id inexistente (49)
9930,50,66,4,2025-06-13,,,evaluacion_id inexistente (50)
10011,131,66,3.5,2025-10-03,,,evaluacion_id inexistente (131)
10012,132,66,2.9,2025-10-20,,,evaluacion_id inexistente (132)
10013,133,66,3.2,2025-10-23,,,evaluacion_id inexistente (133)
10014,134,66,4,2025-11-03,,,evaluacion_id inexistente (134)
10079,47,67,2.3,2025-05-04,,,evaluacion_id inexistente (47)
10080,48,67,2.1,2025-05-16,,,evaluacion_id inexistente (48)
10081,49,67,2.8,2025-05-31,,,evaluacion_id inexistente (49)
10082,50,67,3.1,2025-06-10,,,evaluacion_id inexistente (50)
10131,99,994,2.4,2025-09-02,,,estudiante_id inexistente (994)
10163,131,67,3.2,2025-10-02,,,evaluacion_id inexistente (131)
10164,132,67,2.6,2025-10-18,,,evaluacion_id inexistente (132)
10165,133,67,2.4,2025-10-27,,,evaluacion_id inexistente (133)
10166,134,67,2.7,2025-11-06,,,evaluacion_id inexistente (134)
10231,47,68,2.4,2025-05-06,,,evaluacion_id inexistente (47)
10232,48,68,2.9,2025-05-16,,,evaluacion_id inexistente (48)
10233,49,68,3,2025-05-29,,,evaluacion_id inexistente (49)
10234,50,68,2.9,2025-06-12,,,evaluacion_id inexistente (50)
10315,131,68,3.2,2025-10-03,,,evaluacion_id inexistente (131)
10316,132,68,3.3,2025-10-13,,,evaluacion_id inexistente (132)
10317,133,68,3.1,2025-10-23,,,evaluacion_id inexistente (133)
10318,134,68,2.8,2025-11-08,,,evaluacion_id inexistente (134)
10383,47,69,3.3,2025-05-03,,,evaluacion_id inexistente (47)
10384,48,69,3.3,2025-05-15,,,evaluacion_id inexistente (48)
10385,49,69,2.8,2025-05-27,,,evaluacion_id inexistente (49)
10386,50,69,3.9,2025-06-11,,,evaluacion_id inexistente (50)
10467,131,69,3.4,2025-10-07,,,evaluacion_id inexistente (131)
10468,132,69,3.2,2025-10-16,,,evaluacion_id inexistente (132)
10469,133,69,3.2,2025-10-30,,,evaluacion_id inexistente (133)
10470,134,69,2.6,2025-11-05,,,evaluacion_id inexistente (134)
10535,47,70,4.9,2025-05-09,,,evaluacion_id inexistente (47)
10536,48,70,4.7,2025-05-21,,,evaluacion_id inexistente (48)
10537,49,70,4.4,2025-06-01,,,evaluacion_id inexistente (49)
10538,50,70,4.8,2025-06-09,,,evaluacion_id inexistente (50)
10619,131,70,3.6,2025-10-05,,,evaluacion_id inexistente (131)
10620,132,70,3.6,2025-10-17,,,evaluacion_id inexistente (132)
10621,133,70,4.3,2025-10-24,,,evaluacion_id inexistente (133)
10622,134,70,5,2025-11-06,,,evaluacion_id inexistente (134)
10653,13,71,,2025-02-21,,,nota nula
10687,47,71,3.7,2025-05-10,,,evaluacion_id inexistente (47)
10688,48,71,3.3,2025-05-22,,,evaluacion_id inexistente (48)
10689,49,71,3.4,2025-06-03,,,evaluacion_id inexistente (49)
10690,50,71,3.4,2025-06-10,,,evaluacion_id inexistente (50)
10771,131,71,3.7,2025-10-08,,,evaluacion_id inexistente (131)
10772,132,71,3.8,2025-10-17,,,evaluacion_id inexistente (132)
10773,133,71,4.1,2025-10-28,,,evaluacion_id inexistente (133)
10774,134,71,4,2025-11-03,,,evaluacion_id inexistente (134)
10839,47,72,4.2,2025-05-09,,,evaluacion_id inexistente (47)
10840,48,72,4.4,2025-05-16,,,evaluacion_id inexistente (48)
10841,49,72,4.9,2025-06-02,,,evaluacion_id inexistente (49)
10842,50,72,5,2025-06-12,,,evaluacion_id inexistente (50)
10923,131,72,5,2025-10-03,,,evaluacion_id inexistente (131)
10924,132,72,5,2025-10-20,,,evaluacion_id inexistente (132)
10925,133,72,5,2025-10-25,,,evaluacion_id inexistente (133)
10926,134,72,5,2025-11-08,,,evaluacion_id inexistente (134)
10991,47,73,2.9,2025-05-06,,,evaluacion_id inexistente (47)
10992,48,73,3.3,2025-05-15,,,evaluacion_id inexistente (48)
10993,49,73,4.1,2025-05-29,,,evaluacion_id inexistente (49)
10994,50,73,2.9,2025-06-12,,,evaluacion_id inexistente (50)
11075,131,73,3,2025-10-02,,,evaluacion_id inexistente (131)
11076,132,73,3.3,2025-10-18,,,evaluacion_id inexistente (132)
11077,133,73,2.9,2025-10-30,,,evaluacion_id inexistente (133)
11078,134,73,1.7,2025-11-08,,,evaluacion_id inexistente (134)
11143,47,74,3.9,2025-05-09,,,evaluacion_id inexistente (47)
11144,48,74,4.6,2025-05-22,,,evaluacion_id inexistente (48)
11145,49,74,4.4,2025-06-02,,,evaluacion_id inexistente (49)
11146,50,74,4.5,2025-06-08,,,evaluacion_id inexistente (50)
11227,131,74,3.5,2025-10-06,,,evaluacion_id inexistente (131)
11228,132,74,4.6,2025-10-19,,,evaluacion_id inexistente (132)
11229,133,74,3.9,2025-10-26,,,evaluacion_id inexistente (133)
11230,134,74,4.3,2025-11-03,,,evaluacion_id inexistente (134)
11295,47,75,4,2025-05-08,,,evaluacion_id inexistente (47)
11296,48,75,4.4,2025-05-15,,,evaluacion_id inexistente (48)
11297,49,75,4.3,2025-05-27,,,evaluacion_id inexistente (49)
11298,50,75,3.9,2025-06-14,,,evaluacion_id inexistente (50)
11379,131,75,5,2025-10-02,,,evaluacion_id inexistente (131)
11380,132,75,4.7,2025-10-17,,,evaluacion_id inexistente (132)
11381,133,75,3.5,2025-10-27,,,evaluacion_id inexistente (133)
11382,134,75,4.4,2025-11-03,,,evaluacion_id inexistente (134)
11447,47,76,3.6,2025-05-08,,,evaluacion_id inexistente (47)
11448,48,76,3.8,2025-05-21,,,evaluacion_id inexistente (48)
11449,49,76,3.5,2025-05-31,,,evaluacion_id inexistente (49)
11450,50,76,4.5,2025-06-12,,,evaluacion_id inexistente (50)
11531,131,76,4.3,2025-10-04,,,evaluacion_id inexistente (131)
11532,132,76,4.4,2025-10-19,,,evaluacion_id inexistente (132)
11533,133,76,4.6,2025-10-27,,,evaluacion_id inexistente (133)
11534,134,76,3.9,2025-11-05,,,evaluacion_id inexistente (134)
11599,47,77,2.1,2025-05-06,,,evaluacion_id inexistente (47)
11600,48,77,3,2025-05-17,,,evaluacion_id inexistente (48)
11601,49,77,3.2,2025-05-30,,,evaluacion_id inexistente (49)
11602,50,77,2.2,2025-06-09,,,evaluacion_id inexistente (50)
11683,131,77,3.1,2025-10-09,,,evaluacion_id inexistente (131)
11684,132,77,3.8,2025-10-14,,,evaluacion_id inexistente (132)
11685,133,77,3.3,2025-10-26,,,evaluacion_id inexistente (133)
11686,134,77,4,2025-11-03,,,evaluacion_id inexistente (134)
11751,47,78,3.5,2025-05-05,,,evaluacion_id inexistente (47)
11752,48,78,3.4,2025-05-17,,,evaluacion_id inexistente (48)
11753,49,78,4.5,2025-06-03,,,evaluacion_id inexistente (49)
11754,50,78,3.3,2025-06-14,,,evaluacion_id inexistente (50)
11835,131,78,3,2025-10-02,,,evaluacion_id inexistente (131)
11836,132,78,4.2,2025-10-15,,,evaluacion_id inexistente (132)
11837,133,78,3.9,2025-10-29,,,evaluacion_id inexistente (133)
11838,134,78,3.7,2025-11-09,,,evaluacion_id inexistente (134)
11890,34,79,2.3,2027-03-15,,,fecha futura (2027-03-15)
11903,47,79,1.8,2025-05-03,,,evaluacion_id inexistente (47)
11904,48,79,3,2025-05-16,,,evaluacion_id inexistente (48)
11905,49,79,2.5,2025-05-28,,,evaluacion_id inexistente (49)
11906,50,79,2.7,2025-06-12,,,evaluacion_id inexistente (50)
11987,131,79,2.3,2025-10-02,,,evaluacion_id inexistente (131)
11988,132,79,2,2025-10-19,,,evaluacion_id inexistente (132)
11989,133,79,1.3,2025-10-23,,,evaluacion_id inexistente (133)
11990,134,79,1.6,2025-11-05,,,evaluacion_id inexistente (134)
12009,1,80,3.1,2025-02-17,,,estudiante_id inexistente (80)
12010,2,80,3,2025-03-04,,,estudiante_id inexistente (80)
12011,3,80,2.5,2025-03-16,,,estudiante_id inexistente (80)
12012,4,80,3.7,2025-04-02,,,estudiante_id inexistente (80)
12013,5,80,2.6,2025-02-23,,,estudiante_id inexistente (80)
12014,6,80,2.4,2025-03-08,,,estudiante_id inexistente (80)
12015,7,80,3.5,2025-03-18,,,estudiante_id inexistente (80)
12016,8,80,2.6,2025-04-03,,,estudiante_id inexistente (80)
12017,9,80,3,2025-02-18,,,estudiante_id inexistente (80)
12018,10,80,3.5,2025-03-07,,,estudiante_id inexistente (80)
12019,11,80,3.1,2025-03-22,,,estudiante_id inexistente (80)
12020,12,80,2.9,2025-03-30,,,estudiante_id inexistente (80)
12021,13,80,2.9,2025-02-22,,,estudiante_id inexistente (80)
12022,14,80,2.3,2025-03-03,,,estudiante_id inexistente (80)
12023,15,80,3.6,2025-03-22,,,estudiante_id inexistente (80)
12024,16,80,2.8,2025-04-01,,,estudiante_id inexistente (80)
12025,17,80,2.2,2025-02-23,,,estudiante_id inexistente (80)
12026,18,80,1.9,2025-03-07,,,estudiante_id inexistente (80)
12027,19,80,2.8,2025-03-17,,,estudiante_id inexistente (80)
12028,20,80,2.5,2025-03-28,,,estudiante_id inexistente (80)
12029,21,80,2.7,2025-02-19,,,estudiante_id inexistente (80)
12030,22,80,3.5,2025-03-11,,,estudiante_id inexistente (80)
12031,23,80,2.8,2025-03-26,,,estudiante_id inexistente (80)
12032,24,80,4,2025-02-25,,,estudiante_id inexistente (80)
12033,25,80,2.8,2025-03-15,,,estudiante_id inexistente (80)
12034,26,80,3,2025-03-25,,,estudiante_id inexistente (80)
12035,27,80,4.3,2025-02-18,,,estudiante_id inexistente (80)
12036,28,80,4.1,2025-03-05,,,estudiante_id inexistente (80)
12037,29,80,3.6,2025-03-17,,,estudiante_id inexistente (80)
12038,30,80,4.6,2025-04-04,,,estudiante_id inexistente (80)
12039,31,80,2.9,2025-02-20,,,estudiante_id inexistente (80)
12040,32,80,3.5,2025-03-03,,,estudiante_id inexistente (80)
12041,33,80,2.6,2025-03-16,,,estudiante_id inexistente (80)
12042,34,80,3.6,2025-04-02,,,estudiante_id inexistente (80)
12043,35,80,3.7,2025-02-18,,,estudiante_id inexistente (80)
12044,36,80,4.2,2025-03-03,,,estudiante_id inexistente (80)
12045,37,80,4.2,2025-03-20,,,estudiante_id inexistente (80)
12046,38,80,4.1,2025-04-02,,,estudiante_id inexistente (80)
12047,39,80,3.5,2025-05-06,,,estudiante_id inexistente (80)
12048,40,80,2.4,2025-05-15,,,estudiante_id inexistente (80)
12049,41,80,3.9,2025-05-29,,,estudiante_id inexistente (80)
12050,42,80,3.4,2025-06-14,,,estudiante_id inexistente (80)
12051,43,80,2.9,2025-05-06,,,estudiante_id inexistente (80)
12052,44,80,1.9,2025-05-22,,,estudiante_id inexistente (80)
12053,45,80,2.4,2025-05-30,,,estudiante_id inexistente (80)
12054,46,80,2.8,2025-06-09,,,estudiante_id inexistente (80)
12055,47,80,4.2,2025-05-03,,,estudiante_id inexistente (80)
12056,48,80,3.9,2025-05-19,,,estudiante_id inexistente (80)
12057,49,80,3.5,2025-06-02,,,estudiante_id inexistente (80)
12058,50,80,4.2,2025-06-14,,,estudiante_id inexistente (80)
12059,51,80,3.4,2025-05-08,,,estudiante_id inexistente (80)
12060,52,80,3,2025-05-19,,,estudiante_id inexistente (80)
12061,53,80,3.9,2025-05-27,,,estudiante_id inexistente (80)
12062,54,80,3.7,2025-06-09,,,estudiante_id inexistente (80)
12063,55,80,1.7,2025-05-05,,,estudiante_id inexistente (80)
12064,56,80,2.3,2025-05-18,,,estudiante_id inexistente (80)
12065,57,80,2.2,2025-06-02,,,estudiante_id inexistente (80)
12066,58,80,2.4,2025-06-15,,,estudiante_id inexistente (80)
12067,59,80,2.8,2025-05-09,,,estudiante_id inexistente (80)
12068,60,80,1.8,2025-05-28,,,estudiante_id inexistente (80)
12069,61,80,2.9,2025-06-06,,,estudiante_id inexistente (80)
12070,62,80,2.7,2025-05-08,,,estudiante_id inexistente (80)
12071,63,80,3.4,2025-05-25,,,estudiante_id inexistente (80)
12072,64,80,3,2025-06-11,,,estudiante_id inexistente (80)
12073,65,80,3.1,2025-05-06,,,estudiante_id inexistente (80)
12074,66,80,4.3,2025-05-16,,,estudiante_id inexistente (80)
12075,67,80,3.6,2025-06-03,,,estudiante_id inexistente (80)
12076,68,80,3.8,2025-06-13,,,estudiante_id inexistente (80)
12077,69,80,2.3,2025-05-10,,,estudiante_id inexistente (80)
12078,70,80,3.1,2025-05-17,,,estudiante_id inexistente (80)
12079,9994,80,2.9,2025-06-02,,,estudiante_id inexistente (80)
12080,72,80,2.8,2025-06-11,,,estudiante_id inexistente (80)
12081,73,80,4.8,2025-05-09,,,estudiante_id inexistente (80)
12082,74,80,4.6,2025-05-21,,,estudiante_id inexistente (80)
12083,75,80,3,2025-05-31,,,estudiante_id inexistente (80)
12084,76,80,4.4,2025-06-12,,,estudiante_id inexistente (80)
12085,77,80,2.3,2025-07-29,,,estudiante_id inexistente (80)
12086,78,80,2.8,2025-08-10,,,estudiante_id inexistente (80)
12087,79,80,2.8,2025-08-24,,,estudiante_id inexistente (80)
12088,80,80,3,2025-09-04,,,estudiante_id inexistente (80)
12089,81,80,2.1,2025-07-26,,,estudiante_id inexistente (80)
12090,82,80,3.3,2025-08-10,,,estudiante_id inexistente (80)
12091,83,80,3,2025-08-23,,,estudiante_id inexistente (80)
12092,84,80,2.5,2025-09-03,,,estudiante_id inexistente (80)
12093,85,80,3.1,2025-07-28,,,estudiante_id inexistente (80)
12094,86,80,3.5,2025-08-07,,,estudiante_id inexistente (80)
12095,87,80,2.8,2025-08-20,,,estudiante_id inexistente (80)
12096,88,80,3.1,2025-09-04,,,estudiante_id inexistente (80)
12097,89,80,3.5,2025-08-02,,,estudiante_id inexistente (80)
12098,90,80,3.4,2025-08-07,,,estudiante_id inexistente (80)
12099,91,80,3.2,2025-08-20,,,estudiante_id inexistente (80)
12100,92,80,3.9,2025-08-31,,,estudiante_id inexistente (80)
12101,93,80,1.9,2025-08-02,,,estudiante_id inexistente (80)
12102,94,80,2.4,2025-08-09,,,estudiante_id inexistente (80)
12103,95,80,2,2025-08-19,,,estudiante_id inexistente (80)
12104,96,80,2.9,2025-09-06,,,estudiante_id inexistente (80)
12105,97,80,3.2,2025-07-29,,,estudiante_id inexistente (80)
12106,98,80,3.5,2025-08-15,,,estudiante_id inexistente (80)
12107,99,80,2.3,2025-09-03,,,estudiante_id inexistente (80)
12108,100,80,3.3,2025-08-03,,,estudiante_id inexistente (80)
12109,101,80,3,2025-08-16,,,estudiante_id inexistente (80)
12110,102,80,4,2025-08-28,,,estudiante_id inexistente (80)
12111,103,80,3.2,2025-08-02,,,estudiante_id inexistente (80)
12112,104,80,3.3,2025-08-11,,,estudiante_id inexistente (80)
12113,105,80,4.1,2025-08-24,,,estudiante_id inexistente (80)
12114,106,80,3.8,2025-09-04,,,estudiante_id inexistente (80)
12115,107,80,3.1,2025-07-27,,,estudiante_id inexistente (80)
12116,108,80,2.9,2025-08-11,,,estudiante_id inexistente (80)
12117,109,80,2.8,2025-08-23,,,estudiante_id inexistente (80)
12118,110,80,2.9,2025-09-02,,,estudiante_id inexistente (80)
12119,111,80,3.9,2025-08-01,,,estudiante_id inexistente (80)
12120,112,80,4.4,2025-08-08,,,estudiante_id inexistente (80)
12121,113,80,4.1,2025-08-21,,,estudiante_id inexistente (80)
12122,114,80,3.8,2025-09-03,,,estudiante_id inexistente (80)
12123,115,80,2.4,2025-10-07,,,estudiante_id inexistente (80)
12124,116,80,3.3,2025-10-18,,,estudiante_id inexistente (80)
12125,117,80,3.6,2025-10-28,,,estudiante_id inexistente (80)
12126,118,80,2.6,2025-11-10,,,estudiante_id inexistente (80)
12127,119,80,2.5,2025-10-08,,,estudiante_id inexistente (80)
12128,120,80,3.4,2025-10-18,,,estudiante_id inexistente (80)
12129,121,80,3.5,2025-10-29,,,estudiante_id inexistente (80)
12130,122,80,2.8,2025-11-06,,,estudiante_id inexistente (80)
12131,123,80,3.8,2025-10-07,,,estudiante_id inexistente (80)
12132,124,80,3.3,2025-10-15,,,estudiante_id inexistente (80)
12133,125,80,3.4,2025-10-25,,,estudiante_id inexistente (80)
12134,126,80,3.1,2025-11-08,,,estudiante_id inexistente (80)
12135,127,80,3.5,2025-10-08,,,estudiante_id inexistente (80)
12136,128,80,3.3,2025-10-19,,,estudiante_id inexistente (80)
12137,129,80,3.2,2025-10-27,,,estudiante_id inexistente (80)
12138,130,80,3.3,2025-11-05,,,estudiante_id inexistente (80)
12139,131,80,2.4,2025-10-03,,,estudiante_id inexistente (80)
12140,132,80,3.1,2025-10-13,,,estudiante_id inexistente (80)
12141,133,80,2.5,2025-10-28,,,estudiante_id inexistente (80)
12142,134,80,2.9,2025-11-10,,,estudiante_id inexistente (80)
12143,135,80,3.4,2025-10-12,,,estudiante_id inexistente (80)
12144,136,80,3.6,2025-10-24,,,estudiante_id inexistente (80)
12145,137,80,3.8,2025-10-31,,,estudiante_id inexistente (80)
12146,138,80,3.4,2025-10-06,,,estudiante_id inexistente (80)
12147,139,80,3.1,2025-10-20,,,estudiante_id inexistente (80)
12148,140,80,3.6,2025-11-01,,,estudiante_id inexistente (80)
12149,141,80,3.2,2025-10-07,,,estudiante_id inexistente (80)
12150,142,80,4.1,2025-10-14,,,estudiante_id inexistente (80)
12151,143,80,4.5,2025-10-25,,,estudiante_id inexistente (80)
12152,144,80,4,2025-11-06,,,estudiante_id inexistente (80)
12153,145,80,2.5,2025-10-05,,,estudiante_id inexistente (80)
12154,146,80,4.1,2025-10-13,,,estudiante_id inexistente (80)
12155,147,80,3.1,2025-10-23,,,estudiante_id inexistente (80)
12156,148,80,2.3,2025-11-07,,,estudiante_id inexistente (80)
12157,149,80,4,2025-10-04,,,estudiante_id inexistente (80)
12158,150,80,3.7,2025-10-20,,,estudiante_id inexistente (80)
12159,151,80,3.5,2025-10-30,,,estudiante_id inexistente (80)
12160,152,80,3.2,2025-11-06,,,estudiante_id inexistente (80)
12207,47,81,3.8,2025-05-09,,,evaluacion_id inexistente (47)
12208,48,81,3.2,2025-05-19,,,evaluacion_id inexistente (48)
12209,49,81,2.2,2025-06-03,,,evaluacion_id inexistente (49)
12210,50,81,3.8,2025-06-12,,,evaluacion_id inexistente (50)
12291,131,81,2.1,2025-10-07,,,evaluacion_id inexistente (131)
12292,132,81,2.5,2025-10-17,,,evaluacion_id inexistente (132)
12293,133,81,3.4,2025-10-26,,,evaluacion_id inexistente (133)
12294,134,81,2.5,2025-11-03,,,evaluacion_id inexistente (134)
12359,47,82,3.5,2025-05-03,,,evaluacion_id inexistente (47)
12360,48,82,3.9,2025-05-21,,,evaluacion_id inexistente (48)
12361,49,82,3.7,2025-05-27,,,evaluacion_id inexistente (49)
12362,50,82,3.9,2025-06-11,,,evaluacion_id inexistente (50)
12443,131,82,3.6,2025-10-05,,,evaluacion_id inexistente (131)
12444,132,82,3.4,2025-10-16,,,evaluacion_id inexistente (132)
12445,133,82,3,2025-10-23,,,evaluacion_id inexistente (133)
12446,134,82,2.6,2025-11-07,,,evaluacion_id inexistente (134)
12511,47,83,4.9,2025-05-10,,,evaluacion_id inexistente (47)
12512,48,83,4.6,2025-05-19,,,evaluacion_id inexistente (48)
12513,49,83,4.4,2025-05-31,,,evaluacion_id inexistente (49)
12514,50,83,4.5,2025-06-09,,,evaluacion_id inexistente (50)
12595,131,83,4.5,2025-10-07,,,evaluacion_id inexistente (131)
12596,132,83,5,2025-10-13,,,evaluacion_id inexistente (132)
12597,133,83,5,2025-10-29,,,evaluacion_id inexistente (133)
12598,134,83,4.3,2025-11-08,,,evaluacion_id inexistente (134)
12663,47,84,2.8,2025-05-10,,,evaluacion_id inexistente (47)
12664,48,84,3.3,2025-05-19,,,evaluacion_id inexistente (48)
12665,49,84,3.4,2025-05-27,,,evaluacion_id inexistente (49)
12666,50,84,3.4,2025-06-11,,,evaluacion_id inexistente (50)
12747,131,84,2.8,2025-10-07,,,evaluacion_id inexistente (131)
12748,132,84,3.4,2025-10-16,,,evaluacion_id inexistente (132)
12749,133,84,3.3,2025-10-23,,,evaluacion_id inexistente (133)
12750,134,84,2.7,2025-11-03,,,evaluacion_id inexistente (134)
12815,47,85,4.1,2025-05-09,,,evaluacion_id inexistente (47)
12816,48,85,4,2025-05-19,,,evaluacion_id inexistente (48)
12817,49,85,4.1,2025-06-01,,,evaluacion_id inexistente (49)
12818,50,85,2.6,2025-06-13,,,evaluacion_id inexistente (50)
12899,131,85,3.7,2025-10-08,,,evaluacion_id inexistente (131)
12900,132,85,2.9,2025-10-19,,,evaluacion_id inexistente (132)
12901,133,85,4,2025-10-24,,,evaluacion_id inexistente (133)
12902,134,85,3.2,2025-11-08,,,evaluacion_id inexistente (134)
12929,9,86,,2025-02-23,,,nota nula
12967,47,86,4.6,2025-05-03,,,evaluacion_id inexistente (47)
12968,48,86,3.7,2025-05-15,,,evaluacion_id inexistente (48)
12969,49,86,4.4,2025-06-01,,,evaluacion_id inexistente (49)
12970,50,86,3.9,2025-06-15,,,evaluacion_id inexistente (50)
13002,82,995,4,2025-08-12,,,estudiante_id inexistente (995)
13051,131,86,5,2025-10-08,,,evaluacion_id inexistente (131)
13052,132,86,4.5,2025-10-17,,,evaluacion_id inexistente (132)
13053,133,86,3.8,2025-10-30,,,evaluacion_id inexistente (133)
13054,134,86,4.6,2025-11-05,,,evaluacion_id inexistente (134)
13119,47,87,5,2025-05-10,,,evaluacion_id inexistente (47)
13120,48,87,5,2025-05-22,,,evaluacion_id inexistente (48)
13121,49,87,5,2025-05-28,,,evaluacion_id inexistente (49)
13122,50,87,5,2025-06-08,,,evaluacion_id inexistente (50)
13203,131,87,4.7,2025-10-05,,,evaluacion_id inexistente (131)
13204,132,87,4.1,2025-10-18,,,evaluacion_id inexistente (132)
13205,133,87,4.9,2025-10-26,,,evaluacion_id inexistente (133)
13271,47,88,3.4,2025-05-03,,,evaluacion_id inexistente (47)
13272,48,88,3.1,2025-05-17,,,evaluacion_id inexistente (48)
13273,49,88,3.7,2025-06-03,,,evaluacion_id inexistente (49)
13274,50,88,3.4,2025-06-12,,,evaluacion_id inexistente (50)
13355,131,88,2.1,2025-10-04,,,evaluacion_id inexistente (131)
13356,132,88,3,2025-10-18,,,evaluacion_id inexistente (132)
13357,133,88,2,2025-10-30,,,evaluacion_id inexistente (133)
13358,134,88,2.7,2025-11-06,,,evaluacion_id inexistente (134)
13360,136,88,-1,2025-10-20,,,nota fuera de rango (-1.0)
13423,47,89,3.5,2025-05-04,,,evaluacion_id inexistente (47)
13424,48,89,2.9,2025-05-22,,,evaluacion_id inexistente (48)
13425,49,89,3.6,2025-05-30,,,evaluacion_id inexistente (49)
13426,50,89,3.7,2025-06-08,,,evaluacion_id inexistente (50)
13507,131,89,2.5,2025-10-08,,,evaluacion_id inexistente (131)
13508,132,89,1.3,2025-10-18,,,evaluacion_id inexistente (132)
13509,133,89,1.9,2025-10-27,,,evaluacion_id inexistente (133)
13510,134,89,2.4,2025-11-06,,,evaluacion_id inexistente (134)
13575,47,90,4.1,2025-05-03,,,evaluacion_id inexistente (47)
13576,48,90,4.9,2025-05-20,,,evaluacion_id inexistente (48)
13577,49,90,4.2,2025-06-03,,,evaluacion_id inexistente (49)
13578,50,90,5,2025-06-08,,,evaluacion_id inexistente (50)
13659,131,90,4.2,2025-10-07,,,evaluacion_id inexistente (131)
13660,132,90,4,2025-10-14,,,evaluacion_id inexistente (132)
13661,133,90,3,2025-10-28,,,evaluacion_id inexistente (133)
13662,134,90,3.1,2025-11-06,,,evaluacion_id inexistente (134)
13727,47,91,3.4,2025-05-09,,,evaluacion_id inexistente (47)
13728,48,91,3.7,2025-05-21,,,evaluacion_id inexistente (48)
13729,49,91,3.7,2025-05-29,,,evaluacion_id inexistente (49)
13730,50,91,3.2,2025-06-08,,,evaluacion_id inexistente (50)
13811,131,91,4.1,2025-10-08,,,evaluacion_id inexistente (131)
13812,132,91,4,2025-10-17,,,evaluacion_id inexistente (132)
13813,133,91,3.4,2025-10-28,,,evaluacion_id inexistente (133)
13814,134,91,3.9,2025-11-03,,,evaluacion_id inexistente (134)
13879,47,92,4.3,2025-05-06,,,evaluacion_id inexistente (47)
13880,48,92,4,2025-05-18,,,evaluacion_id inexistente (48)
13881,49,92,3.5,2025-05-27,,,evaluacion_id inexistente (49)
13882,50,92,4,2025-06-11,,,evaluacion_id inexistente (50)
13963,131,92,4.4,2025-10-05,,,evaluacion_id inexistente (131)
13964,132,92,4.7,2025-10-20,,,evaluacion_id inexistente (132)
13965,133,92,4.1,2025-10-25,,,evaluacion_id inexistente (133)
13966,134,92,4.3,2025-11-04,,,evaluacion_id inexistente (134)
14031,47,93,3.1,2025-05-04,,,evaluacion_id inexistente (47)
14032,48,93,3.5,2025-05-20,,,evaluacion_id inexistente (48)
14033,49,93,3,2025-06-02,,,evaluacion_id inexistente (49)
14034,50,93,3,2025-06-12,,,evaluacion_id inexistente (50)
14114,130,93,,2025-11-09,,,nota nula
14115,131,93,3.8,2025-10-07,,,evaluacion_id inexistente (131)
14116,132,93,3.8,2025-10-18,,,evaluacion_id inexistente (132)
14117,133,93,4.1,2025-10-24,,,evaluacion_id inexistente (133)
14118,134,93,4.5,2025-11-04,,,evaluacion_id inexistente (134)
14183,47,94,2.9,2025-05-03,,,evaluacion_id inexistente (47)
14184,48,94,2.7,2025-05-18,,,evaluacion_id inexistente (48)
14185,49,94,2.9,2025-06-03,,,evaluacion_id inexistente (49)
14186,50,94,3,2025-06-13,,,evaluacion_id inexistente (50)
14267,131,94,2.1,2025-10-08,,,evaluacion_id inexistente (131)
14268,132,94,2.9,2025-10-19,,,evaluacion_id inexistente (132)
14269,133,94,2.3,2025-10-27,,,evaluacion_id inexistente (133)
14270,134,94,2.5,2025-11-07,,,evaluacion_id inexistente (134)
14335,47,95,4.1,2025-05-10,,,evaluacion_id inexistente (47)
14336,48,95,3.9,2025-05-19,,,evaluacion_id inexistente (48)
14337,49,95,3.1,2025-05-31,,,evaluacion_id inexistente (49)
14338,50,95,3.3,2025-06-14,,,evaluacion_id inexistente (50)
14419,131,95,3.8,2025-10-03,,,evaluacion_id inexistente (131)
14420,132,95,3.8,2025-10-19,,,evaluacion_id inexistente (132)
14421,133,95,4.4,2025-10-23,,,evaluacion_id inexistente (133)
14422,134,95,3.9,2025-11-09,,,evaluacion_id inexistente (134)
14433,9991,95,3.3,2025-10-08,,,evaluacion_id inexistente (9991)
14487,47,96,1.2,2025-05-06,,,evaluacion_id inexistente (47)
14488,48,96,1.9,2025-05-20,,,evaluacion_id inexistente (48)
14489,49,96,1.8,2025-05-27,,,evaluacion_id inexistente (49)
14490,50,96,1,2025-06-14,,,evaluacion_id inexistente (50)
14571,131,96,2.7,2025-10-02,,,evaluacion_id inexistente (131)
14572,132,96,1.7,2025-10-13,,,evaluacion_id inexistente (132)
14573,133,96,2.1,2025-10-25,,,evaluacion_id inexistente (133)
14574,134,96,2,2025-11-09,,,evaluacion_id inexistente (134)
14639,47,97,2.1,2025-05-04,,,evaluacion_id inexistente (47)
14640,48,97,3.2,2025-05-16,,,evaluacion_id inexistente (48)
14641,49,97,3,2025-05-27,,,evaluacion_id inexistente (49)
14642,50,97,2.8,2025-06-15,,,evaluacion_id inexistente (50)
14723,131,97,4,2025-10-08,,,evaluacion_id inexistente (131)
14724,132,97,2.9,2025-10-19,,,evaluacion_id inexistente (132)
14725,133,97,3.9,2025-10-25,,,evaluacion_id inexistente (133)
14726,134,97,3,2025-11-04,,,evaluacion_id inexistente (134)
14791,47,98,4.1,2025-05-07,,,evaluacion_id inexistente (47)
14792,48,98,4.1,2025-05-15,,,evaluacion_id inexistente (48)
14793,49,98,4.3,2025-05-28,,,evaluacion_id inexistente (49)
14794,50,98,4.2,2025-06-09,,,evaluacion_id inexistente (50)
14868,124,98,,2025-10-13,,,nota nula
14875,131,98,3.6,2025-10-06,,,evaluacion_id inexistente (131)
14876,132,98,3.6,2025-10-18,,,evaluacion_id inexistente (132)
14877,133,98,4,2025-10-24,,,evaluacion_id inexistente (133)
14878,134,98,3.9,2025-11-06,,,evaluacion_id inexistente (134)
14943,47,99,4.1,2025-05-10,,,evaluacion_id inexistente (47)
14944,48,99,3.7,2025-05-18,,,evaluacion_id inexistente (48)
14945,49,99,3.2,2025-06-02,,,evaluacion_id inexistente (49)
14946,50,99,3.2,2025-06-08,,,evaluacion_id inexistente (50)
15027,131,99,2.2,2025-10-02,,,evaluacion_id inexistente (131)
15028,132,99,2.2,2025-10-17,,,evaluacion_id inexistente (132)
15029,133,99,2.6,2025-10-27,,,evaluacion_id inexistente (133)
15030,134,99,3,2025-11-04,,,evaluacion_id inexistente (134)
15095,47,100,5,2025-05-07,,,evaluacion_id inexistente (47)
15096,48,100,4.7,2025-05-22,,,evaluacion_id inexistente (48)
15097,49,100,4.7,2025-05-28,,,evaluacion_id inexistente (49)
15098,50,100,3.4,2025-06-09,,,evaluacion_id inexistente (50)
15179,131,100,3.2,2025-10-07,,,evaluacion_id inexistente (131)
15180,132,100,3.5,2025-10-13,,,evaluacion_id inexistente (132)
15181,133,100,2.9,2025-10-23,,,evaluacion_id inexistente (133)
15182,134,100,3.4,2025-11-09,,,evaluacion_id inexistente (134)
15201,1,101,4.2,2025-02-19,,,estudiante_id inexistente (101)
15202,2,101,4.7,2025-03-04,,,estudiante_id inexistente (101)
15203,3,101,4.2,2025-03-21,,,estudiante_id inexistente (101)
15204,4,101,4,2025-04-02,,,estudiante_id inexistente (101)
15205,5,101,4.1,2025-02-19,,,estudiante_id inexistente (101)
15206,6,101,2.9,2025-03-03,,,estudiante_id inexistente (101)
15207,7,101,3.8,2025-03-20,,,estudiante_id inexistente (101)
15208,8,101,4.8,2025-04-03,,,estudiante_id inexistente (101)
15209,9,101,4.8,2025-02-19,,,estudiante_id inexistente (101)
15210,10,101,4.7,2025-03-06,,,estudiante_id inexistente (101)
15211,11,101,3.9,2025-03-15,,,estudiante_id inexistente (101)
15212,12,101,4.6,2025-04-02,,,estudiante_id inexistente (101)
15213,13,101,3.7,2025-02-23,,,estudiante_id inexistente (101)
15214,14,101,3.8,2025-03-03,,,estudiante_id inexistente (101)
15215,15,101,3.8,2025-03-19,,,estudiante_id inexistente (101)
15216,16,101,4.4,2025-03-31,,,estudiante_id inexistente (101)
15217,17,101,3.1,2025-02-20,,,estudiante_id inexistente (101)
15218,18,101,3.9,2025-03-05,,,estudiante_id inexistente (101)
15219,19,101,4.4,2025-03-20,,,estudiante_id inexistente (101)
15220,20,101,4.1,2025-04-04,,,estudiante_id inexistente (101)
15221,21,101,4.2,2025-02-20,,,estudiante_id inexistente (101)
15222,22,101,3.9,2025-03-13,,,estudiante_id inexistente (101)
15223,23,101,3.8,2025-03-30,,,estudiante_id inexistente (101)
15224,24,101,3.5,2025-02-19,,,estudiante_id inexistente (101)
15225,25,101,3.9,2025-03-12,,,estudiante_id inexistente (101)
15226,26,101,3.7,2025-03-26,,,estudiante_id inexistente (101)
15227,27,101,3.2,2025-02-16,,,estudiante_id inexistente (101)
15228,28,101,3.5,2025-03-03,,,estudiante_id inexistente (101)
15229,29,101,4.2,2025-03-22,,,estudiante_id inexistente (101)
15230,30,101,4.2,2025-03-28,,,estudiante_id inexistente (101)
15231,31,101,4.1,2025-02-18,,,estudiante_id inexistente (101)
15232,32,101,4.6,2025-03-08,,,estudiante_id inexistente (101)
15233,33,101,3.4,2025-03-15,,,estudiante_id inexistente (101)
15234,34,101,3.3,2025-03-31,,,estudiante_id inexistente (101)
15235,35,101,5,2025-02-16,,,estudiante_id inexistente (101)
15236,36,101,4.8,2025-03-04,,,estudiante_id inexistente (101)
15237,37,101,4.8,2025-03-22,,,estudiante_id inexistente (101)
15238,38,101,4.8,2025-03-31,,,estudiante_id inexistente (101)
15239,39,101,4.3,2025-05-03,,,estudiante_id inexistente (101)
15240,40,101,3.8,2025-05-16,,,estudiante_id inexistente (101)
15241,41,101,3.6,2025-05-28,,,estudiante_id inexistente (101)
15242,42,101,3.9,2025-06-15,,,estudiante_id inexistente (101)
15243,43,101,4,2025-05-03,,,estudiante_id inexistente (101)
15244,44,101,3.7,2025-05-18,,,estudiante_id inexistente (101)
15245,45,101,3.4,2025-05-27,,,estudiante_id inexistente (101)
15246,46,101,3.5,2025-06-09,,,estudiante_id inexistente (101)
15247,47,101,5,2025-05-03,,,estudiante_id inexistente (101)
15248,48,101,3.6,2025-05-16,,,estudiante_id inexistente (101)
15249,49,101,4.4,2025-06-03,,,estudiante_id inexistente (101)
15250,50,101,4.4,2025-06-10,,,estudiante_id inexistente (101)
15251,51,101,3,2025-05-08,,,estudiante_id inexistente (101)
15252,52,101,4.2,2025-05-18,,,estudiante_id inexistente (101)
15253,53,101,3.4,2025-06-01,,,estudiante_id inexistente (101)
15254,54,101,3.7,2025-06-11,,,estudiante_id inexistente (101)
15255,55,101,3.2,2025-05-09,,,estudiante_id inexistente (101)
15256,56,101,4,2025-05-17,,,estudiante_id inexistente (101)
15257,57,101,4.4,2025-05-27,,,estudiante_id inexistente (101)
15258,58,101,4.6,2025-06-10,,,estudiante_id inexistente (101)
15259,59,101,4.1,2025-05-11,,,estudiante_id inexistente (101)
15260,60,101,3.9,2025-05-21,,,estudiante_id inexistente (101)
15261,61,101,3.9,2025-06-10,,,estudiante_id inexistente (101)
15262,62,101,3.1,2025-05-12,,,estudiante_id inexistente (101)
15263,63,101,3.5,2025-05-25,,,estudiante_id inexistente (101)
15264,64,101,5,2025-06-07,,,estudiante_id inexistente (101)
15265,65,101,3.9,2025-05-09,,,estudiante_id inexistente (101)
15266,66,101,5,2025-05-20,,,estudiante_id inexistente (101)
15267,67,101,4.4,2025-06-02,,,estudiante_id inexistente (101)
15268,68,101,4.4,2025-06-09,,,estudiante_id inexistente (101)
15269,69,101,4.2,2025-05-07,,,estudiante_id inexistente (101)
15270,70,101,3.9,2025-05-20,,,estudiante_id inexistente (101)
15271,71,101,4.1,2025-06-02,,,estudiante_id inexistente (101)
15272,72,101,4.1,2025-06-11,,,estudiante_id inexistente (101)
15273,73,101,5,2025-05-09,,,estudiante_id inexistente (101)
15274,74,101,4.5,2025-05-16,,,estudiante_id inexistente (101)
15275,75,101,4.9,2025-06-03,,,estudiante_id inexistente (101)
15276,76,101,4.9,2025-06-13,,,estudiante_id inexistente (101)
15277,77,101,4,2025-07-28,,,estudiante_id inexistente (101)
15278,78,101,4.1,2025-08-14,,,estudiante_id inexistente (101)
15279,79,101,3.7,2025-08-22,,,estudiante_id inexistente (101)
15280,80,101,4.1,2025-09-02,,,estudiante_id inexistente (101)
15281,81,101,3.9,2025-07-29,,,estudiante_id inexistente (101)
15282,82,101,3.5,2025-08-09,,,estudiante_id inexistente (101)
15283,83,101,4.4,2025-08-21,,,estudiante_id inexistente (101)
15284,84,101,3.6,2025-09-02,,,estudiante_id inexistente (101)
15285,85,101,4.7,2025-07-26,,,estudiante_id inexistente (101)
15286,86,101,5,2025-08-13,,,estudiante_id inexistente (101)
15287,87,101,4.5,2025-08-20,,,estudiante_id inexistente (101)
15288,88,101,4.4,2025-08-31,,,estudiante_id inexistente (101)
15289,89,101,3.7,2025-07-29,,,estudiante_id inexistente (101)
15290,90,101,3.9,2025-08-12,,,estudiante_id inexistente (101)
15291,91,101,3.4,2025-08-26,,,estudiante_id inexistente (101)
15292,92,101,3.9,2025-09-07,,,estudiante_id inexistente (101)
15293,93,101,3,2025-08-01,,,estudiante_id inexistente (101)
15294,94,101,4.2,2025-08-07,,,estudiante_id inexistente (101)
15295,95,101,3,2025-08-24,,,estudiante_id inexistente (101)
15296,96,101,4,2025-09-03,,,estudiante_id inexistente (101)
15297,97,101,4,2025-08-04,,,estudiante_id inexistente (101)
15298,98,101,3.5,2025-08-16,,,estudiante_id inexistente (101)
15299,99,101,3.9,2025-08-28,,,estudiante_id inexistente (101)
15300,100,101,3.7,2025-08-05,,,estudiante_id inexistente (101)
15301,101,101,4.2,2025-08-19,,,estudiante_id inexistente (101)
15302,102,101,3.8,2025-09-03,,,estudiante_id inexistente (101)
15303,103,101,4.7,2025-07-31,,,estudiante_id inexistente (101)
15304,104,101,3.9,2025-08-08,,,estudiante_id inexistente (101)
15305,105,101,4.1,2025-08-23,,,estudiante_id inexistente (101)
15306,106,101,5,2025-09-01,,,estudiante_id inexistente (101)
15307,107,101,3.3,2025-08-01,,,estudiante_id inexistente (101)
15308,108,101,3.5,2025-08-07,,,estudiante_id inexistente (101)
15309,109,101,3.2,2025-08-24,,,estudiante_id inexistente (101)
15310,110,101,3.8,2025-09-02,,,estudiante_id inexistente (101)
15311,111,101,5,2025-07-28,,,estudiante_id inexistente (101)
15312,112,101,4.7,2025-08-14,,,estudiante_id inexistente (101)
15313,113,101,5,2025-08-19,,,estudiante_id inexistente (101)
15314,114,101,4.5,2025-09-02,,,estudiante_id inexistente (101)
15315,115,101,4,2025-10-03,,,estudiante_id inexistente (101)
15316,116,101,4,2025-10-19,,,estudiante_id inexistente (101)
15317,117,101,3.8,2025-10-26,,,estudiante_id inexistente (101)
15318,118,101,4.6,2025-11-06,,,estudiante_id inexistente (101)
15319,119,101,4.8,2025-10-02,,,estudiante_id inexistente (101)
15320,120,101,3.9,2025-10-19,,,estudiante_id inexistente (101)
15321,121,101,4.9,2025-10-29,,,estudiante_id inexistente (101)
15322,122,101,3.8,2025-11-04,,,estudiante_id inexistente (101)
15323,123,101,5,2025-10-07,,,estudiante_id inexistente (101)
15324,124,101,4.3,2025-10-20,,,estudiante_id inexistente (101)
15325,125,101,4.2,2025-10-27,,,estudiante_id inexistente (101)
15326,126,101,4.8,2025-11-08,,,estudiante_id inexistente (101)
15327,127,101,4.3,2025-10-08,,,estudiante_id inexistente (101)
15328,128,101,4.3,2025-10-19,,,estudiante_id inexistente (101)
15329,129,101,3,2025-10-29,,,estudiante_id inexistente (101)
15330,130,101,3.9,2025-11-03,,,estudiante_id inexistente (101)
15331,131,101,3.9,2025-10-06,,,estudiante_id inexistente (101)
15332,132,101,4.5,2025-10-20,,,estudiante_id inexistente (101)
15333,133,101,3.7,2025-10-25,,,estudiante_id inexistente (101)
15334,134,101,3.9,2025-11-03,,,estudiante_id inexistente (101)
15335,135,101,4.2,2025-10-12,,,estudiante_id inexistente (101)
15336,136,101,4.2,2025-10-22,,,estudiante_id inexistente (101)
15337,137,101,4.5,2025-11-05,,,estudiante_id inexistente (101)
15338,138,101,3.9,2025-10-09,,,estudiante_id inexistente (101)
15339,139,101,3.9,2025-10-20,,,estudiante_id inexistente (101)
15340,140,101,3.5,2025-11-04,,,estudiante_id inexistente (101)
15341,141,101,4.2,2025-10-09,,,estudiante_id inexistente (101)
15342,142,101,4.7,2025-10-18,,,estudiante_id inexistente (101)
15343,143,101,4.3,2025-10-28,,,estudiante_id inexistente (101)
15344,144,101,4.7,2025-11-03,,,estudiante_id inexistente (101)
15345,145,101,3.5,2025-10-02,,,estudiante_id inexistente (101)
15346,146,101,4.2,2025-10-13,,,estudiante_id inexistente (101)
15347,147,101,4,2025-10-27,,,estudiante_id inexistente (101)
15348,148,101,3.4,2025-11-10,,,estudiante_id inexistente (101)
15349,149,101,4.8,2025-10-08,,,estudiante_id inexistente (101)
15350,150,101,5,2025-10-19,,,estudiante_id inexistente (101)
15351,151,101,5,2025-10-23,,,estudiante_id inexistente (101)
15352,152,101,5,2025-11-03,,,estudiante_id inexistente (101)
15399,47,102,3.5,2025-05-06,,,evaluacion_id inexistente (47)
15400,48,102,2.4,2025-05-22,,,evaluacion_id inexistente (48)
15401,49,102,2.9,2025-05-31,,,evaluacion_id inexistente (49)
15402,50,102,2.3,2025-06-08,,,evaluacion_id inexistente (50)
15483,131,102,3.1,2025-10-09,,,evaluacion_id inexistente (131)
15484,132,102,2.7,2025-10-17,,,evaluacion_id inexistente (132)
15485,133,102,2.8,2025-10-28,,,evaluacion_id inexistente (133)
15486,134,102,3.2,2025-11-10,,,evaluacion_id inexistente (134)
15551,47,103,3.1,2025-05-08,,,evaluacion_id inexistente (47)
15552,48,103,1.5,2025-05-17,,,evaluacion_id inexistente (48)
15553,49,103,3.2,2025-05-31,,,evaluacion_id inexistente (49)
15554,50,103,3.1,2025-06-08,,,evaluacion_id inexistente (50)
15635,131,103,3.7,2025-10-06,,,evaluacion_id inexistente (131)
15636,132,103,3.2,2025-10-14,,,evaluacion_id inexistente (132)
15637,133,103,3.1,2025-10-25,,,evaluacion_id inexistente (133)
15638,134,103,3,2025-11-07,,,evaluacion_id inexistente (134)
15647,143,103,,2025-10-27,,,nota nula
15670,14,104,,2025-03-05,,,nota nula
15703,47,104,3.2,2025-05-04,,,evaluacion_id inexistente (47)
15704,48,104,3.9,2025-05-21,,,evaluacion_id inexistente (48)
15705,49,104,4,2025-05-29,,,evaluacion_id inexistente (49)
15706,50,104,3.7,2025-06-11,,,evaluacion_id inexistente (50)
15787,131,104,3.3,2025-10-03,,,evaluacion_id inexistente (131)
15788,132,104,4.7,2025-10-19,,,evaluacion_id inexistente (132)
15789,133,104,4.9,2025-10-27,,,evaluacion_id inexistente (133)
15790,134,104,5,2025-11-05,,,evaluacion_id inexistente (134)
15855,47,105,2.5,2025-05-06,,,evaluacion_id inexistente (47)
15856,48,105,3.7,2025-05-15,,,evaluacion_id inexistente (48)
15857,49,105,3.1,2025-06-03,,,evaluacion_id inexistente (49)
15858,50,105,2.8,2025-06-15,,,evaluacion_id inexistente (50)
15939,131,105,3.3,2025-10-05,,,evaluacion_id inexistente (131)
15940,132,105,2.9,2025-10-18,,,evaluacion_id inexistente (132)
15941,133,105,2.5,2025-10-28,,,evaluacion_id inexistente (133)
15942,134,105,3.6,2025-11-08,,,evaluacion_id inexistente (134)
16007,47,106,3.5,2025-05-09,,,evaluacion_id inexistente (47)
16008,48,106,4.9,2025-05-18,,,evaluacion_id inexistente (48)
16009,49,106,4.6,2025-05-28,,,evaluacion_id inexistente (49)
16010,50,106,3.9,2025-06-14,,,evaluacion_id inexistente (50)
16085,125,106,4.6,2025/15/03,,,fecha inválida (texto '2025/15/03')
16091,131,106,3.4,2025-10-08,,,evaluacion_id inexistente (131)
16092,132,106,3.9,2025-10-19,,,evaluacion_id inexistente (132)
16093,133,106,4.1,2025-10-24,,,evaluacion_id inexistente (133)
16094,134,106,3.6,2025-11-06,,,evaluacion_id inexistente (134)
16159,47,107,3.4,2025-05-04,,,evaluacion_id inexistente (47)
16160,48,107,3.8,2025-05-15,,,evaluacion_id inexistente (48)
16161,49,107,3.1,2025-06-01,,,evaluacion_id inexistente (49)
16162,50,107,2.4,2025-06-08,,,evaluacion_id inexistente (50)
16243,131,107,4.1,2025-10-06,,,evaluacion_id inexistente (131)
16244,132,107,2.9,2025-10-19,,,evaluacion_id inexistente (132)
16245,133,107,4.3,2025-10-30,,,evaluacion_id inexistente (133)
16246,134,107,2.6,2025-11-04,,,evaluacion_id inexistente (134)
16272,8,108,,2025-03-29,,,nota nula
16311,47,108,5,2025-05-09,,,evaluacion_id inexistente (47)
16312,48,108,4.5,2025-05-17,,,evaluacion_id inexistente (48)
16313,49,108,3.1,2025-06-03,,,evaluacion_id inexistente (49)
16314,50,108,4.5,2025-06-14,,,evaluacion_id inexistente (50)
16395,131,108,4.3,2025-10-09,,,evaluacion_id inexistente (131)
16396,132,108,5,2025-10-19,,,evaluacion_id inexistente (132)
16397,133,108,4.5,2025-10-25,,,evaluacion_id inexistente (133)
16398,134,108,5,2025-11-04,,,evaluacion_id inexistente (134)
16463,47,109,4.5,2025-05-04,,,evaluacion_id inexistente (47)
16464,48,109,3.1,2025-05-21,,,evaluacion_id inexistente (48)
16465,49,109,4.1,2025-06-03,,,evaluacion_id inexistente (49)
16466,50,109,4.2,2025-06-15,,,evaluacion_id inexistente (50)
16547,131,109,3.9,2025-10-05,,,evaluacion_id inexistente (131)
16548,132,109,3.8,2025-10-20,,,evaluacion_id inexistente (132)
16549,133,109,4.6,2025-10-25,,,evaluacion_id inexistente (133)
16550,134,109,4.5,2025-11-06,,,evaluacion_id inexistente (134)
16615,47,110,3.3,2025-05-09,,,evaluacion_id inexistente (47)
16616,48,110,3.5,2025-05-20,,,evaluacion_id inexistente (48)
16617,49,110,4.1,2025-05-28,,,evaluacion_id inexistente (49)
16618,50,110,3.9,2025-06-08,,,evaluacion_id inexistente (50)
16699,131,110,2.8,2025-10-08,,,evaluacion_id inexistente (131)
16700,132,110,2.9,2025-10-19,,,evaluacion_id inexistente (132)
16701,133,110,2,2025-10-27,,,evaluacion_id inexistente (133)
16702,134,110,2.8,2025-11-09,,,evaluacion_id inexistente (134)
16767,47,111,3.1,2025-05-09,,,evaluacion_id inexistente (47)
16768,48,111,2.8,2025-05-20,,,evaluacion_id inexistente (48)
16769,49,111,2.8,2025-05-28,,,evaluacion_id inexistente (49)
16770,50,111,3.4,2025-06-09,,,evaluacion_id inexistente (50)
16840,120,111,7.5,2025-10-17,,,nota fuera de rango (7.5)
16851,131,111,4.8,2025-10-04,,,evaluacion_id inexistente (131)
16852,132,111,3.3,2025-10-16,,,evaluacion_id inexistente (132)
16853,133,111,3.2,2025-10-27,,,evaluacion_id inexistente (133)
16854,134,111,3.8,2025-11-04,,,evaluacion_id inexistente (134)
16919,47,112,3.3,2025-05-07,,,evaluacion_id inexistente (47)
16920,48,112,3.3,2025-05-21,,,evaluacion_id inexistente (48)
16921,49,112,3,2025-06-01,,,evaluacion_id inexistente (49)
16922,50,112,3.2,2025-06-09,,,evaluacion_id inexistente (50)
17003,131,112,2,2025-10-09,,,evaluacion_id inexistente (131)
17004,132,112,1.5,2025-10-20,,,evaluacion_id inexistente (132)
17005,133,112,2,2025-10-25,,,evaluacion_id inexistente (133)
17006,134,112,1.6,2025-11-05,,,evaluacion_id inexistente (134)
17071,47,113,4.8,2025-05-07,,,evaluacion_id inexistente (47)
17072,48,113,4.2,2025-05-19,,,evaluacion_id inexistente (48)
17073,49,113,3.8,2025-05-29,,,evaluacion_id inexistente (49)
17074,50,113,4.6,2025-06-10,,,evaluacion_id inexistente (50)
17155,131,113,3.6,2025-10-05,,,evaluacion_id inexistente (131)
17156,132,113,2.7,2025-10-13,,,evaluacion_id inexistente (132)
17157,133,113,4,2025-10-27,,,evaluacion_id inexistente (133)
17158,134,113,2.3,2025-11-03,,,evaluacion_id inexistente (134)
17223,47,114,3.8,2025-05-09,,,evaluacion_id inexistente (47)
17224,48,114,4,2025-05-20,,,evaluacion_id inexistente (48)
17225,49,114,4.1,2025-06-02,,,evaluacion_id inexistente (49)
17226,50,114,3.5,2025-06-10,,,evaluacion_id inexistente (50)
17307,131,114,4.6,2025-10-09,,,evaluacion_id inexistente (131)
17308,132,114,3.4,2025-10-17,,,evaluacion_id inexistente (132)
17309,133,114,4.4,2025-10-25,,,evaluacion_id inexistente (133)
17310,134,114,3.8,2025-11-10,,,evaluacion_id inexistente (134)
17375,47,115,4.7,2025-05-03,,,evaluacion_id inexistente (47)
17376,48,115,4.4,2025-05-19,,,evaluacion_id inexistente (48)
17377,49,115,4.3,2025-06-02,,,evaluacion_id inexistente (49)
17378,50,115,4.4,2025-06-11,,,evaluacion_id inexistente (50)
17459,131,115,5,2025-10-08,,,evaluacion_id inexistente (131)
17460,132,115,5,2025-10-20,,,evaluacion_id inexistente (132)
17461,133,115,4.6,2025-10-27,,,evaluacion_id inexistente (133)
17462,134,115,5,2025-11-05,,,evaluacion_id inexistente (134)
17527,47,116,4.9,2025-05-07,,,evaluacion_id inexistente (47)
17528,48,116,4.3,2025-05-21,,,evaluacion_id inexistente (48)
17529,49,116,3.7,2025-06-03,,,evaluacion_id inexistente (49)
17530,50,116,3.8,2025-06-10,,,evaluacion_id inexistente (50)
17611,131,116,2.9,2025-10-08,,,evaluacion_id inexistente (131)
17612,132,116,3.7,2025-10-17,,,evaluacion_id inexistente (132)
17613,133,116,3.5,2025-10-23,,,evaluacion_id inexistente (133)
17614,134,116,2.9,2025-11-06,,,evaluacion_id inexistente (134)
17679,47,117,3.5,2025-05-04,,,evaluacion_id inexistente (47)
17680,48,117,3.5,2025-05-22,,,evaluacion_id inexistente (48)
17681,49,117,3.6,2025-06-02,,,evaluacion_id inexistente (49)
17682,50,117,3.1,2025-06-14,,,evaluacion_id inexistente (50)
17763,131,117,2.2,2025-10-09,,,evaluacion_id inexistente (131)
17764,132,117,3.2,2025-10-14,,,evaluacion_id inexistente (132)
17765,133,117,2.6,2025-10-30,,,evaluacion_id inexistente (133)
17766,134,117,2.8,2025-11-06,,,evaluacion_id inexistente (134)
17831,47,118,3.1,2025-05-06,,,evaluacion_id inexistente (47)
17832,48,118,3,2025-05-21,,,evaluacion_id inexistente (48)
17833,49,118,3.4,2025-06-03,,,evaluacion_id inexistente (49)
17834,50,118,3.1,2025-06-11,,,evaluacion_id inexistente (50)
17915,131,118,3.6,2025-10-05,,,evaluacion_id inexistente (131)
17916,132,118,1.9,2025-10-19,,,evaluacion_id inexistente (132)
17917,133,118,3.3,2025-10-23,,,evaluacion_id inexistente (133)
17918,134,118,2.9,2025-11-06,,,evaluacion_id inexistente (134)
17983,47,119,3.9,2025-05-08,,,evaluacion_id inexistente (47)
17984,48,119,2.6,2025-05-18,,,evaluacion_id inexistente (48)
17985,49,119,2.5,2025-06-01,,,evaluacion_id inexistente (49)
17986,50,119,2.5,2025-06-09,,,evaluacion_id inexistente (50)
18067,131,119,2.6,2025-10-04,,,evaluacion_id inexistente (131)
18068,132,119,3.2,2025-10-19,,,evaluacion_id inexistente (132)
18069,133,119,3,2025-10-29,,,evaluacion_id inexistente (133)
18070,134,119,3,2025-11-08,,,evaluacion_id inexistente (134)
18135,47,120,2.8,2025-05-03,,,evaluacion_id inexistente (47)
18136,48,120,3.7,2025-05-21,,,evaluacion_id inexistente (48)
18137,49,120,2.4,2025-06-03,,,evaluacion_id inexistente (49)
18138,50,120,2.5,2025-06-11,,,evaluacion_id inexistente (50)
18219,131,120,3.1,2025-10-09,,,evaluacion_id inexistente (131)
18220,132,120,3.3,2025-10-14,,,evaluacion_id inexistente (132)
18221,133,120,2.5,2025-10-30,,,evaluacion_id inexistente (133)
18222,134,120,3.2,2025-11-07,,,evaluacion_id inexistente (134)
18287,47,121,3.8,2025-05-08,,,evaluacion_id inexistente (47)
18288,48,121,4.2,2025-05-17,,,evaluacion_id inexistente (48)
18289,49,121,4.3,2025-06-01,,,evaluacion_id inexistente (49)
18290,50,121,3.7,2025-06-12,,,evaluacion_id inexistente (50)
18371,131,121,4.3,2025-10-09,,,evaluacion_id inexistente (131)
18372,132,121,3.5,2025-10-13,,,evaluacion_id inexistente (132)
18373,133,121,4.7,2025-10-25,,,evaluacion_id inexistente (133)
18374,134,121,3.7,2025-11-07,,,evaluacion_id inexistente (134)
18439,47,122,3.5,2025-05-10,,,evaluacion_id inexistente (47)
18440,48,122,3.6,2025-05-18,,,evaluacion_id inexistente (48)
18441,49,122,2.8,2025-05-28,,,evaluacion_id inexistente (49)
18442,50,122,2.6,2025-06-11,,,evaluacion_id inexistente (50)
18464,72,122,3.7,00/00/0000,,,fecha inválida (texto '00/00/0000')
18523,131,122,3.3,2025-10-04,,,evaluacion_id inexistente (131)
18524,132,122,4.7,2025-10-15,,,evaluacion_id inexistente (132)
18525,133,122,3.4,2025-10-29,,,evaluacion_id inexistente (133)
18526,134,122,4,2025-11-10,,,evaluacion_id inexistente (134)
18591,47,123,3.2,2025-05-08,,,evaluacion_id inexistente (47)
18592,48,123,3.1,2025-05-18,,,evaluacion_id inexistente (48)
18593,49,123,3.9,2025-06-03,,,evaluacion_id inexistente (49)
18594,50,123,3.6,2025-06-11,,,evaluacion_id inexistente (50)
18675,131,123,3,2025-10-09,,,evaluacion_id inexistente (131)
18676,132,123,2.5,2025-10-16,,,evaluacion_id inexistente (132)
18677,133,123,3.2,2025-10-26,,,evaluacion_id inexistente (133)
18678,134,123,3.7,2025-11-03,,,evaluacion_id inexistente (134)
18697,1,124,2.7,2025-02-22,,,estudiante_id inexistente (124)
18698,2,124,2.3,2025-03-02,,,estudiante_id inexistente (124)
18699,3,124,2.5,2025-03-19,,,estudiante_id inexistente (124)
18700,4,124,2.7,2025-04-01,,,estudiante_id inexistente (124)
18701,5,124,3.8,2025-02-16,,,estudiante_id inexistente (124)
18702,6,124,4,2025-03-03,,,estudiante_id inexistente (124)
18703,7,124,3.4,2025-03-17,,,estudiante_id inexistente (124)
18704,8,124,3.7,2025-04-02,,,estudiante_id inexistente (124)
18705,9,124,3.1,2025-02-23,,,estudiante_id inexistente (124)
18706,10,124,3.4,2025-03-05,,,estudiante_id inexistente (124)
18707,11,124,4.3,2025-03-19,,,estudiante_id inexistente (124)
18708,12,124,3.6,2025-04-02,,,estudiante_id inexistente (124)
18709,13,124,2.3,2025-02-18,,,estudiante_id inexistente (124)
18710,14,124,3.1,2025-03-04,,,estudiante_id inexistente (124)
18711,15,124,2.9,2025-03-20,,,estudiante_id inexistente (124)
18712,16,124,2.8,2025-04-03,,,estudiante_id inexistente (124)
18713,17,124,3.3,2025-02-19,,,estudiante_id inexistente (124)
18714,18,124,3.2,2025-03-07,,,estudiante_id inexistente (124)
18715,19,124,2.8,2025-03-22,,,estudiante_id inexistente (124)
18716,20,124,2.3,2025-04-01,,,estudiante_id inexistente (124)
18717,21,124,2.3,2025-02-24,,,estudiante_id inexistente (124)
18718,22,124,2.2,2025-03-13,,,estudiante_id inexistente (124)
18719,23,124,3.2,2025-03-26,,,estudiante_id inexistente (124)
18720,24,124,3,2025-02-26,,,estudiante_id inexistente (124)
18721,25,124,4.1,2025-03-14,,,estudiante_id inexistente (124)
18722,26,124,3.8,2025-03-27,,,estudiante_id inexistente (124)
18723,27,124,3.2,2025-02-17,,,estudiante_id inexistente (124)
18724,28,124,2.8,2025-03-06,,,estudiante_id inexistente (124)
18725,29,124,3.6,2025-03-16,,,estudiante_id inexistente (124)
18726,30,124,3.4,2025-03-31,,,estudiante_id inexistente (124)
18727,31,124,3,2025-02-23,,,estudiante_id inexistente (124)
18728,32,124,3.9,2025-03-08,,,estudiante_id inexistente (124)
18729,33,124,3.3,2025-03-17,,,estudiante_id inexistente (124)
18730,34,124,3.4,2025-03-30,,,estudiante_id inexistente (124)
18731,35,124,3,2025-02-18,,,estudiante_id inexistente (124)
18732,36,124,3.1,2025-03-04,,,estudiante_id inexistente (124)
18733,37,124,3.9,2025-03-21,,,estudiante_id inexistente (124)
18734,38,124,3.6,2025-04-04,,,estudiante_id inexistente (124)
18735,39,124,2.3,2025-05-03,,,estudiante_id inexistente (124)
18736,40,124,3.3,2025-05-17,,,estudiante_id inexistente (124)
18737,41,124,2.7,2025-06-01,,,estudiante_id inexistente (124)
18738,42,124,3,2025-06-11,,,estudiante_id inexistente (124)
18739,43,124,3.6,2025-05-10,,,estudiante_id inexistente (124)
18740,44,124,3.6,2025-05-15,,,estudiante_id inexistente (124)
18741,45,124,3.2,2025-06-01,,,estudiante_id inexistente (124)
18742,46,124,3.1,2025-06-14,,,estudiante_id inexistente (124)
18743,47,124,4.6,2025-05-03,,,estudiante_id inexistente (124)
18744,48,124,3.7,2025-05-21,,,estudiante_id inexistente (124)
18745,49,124,4.2,2025-05-28,,,estudiante_id inexistente (124)
18746,50,124,3.2,2025-06-11,,,estudiante_id inexistente (124)
18747,51,124,3.7,2025-05-08,,,estudiante_id inexistente (124)
18748,52,124,2.7,2025-05-22,,,estudiante_id inexistente (124)
18749,53,124,3,2025-06-03,,,estudiante_id inexistente (124)
18750,54,124,2.8,2025-06-15,,,estudiante_id inexistente (124)
18751,55,124,2,2025-05-04,,,estudiante_id inexistente (124)
18752,56,124,3.3,2025-05-21,,,estudiante_id inexistente (124)
18753,57,124,3.2,2025-06-03,,,estudiante_id inexistente (124)
18754,58,124,2.2,2025-06-14,,,estudiante_id inexistente (124)
18755,59,124,3.1,2025-05-09,,,estudiante_id inexistente (124)
18756,60,124,3.8,2025-05-25,,,estudiante_id inexistente (124)
18757,61,124,2.6,2025-06-09,,,estudiante_id inexistente (124)
18758,62,124,3.9,2025-05-09,,,estudiante_id inexistente (124)
18759,63,124,3.7,2025-05-27,,,estudiante_id inexistente (124)
18760,64,124,3.1,2025-06-07,,,estudiante_id inexistente (124)
18761,65,124,3.4,2025-05-03,,,estudiante_id inexistente (124)
18762,66,124,3.4,2025-05-20,,,estudiante_id inexistente (124)
18763,67,124,4.4,2025-06-01,,,estudiante_id inexistente (124)
18764,68,124,4,2025-06-11,,,estudiante_id inexistente (124)
18765,69,124,2.9,2025-05-07,,,estudiante_id inexistente (124)
18766,70,124,3.1,2025-05-21,,,estudiante_id inexistente (124)
18767,71,124,3.8,2025-05-28,,,estudiante_id inexistente (124)
18768,72,124,3.8,2025-06-13,,,estudiante_id inexistente (124)
18769,73,124,4.2,2025-05-03,,,estudiante_id inexistente (124)
18770,74,124,4.2,2025-05-16,,,estudiante_id inexistente (124)
18771,75,124,4,2025-05-27,,,estudiante_id inexistente (124)
18772,76,124,4.1,2025-06-15,,,estudiante_id inexistente (124)
18773,77,124,3,2025-08-01,,,estudiante_id inexistente (124)
18774,78,124,2.9,2025-08-12,,,estudiante_id inexistente (124)
18775,79,124,3.1,2025-08-19,,,estudiante_id inexistente (124)
18776,80,124,2.6,2025-09-07,,,estudiante_id inexistente (124)
18777,81,124,4.5,2025-07-28,,,estudiante_id inexistente (124)
18778,82,124,3.3,2025-08-12,,,estudiante_id inexistente (124)
18779,83,124,4.2,2025-08-19,,,estudiante_id inexistente (124)
18780,84,124,3.9,2025-09-02,,,estudiante_id inexistente (124)
18781,85,124,4.1,2025-07-29,,,estudiante_id inexistente (124)
18782,86,124,3.8,2025-08-11,,,estudiante_id inexistente (124)
18783,87,124,4.4,2025-08-23,,,estudiante_id inexistente (124)
18784,88,124,3.7,2025-09-06,,,estudiante_id inexistente (124)
18785,89,124,3.5,2025-08-02,,,estudiante_id inexistente (124)
18786,90,124,3.6,2025-08-13,,,estudiante_id inexistente (124)
18787,91,124,3.4,2025-08-21,,,estudiante_id inexistente (124)
18788,92,124,3.4,2025-09-07,,,estudiante_id inexistente (124)
18789,93,124,2.6,2025-07-28,,,estudiante_id inexistente (124)
18790,94,124,2.6,2025-08-09,,,estudiante_id inexistente (124)
18791,95,124,3.4,2025-08-21,,,estudiante_id inexistente (124)
18792,96,124,2.9,2025-09-06,,,estudiante_id inexistente (124)
18793,97,124,3.1,2025-07-30,,,estudiante_id inexistente (124)
18794,98,124,3.3,2025-08-14,,,estudiante_id inexistente (124)
18795,99,124,3,2025-08-30,,,estudiante_id inexistente (124)
18796,100,124,3.7,2025-08-03,,,estudiante_id inexistente (124)
18797,101,124,4.4,2025-08-13,,,estudiante_id inexistente (124)
18798,102,124,4,2025-09-04,,,estudiante_id inexistente (124)
18799,103,124,4,2025-07-28,,,estudiante_id inexistente (124)
18800,104,124,4.1,2025-08-10,,,estudiante_id inexistente (124)
18801,105,124,3.8,2025-08-24,,,estudiante_id inexistente (124)
18802,106,124,4.1,2025-09-03,,,estudiante_id inexistente (124)
18803,107,124,3.7,2025-07-27,,,estudiante_id inexistente (124)
18804,108,124,2.6,2025-08-10,,,estudiante_id inexistente (124)
18805,109,124,3.8,2025-08-25,,,estudiante_id inexistente (124)
18806,110,124,3,2025-09-05,,,estudiante_id inexistente (124)
18807,111,124,3.5,2025-07-30,,,estudiante_id inexistente (124)
18808,112,124,3.4,2025-08-14,,,estudiante_id inexistente (124)
18809,113,124,3.7,2025-08-19,,,estudiante_id inexistente (124)
18810,114,124,4.1,2025-08-31,,,estudiante_id inexistente (124)
18811,115,124,2.7,2025-10-08,,,estudiante_id inexistente (124)
18812,116,124,3,2025-10-16,,,estudiante_id inexistente (124)
18813,117,124,3.2,2025-10-26,,,estudiante_id inexistente (124)
18814,118,124,3.1,2025-11-10,,,estudiante_id inexistente (124)
18815,119,124,3.9,2025-10-09,,,estudiante_id inexistente (124)
18816,120,124,3.8,2025-10-19,,,estudiante_id inexistente (124)
18817,121,124,3.6,2025-10-29,,,estudiante_id inexistente (124)
18818,122,124,4.1,2025-11-06,,,estudiante_id inexistente (124)
18819,123,124,4.1,2027-03-15,,,estudiante_id inexistente (124)
18820,124,124,3.8,2025-10-13,,,estudiante_id inexistente (124)
18821,125,124,4.1,2025-10-27,,,estudiante_id inexistente (124)
18822,126,124,4.8,2025-11-06,,,estudiante_id inexistente (124)
18823,127,124,3.2,2025-10-03,,,estudiante_id inexistente (124)
18824,128,124,3.1,2025-10-15,,,estudiante_id inexistente (124)
18825,129,124,3.2,2025-10-24,,,estudiante_id inexistente (124)
18826,130,124,2.8,2025-11-09,,,estudiante_id inexistente (124)
18827,131,124,3.6,2025-10-07,,,estudiante_id inexistente (124)
18828,132,124,3,2025-10-16,,,estudiante_id inexistente (124)
18829,133,124,3.3,2025-10-25,,,estudiante_id inexistente (124)
18830,134,124,3,2025-11-05,,,estudiante_id inexistente (124)
18831,135,124,3.7,2025-10-05,,,estudiante_id inexistente (124)
18832,136,124,3.8,2025-10-22,,,estudiante_id inexistente (124)
18833,137,124,3.3,2025-11-02,,,estudiante_id inexistente (124)
18834,138,124,4.3,2025-10-05,,,estudiante_id inexistente (124)
18835,139,124,4.9,2025-10-23,,,estudiante_id inexistente (124)
18836,140,124,3.4,2025-11-02,,,estudiante_id inexistente (124)
18837,141,124,3.6,2025-10-05,,,estudiante_id inexistente (124)
18838,142,124,3.4,2025-10-13,,,estudiante_id inexistente (124)
18839,143,124,3.3,2025-10-29,,,estudiante_id inexistente (124)
18840,144,124,4.1,2025-11-06,,,estudiante_id inexistente (124)
18841,145,124,3,2025-10-07,,,estudiante_id inexistente (124)
18842,146,124,3.3,2025-10-17,,,estudiante_id inexistente (124)
18843,147,124,3.9,2025-10-26,,,estudiante_id inexistente (124)
18844,148,124,3.4,2025-11-08,,,estudiante_id inexistente (124)
18845,149,124,3.8,2025-10-03,,,estudiante_id inexistente (124)
18846,150,124,3.8,2025-10-16,,,estudiante_id inexistente (124)
18847,151,124,4.3,2025-10-28,,,estudiante_id inexistente (124)
18848,152,124,3.9,2025-11-08,,,estudiante_id inexistente (124)
18895,47,125,3.9,2025-05-03,,,evaluacion_id inexistente (47)
18896,48,125,3.9,2025-05-21,,,evaluacion_id inexistente (48)
18897,49,125,3.9,2025-05-30,,,evaluacion_id inexistente (49)
18898,50,125,3.3,2025-06-08,,,evaluacion_id inexistente (50)
18979,131,125,4,2025-10-06,,,evaluacion_id inexistente (131)
18980,132,125,3.4,2025-10-13,,,evaluacion_id inexistente (132)
18981,133,125,3.1,2025-10-29,,,evaluacion_id inexistente (133)
18982,134,125,3.6,2025-11-03,,,evaluacion_id inexistente (134)
19001,1,126,3.1,2025-02-19,,,estudiante_id inexistente (126)
19002,2,126,4.5,2025-03-01,,,estudiante_id inexistente (126)
19003,3,126,3.9,2025-03-18,,,estudiante_id inexistente (126)
19004,4,126,3.4,2025-03-30,,,estudiante_id inexistente (126)
19005,5,126,3.5,2025-02-19,,,estudiante_id inexistente (126)
19006,6,126,4.4,2025-03-02,,,estudiante_id inexistente (126)
19007,7,126,3.6,2025-03-15,,,estudiante_id inexistente (126)
19008,8,126,4.5,2025-04-01,,,estudiante_id inexistente (126)
19009,9,126,3.8,2025-02-17,,,estudiante_id inexistente (126)
19010,10,126,3.6,2025-03-01,,,estudiante_id inexistente (126)
19011,11,126,3.7,2025-03-16,,,estudiante_id inexistente (126)
19012,12,126,4.6,2025-03-30,,,estudiante_id inexistente (126)
19013,13,126,3.8,2025-02-18,,,estudiante_id inexistente (126)
19014,14,126,3.6,2025-03-02,,,estudiante_id inexistente (126)
19015,15,126,3.1,2025-03-16,,,estudiante_id inexistente (126)
19016,16,126,2.7,2025-03-28,,,estudiante_id inexistente (126)
19017,17,126,3.6,2025-02-17,,,estudiante_id inexistente (126)
19018,18,126,3.4,2025-03-06,,,estudiante_id inexistente (126)
19019,19,126,3.8,2025-03-17,,,estudiante_id inexistente (126)
19020,20,126,4,2025-03-31,,,estudiante_id inexistente (126)
19021,21,126,2.6,2025-02-21,,,estudiante_id inexistente (126)
19022,22,126,3.6,2025-03-08,,,estudiante_id inexistente (126)
19023,23,126,4.1,2025-03-27,,,estudiante_id inexistente (126)
19024,24,126,3.3,2025-02-24,,,estudiante_id inexistente (126)
19025,25,126,3.6,2025-03-12,,,estudiante_id inexistente (126)
19026,26,126,3.5,2025-03-26,,,estudiante_id inexistente (126)
19027,27,126,4,2025-02-16,,,estudiante_id inexistente (126)
19028,28,126,3.8,2025-03-02,,,estudiante_id inexistente (126)
19029,29,126,5,2025-03-16,,,estudiante_id inexistente (126)
19030,30,126,4.3,2025-04-02,,,estudiante_id inexistente (126)
19031,31,126,2.4,2025-02-20,,,estudiante_id inexistente (126)
19032,32,126,3.6,2025-03-01,,,estudiante_id inexistente (126)
19033,33,126,4,2025-03-19,,,estudiante_id inexistente (126)
19034,34,126,3.7,2025-03-31,,,estudiante_id inexistente (126)
19035,35,126,3.7,2025-02-17,,,estudiante_id inexistente (126)
19036,36,126,3.8,2025-03-04,,,estudiante_id inexistente (126)
19037,37,126,3.5,2025-03-18,,,estudiante_id inexistente (126)
19038,38,126,4.1,2025-03-31,,,estudiante_id inexistente (126)
19039,39,126,3.9,2025-05-04,,,estudiante_id inexistente (126)
19040,40,126,3.3,2025-05-20,,,estudiante_id inexistente (126)
19041,41,126,3.5,2025-05-27,,,estudiante_id inexistente (126)
19042,42,126,3.9,2025-06-10,,,estudiante_id inexistente (126)
19043,43,126,3.9,2025-05-07,,,estudiante_id inexistente (126)
19044,44,126,4.7,2025-05-21,,,estudiante_id inexistente (126)
19045,45,126,3.5,2025-06-03,,,estudiante_id inexistente (126)
19046,46,126,3.4,2025-06-12,,,estudiante_id inexistente (126)
19047,47,126,4.7,2025-05-03,,,estudiante_id inexistente (126)
19048,48,126,4,2025-05-17,,,estudiante_id inexistente (126)
19049,49,126,4.1,2025-05-29,,,estudiante_id inexistente (126)
19050,50,126,3.6,2025-06-11,,,estudiante_id inexistente (126)
19051,51,126,3.9,2025-05-04,,,estudiante_id inexistente (126)
19052,52,126,4.1,2025-05-22,,,estudiante_id inexistente (126)
19053,53,126,3.6,2025-05-27,,,estudiante_id inexistente (126)
19054,54,126,3.5,2025-06-09,,,estudiante_id inexistente (126)
19055,55,126,4.6,2025-05-09,,,estudiante_id inexistente (126)
19056,56,126,3.1,2025-05-18,,,estudiante_id inexistente (126)
19057,57,126,3.6,2025-06-02,,,estudiante_id inexistente (126)
19058,58,126,2.9,2025-06-09,,,estudiante_id inexistente (126)
19059,59,126,3.3,2025-05-07,,,estudiante_id inexistente (126)
19060,60,126,3.2,2025-05-24,,,estudiante_id inexistente (126)
19061,61,126,2.5,2025-06-10,,,estudiante_id inexistente (126)
19062,62,126,3.8,2025-05-13,,,estudiante_id inexistente (126)
19063,63,126,3.7,2025-05-22,,,estudiante_id inexistente (126)
19064,64,126,3.6,2025-06-10,,,estudiante_id inexistente (126)
19065,65,126,4.4,2025-05-09,,,estudiante_id inexistente (126)
19066,66,126,4.3,2025-05-20,,,estudiante_id inexistente (126)
19067,67,126,4.4,2025-05-31,,,estudiante_id inexistente (126)
19068,68,126,3.7,2025-06-15,,,estudiante_id inexistente (126)
19069,69,126,4.1,2025-05-09,,,estudiante_id inexistente (126)
19070,70,126,3.4,2025-05-15,,,estudiante_id inexistente (126)
19071,71,126,4.6,2025-06-02,,,estudiante_id inexistente (126)
19072,72,126,3.8,2025-06-08,,,estudiante_id inexistente (126)
19073,73,126,4,2025-05-03,,,estudiante_id inexistente (126)
19074,74,126,4.2,2025-05-15,,,estudiante_id inexistente (126)
19075,75,126,3.7,2025-05-29,,,estudiante_id inexistente (126)
19076,76,126,4,2025-06-15,,,estudiante_id inexistente (126)
19077,77,126,3.3,2025-07-26,,,estudiante_id inexistente (126)
19078,78,126,4.2,2025-08-14,,,estudiante_id inexistente (126)
19079,79,126,3.1,2025-08-23,,,estudiante_id inexistente (126)
19080,80,126,4.3,2025-09-07,,,estudiante_id inexistente (126)
19081,81,126,3.8,2025-07-26,,,estudiante_id inexistente (126)
19082,82,126,3.6,2025-08-08,,,estudiante_id inexistente (126)
19083,83,126,4.1,2025-08-23,,,estudiante_id inexistente (126)
19084,84,126,4.6,2025-09-05,,,estudiante_id inexistente (126)
19085,85,126,3.3,2025-07-29,,,estudiante_id inexistente (126)
19086,86,126,3.6,2025-08-07,,,estudiante_id inexistente (126)
19087,87,126,3.6,2025-08-20,,,estudiante_id inexistente (126)
19088,88,126,3.6,2025-09-03,,,estudiante_id inexistente (126)
19089,89,126,3.2,2025-07-26,,,estudiante_id inexistente (126)
19090,90,126,3.5,2025-08-10,,,estudiante_id inexistente (126)
19091,91,126,3.7,2025-08-20,,,estudiante_id inexistente (126)
19092,92,126,3.8,2025-09-02,,,estudiante_id inexistente (126)
19093,93,126,3.5,2025-07-29,,,estudiante_id inexistente (126)
19094,94,126,4.2,2025-08-09,,,estudiante_id inexistente (126)
19095,95,126,3,2025-08-26,,,estudiante_id inexistente (126)
19096,96,126,2.8,2025-09-04,,,estudiante_id inexistente (126)
19097,97,126,3.7,2025-08-02,,,estudiante_id inexistente (126)
19098,98,126,3.5,2025-08-20,,,estudiante_id inexistente (126)
19099,99,126,3,2025-09-01,,,estudiante_id inexistente (126)
19100,100,126,3.9,2025-08-01,,,estudiante_id inexistente (126)
19101,101,126,3.6,2025-08-14,,,estudiante_id inexistente (126)
19102,102,126,3.6,2025-08-28,,,estudiante_id inexistente (126)
19103,103,126,3.2,2025-08-01,,,estudiante_id inexistente (126)
19104,104,126,4.7,2025-08-11,,,estudiante_id inexistente (126)
19105,105,126,3.3,2025-08-22,,,estudiante_id inexistente (126)
19106,106,126,4.2,2025-09-01,,,estudiante_id inexistente (126)
19107,107,126,4,2025-07-29,,,estudiante_id inexistente (126)
19108,108,126,3,2025-08-07,,,estudiante_id inexistente (126)
19109,109,126,5,2025-08-26,,,estudiante_id inexistente (126)
19110,110,126,3.4,2025-09-06,,,estudiante_id inexistente (126)
19111,111,126,3.7,2025-07-31,,,estudiante_id inexistente (126)
19112,112,126,4,2025-08-13,,,estudiante_id inexistente (126)
19113,113,126,4.2,2025-08-19,,,estudiante_id inexistente (126)
19114,114,126,4.3,2025-09-05,,,estudiante_id inexistente (126)
19115,115,126,4,2025-10-07,,,estudiante_id inexistente (126)
19116,116,126,3.6,2025-10-14,,,estudiante_id inexistente (126)
19117,117,126,3.4,2025-10-28,,,estudiante_id inexistente (126)
19118,118,126,3.9,2025-11-05,,,estudiante_id inexistente (126)
19119,119,126,4,2025-10-08,,,estudiante_id inexistente (126)
19120,120,126,4.8,2025-10-16,,,estudiante_id inexistente (126)
19121,121,126,3.9,2025-10-26,,,estudiante_id inexistente (126)
19122,122,126,4.2,2025-11-10,,,estudiante_id inexistente (126)
19123,123,126,3.4,2025-10-04,,,estudiante_id inexistente (126)
19124,124,126,4.3,2025-10-16,,,estudiante_id inexistente (126)
19125,125,126,3.5,2025-10-27,,,estudiante_id inexistente (126)
19126,126,126,4.3,2025-11-09,,,estudiante_id inexistente (126)
19127,127,126,3.7,2025-10-02,,,estudiante_id inexistente (126)
19128,128,126,3.5,2025-10-19,,,estudiante_id inexistente (126)
19129,129,126,3.8,2025-10-26,,,estudiante_id inexistente (126)
19130,130,126,3.6,2025-11-10,,,estudiante_id inexistente (126)
19131,131,126,3.2,2025-10-09,,,estudiante_id inexistente (126)
19132,132,126,3.5,2025-10-15,,,estudiante_id inexistente (126)
19133,133,126,3.6,2025-10-27,,,estudiante_id inexistente (126)
19134,134,126,3.4,2025-11-03,,,estudiante_id inexistente (126)
19135,135,126,3.3,2025-10-08,,,estudiante_id inexistente (126)
19136,136,126,3.5,2025-10-23,,,estudiante_id inexistente (126)
19137,137,126,3.2,2025-11-07,,,estudiante_id inexistente (126)
19138,138,126,3.7,2025-10-10,,,estudiante_id inexistente (126)
19139,139,126,3.5,2025-10-23,,,estudiante_id inexistente (126)
19140,140,126,3.7,2025-11-01,,,estudiante_id inexistente (126)
19141,141,126,4.6,2025-10-06,,,estudiante_id inexistente (126)
19142,142,126,3.7,2025-10-13,,,estudiante_id inexistente (126)
19143,143,126,3.9,2025-10-27,,,estudiante_id inexistente (126)
19144,144,126,4.6,2025-11-10,,,estudiante_id inexistente (126)
19145,145,126,4.2,2025-10-07,,,estudiante_id inexistente (126)
19146,146,126,3.5,2025-10-18,,,estudiante_id inexistente (126)
19147,147,126,3.9,2025-10-23,,,estudiante_id inexistente (126)
19148,148,126,4.1,2025-11-07,,,estudiante_id inexistente (126)
19149,149,126,3.8,2025-10-05,,,estudiante_id inexistente (126)
19150,150,126,3.9,2025-10-16,,,estudiante_id inexistente (126)
19151,151,126,4.7,2025-10-26,,,estudiante_id inexistente (126)
19152,152,126,3.2,2025-11-03,,,estudiante_id inexistente (126)
19199,47,127,4.5,2025-05-03,,,evaluacion_id inexistente (47)
19200,48,127,2.7,2025-05-21,,,evaluacion_id inexistente (48)
19201,49,127,4,2025-05-28,,,evaluacion_id inexistente (49)
19202,50,127,3.1,2025-06-11,,,evaluacion_id inexistente (50)
19283,131,127,3,2025-10-04,,,evaluacion_id inexistente (131)
19284,132,127,3.3,2025-10-20,,,evaluacion_id inexistente (132)
19285,133,127,2.9,2025-10-30,,,evaluacion_id inexistente (133)
19286,134,127,2.5,2025-11-10,,,evaluacion_id inexistente (134)
19351,47,128,4.7,2025-05-07,,,evaluacion_id inexistente (47)
19352,48,128,4.2,2025-05-16,,,evaluacion_id inexistente (48)
19353,49,128,3.9,2025-05-28,,,evaluacion_id inexistente (49)
19354,50,128,3.9,2025-06-15,,,evaluacion_id inexistente (50)
19435,131,128,3.7,2025-10-05,,,evaluacion_id inexistente (131)
19436,132,128,3.3,2025-10-17,,,evaluacion_id inexistente (132)
19437,133,128,3.3,2025-10-29,,,evaluacion_id inexistente (133)
19438,134,128,3.3,2025-11-05,,,evaluacion_id inexistente (134)
19503,47,129,3.7,2025-05-04,,,evaluacion_id inexistente (47)
19504,48,129,3.6,2025-05-21,,,evaluacion_id inexistente (48)
19505,49,129,4.5,2025-05-29,,,evaluacion_id inexistente (49)
19506,50,129,3.9,2025-06-08,,,evaluacion_id inexistente (50)
19587,131,129,3,2025-10-05,,,evaluacion_id inexistente (131)
19588,132,129,3.7,2025-10-18,,,evaluacion_id inexistente (132)
19589,133,129,3.6,2025-10-30,,,evaluacion_id inexistente (133)
19590,134,129,3.8,2025-11-07,,,evaluacion_id inexistente (134)
19655,47,130,2.4,2025-05-09,,,evaluacion_id inexistente (47)
19656,48,130,1.5,2025-05-16,,,evaluacion_id inexistente (48)
19657,49,130,2.8,2025-06-02,,,evaluacion_id inexistente (49)
19658,50,130,2.6,2025-06-14,,,evaluacion_id inexistente (50)
19739,131,130,2.1,2025-10-05,,,evaluacion_id inexistente (131)
19740,132,130,3.4,2025-10-19,,,evaluacion_id inexistente (132)
19741,133,130,3,2025-10-25,,,evaluacion_id inexistente (133)
19742,134,130,2.9,2025-11-07,,,evaluacion_id inexistente (134)
19807,47,131,3.8,2025-05-10,,,evaluacion_id inexistente (47)
19808,48,131,3.6,2025-05-19,,,evaluacion_id inexistente (48)
19809,49,131,4.5,2025-06-01,,,evaluacion_id inexistente (49)
19810,50,131,3.5,2025-06-12,,,evaluacion_id inexistente (50)
19891,131,131,3.7,2025-10-05,,,evaluacion_id inexistente (131)
19892,132,131,2.9,2025-10-20,,,evaluacion_id inexistente (132)
19893,133,131,3.2,2025-10-28,,,evaluacion_id inexistente (133)
19894,134,131,2.7,2025-11-10,,,evaluacion_id inexistente (134)
19959,47,132,3.5,2025-05-04,,,evaluacion_id inexistente (47)
19960,48,132,3.3,2025-05-18,,,evaluacion_id inexistente (48)
19961,49,132,4.1,2025-05-27,,,evaluacion_id inexistente (49)
19962,50,132,5,2025-06-10,,,evaluacion_id inexistente (50)
20043,131,132,2,2025-10-03,,,evaluacion_id inexistente (131)
20044,132,132,3.2,2025-10-19,,,evaluacion_id inexistente (132)
20045,133,132,3.6,2025-10-24,,,evaluacion_id inexistente (133)
20046,134,132,3.2,2025-11-05,,,evaluacion_id inexistente (134)
20111,47,133,4.6,2025-05-10,,,evaluacion_id inexistente (47)
20112,48,133,4.1,2025-05-20,,,evaluacion_id inexistente (48)
20113,49,133,3.3,2025-05-30,,,evaluacion_id inexistente (49)
20114,50,133,4.8,2025-06-08,,,evaluacion_id inexistente (50)
20195,131,133,3.5,2025-10-07,,,evaluacion_id inexistente (131)
20196,132,133,4.5,2025-10-15,,,evaluacion_id inexistente (132)
20197,133,133,3.8,2025-10-26,,,evaluacion_id inexistente (133)
20198,134,133,4.6,2025-11-07,,,evaluacion_id inexistente (134)
20263,47,134,5,2025-05-04,,,evaluacion_id inexistente (47)
20264,48,134,5,2025-05-21,,,evaluacion_id inexistente (48)
20265,49,134,4.1,2025-05-27,,,evaluacion_id inexistente (49)
20266,50,134,3.4,2025-06-15,,,evaluacion_id inexistente (50)
20347,131,134,5,2025-10-03,,,evaluacion_id inexistente (131)
20348,132,134,4.4,2025-10-17,,,evaluacion_id inexistente (132)
20349,133,134,4.1,2025-10-23,,,evaluacion_id inexistente (133)
20350,134,134,4.1,2025-11-10,,,evaluacion_id inexistente (134)
20415,47,135,2.5,2025-05-10,,,evaluacion_id inexistente (47)
20416,48,135,2.6,2025-05-22,,,evaluacion_id inexistente (48)
20417,49,135,2.6,2025-05-27,,,evaluacion_id inexistente (49)
20418,50,135,2.2,2025-06-11,,,evaluacion_id inexistente (50)
20499,131,135,3.1,2025-10-06,,,evaluacion_id inexistente (131)
20500,132,135,4.4,2025-10-18,,,evaluacion_id inexistente (132)
20501,133,135,2.8,2025-10-29,,,evaluacion_id inexistente (133)
20502,134,135,3.1,2025-11-06,,,evaluacion_id inexistente (134)
20567,47,136,4.8,2025-05-10,,,evaluacion_id inexistente (47)
20568,48,136,4.5,2025-05-17,,,evaluacion_id inexistente (48)
20569,49,136,5,2025-06-02,,,evaluacion_id inexistente (49)
20570,50,136,3.6,2025-06-09,,,evaluacion_id inexistente (50)
20651,131,136,5,2025-10-08,,,evaluacion_id inexistente (131)
20652,132,136,4,2025-10-16,,,evaluacion_id inexistente (132)
20653,133,136,4,2025-10-24,,,evaluacion_id inexistente (133)
20654,134,136,5,2025-11-04,,,evaluacion_id inexistente (134)
20719,47,137,3.7,2025-05-08,,,evaluacion_id inexistente (47)
20720,48,137,3.4,2025-05-22,,,evaluacion_id inexistente (48)
20721,49,137,2.9,2025-06-02,,,evaluacion_id inexistente (49)
20722,50,137,3,2025-06-13,,,evaluacion_id inexistente (50)
20803,131,137,4.3,2025-10-04,,,evaluacion_id inexistente (131)
20804,132,137,3,2025-10-20,,,evaluacion_id inexistente (132)
20805,133,137,3.5,2025-10-28,,,evaluacion_id inexistente (133)
20806,134,137,3.7,2025-11-04,,,evaluacion_id inexistente (134)
20871,47,138,3.9,2025-05-04,,,evaluacion_id inexistente (47)
20872,48,138,3.3,2025-05-15,,,evaluacion_id inexistente (48)
20873,49,138,2.7,2025-06-02,,,evaluacion_id inexistente (49)
20874,50,138,2.7,2025-06-12,,,evaluacion_id inexistente (50)
20955,131,138,4.6,2025-10-02,,,evaluacion_id inexistente (131)
20956,132,138,3.7,2025-10-16,,,evaluacion_id inexistente (132)
20957,133,138,3.8,2025-10-27,,,evaluacion_id inexistente (133)
20958,134,138,4.1,2025-11-04,,,evaluacion_id inexistente (134)
21023,47,139,2.4,2025-05-03,,,evaluacion_id inexistente (47)
21024,48,139,2.6,2025-05-18,,,evaluacion_id inexistente (48)
21025,49,139,2.3,2025-05-28,,,evaluacion_id inexistente (49)
21026,50,139,3.5,2025-06-11,,,evaluacion_id inexistente (50)
21107,131,139,2.8,2025-10-04,,,evaluacion_id inexistente (131)
21108,132,139,2.7,2025-10-19,,,evaluacion_id inexistente (132)
21109,133,139,3,2025-10-27,,,evaluacion_id inexistente (133)
21110,134,139,3,2025-11-08,,,evaluacion_id inexistente (134)
21142,14,140,,2025-03-08,,,nota nula
21175,47,140,3.4,2025-05-10,,,evaluacion_id inexistente (47)
21176,48,140,3.5,2025-05-18,,,evaluacion_id inexistente (48)
21177,49,140,3,2025-05-31,,,evaluacion_id inexistente (49)
21178,50,140,3.1,2025-06-11,,,evaluacion_id inexistente (50)
21259,131,140,4,2025-10-05,,,evaluacion_id inexistente (131)
21260,132,140,3.6,2025-10-18,,,evaluacion_id inexistente (132)
21261,133,140,4.6,2025-10-24,,,evaluacion_id inexistente (133)
21262,134,140,4,2025-11-07,,,evaluacion_id inexistente (134)
21327,47,141,4.1,2025-05-08,,,evaluacion_id inexistente (47)
21328,48,141,3.6,2025-05-21,,,evaluacion_id inexistente (48)
21329,49,141,2.9,2025-05-31,,,evaluacion_id inexistente (49)
21330,50,141,3.2,2025-06-10,,,evaluacion_id inexistente (50)
21411,131,141,4,2025-10-06,,,evaluacion_id inexistente (131)
21412,132,141,4.9,2025-10-13,,,evaluacion_id inexistente (132)
21413,133,141,4.2,2025-10-30,,,evaluacion_id inexistente (133)
21414,134,141,3.1,2025-11-08,,,evaluacion_id inexistente (134)
21479,47,142,5,2025-05-04,,,evaluacion_id inexistente (47)
21480,48,142,4.1,2025-05-22,,,evaluacion_id inexistente (48)
21481,49,142,3.3,2025-06-01,,,evaluacion_id inexistente (49)
21482,50,142,4.2,2025-06-09,,,evaluacion_id inexistente (50)
21563,131,142,3.5,2025-10-04,,,evaluacion_id inexistente (131)
21564,132,142,3.1,2025-10-13,,,evaluacion_id inexistente (132)
21565,133,142,4.6,2025-10-25,,,evaluacion_id inexistente (133)
21566,134,142,4.4,2025-11-10,,,evaluacion_id inexistente (134)
21631,47,143,2.5,2025-05-04,,,evaluacion_id inexistente (47)
21632,48,143,2.8,2025-05-20,,,evaluacion_id inexistente (48)
21633,49,143,2.4,2025-05-28,,,evaluacion_id inexistente (49)
21634,50,143,2.1,2025-06-10,,,evaluacion_id inexistente (50)
21715,131,143,3,2025-10-07,,,evaluacion_id inexistente (131)
21716,132,143,2.9,2025-10-19,,,evaluacion_id inexistente (132)
21717,133,143,2.1,2025-10-27,,,evaluacion_id inexistente (133)
21718,134,143,2.1,2025-11-04,,,evaluacion_id inexistente (134)
21783,47,144,5,2025-05-09,,,evaluacion_id inexistente (47)
21784,48,144,5,2025-05-16,,,evaluacion_id inexistente (48)
21785,49,144,5,2025-05-31,,,evaluacion_id inexistente (49)
21786,50,144,5,2025-06-12,,,evaluacion_id inexistente (50)
21867,131,144,4.5,2025-10-06,,,evaluacion_id inexistente (131)
21868,132,144,4.5,2025-10-20,,,evaluacion_id inexistente (132)
21869,133,144,4.8,2025-10-23,,,evaluacion_id inexistente (133)
21870,134,144,3.9,2025-11-04,,,evaluacion_id inexistente (134)
21935,47,145,3.2,2025-05-07,,,evaluacion_id inexistente (47)
21936,48,145,3.4,2025-05-22,,,evaluacion_id inexistente (48)
21937,49,145,3.6,2025-05-27,,,evaluacion_id inexistente (49)
21938,50,145,2.9,2025-06-13,,,evaluacion_id inexistente (50)
22019,131,145,3.3,2025-10-06,,,evaluacion_id inexistente (131)
22020,132,145,3,2025-10-17,,,evaluacion_id inexistente (132)
22021,133,145,3.6,2025-10-27,,,evaluacion_id inexistente (133)
22022,134,145,3.9,2025-11-05,,,evaluacion_id inexistente (134)
22087,47,146,3.5,2025-05-07,,,evaluacion_id inexistente (47)
22088,48,146,3,2025-05-19,,,evaluacion_id inexistente (48)
22089,49,146,3.2,2025-05-27,,,evaluacion_id inexistente (49)
22090,50,146,3.3,2025-06-10,,,evaluacion_id inexistente (50)
22171,131,146,3.6,2025-10-05,,,evaluacion_id inexistente (131)
22172,132,146,3.5,2025-10-14,,,evaluacion_id inexistente (132)
22173,133,146,4.3,2025-10-25,,,evaluacion_id inexistente (133)
22174,134,146,2.8,2025-11-03,,,evaluacion_id inexistente (134)
22239,47,147,4.2,2025-05-06,,,evaluacion_id inexistente (47)
22240,48,147,4,2025-05-15,,,evaluacion_id inexistente (48)
22241,49,147,3.2,2025-05-30,,,evaluacion_id inexistente (49)
22242,50,147,4.2,2025-06-12,,,evaluacion_id inexistente (50)
22323,131,147,3.6,2025-10-07,,,evaluacion_id inexistente (131)
22324,132,147,4.9,2025-10-14,,,evaluacion_id inexistente (132)
22325,133,147,3.7,2025-10-23,,,evaluacion_id inexistente (133)
22326,134,147,4,2025-11-09,,,evaluacion_id inexistente (134)
22391,47,148,3.7,2025-05-03,,,evaluacion_id inexistente (47)
22392,48,148,3.5,2025-05-22,,,evaluacion_id inexistente (48)
22393,49,148,4.2,2025-06-02,,,evaluacion_id inexistente (49)
22394,50,148,3.1,2025-06-11,,,evaluacion_id inexistente (50)
22475,131,148,3.2,2025-10-07,,,evaluacion_id inexistente (131)
22476,132,148,4.5,2025-10-19,,,evaluacion_id inexistente (132)
22477,133,148,4.3,2025-10-25,,,evaluacion_id inexistente (133)
22478,134,148,4.6,2025-11-08,,,evaluacion_id inexistente (134)
22506,10,990,4.1,2025-03-04,,,estudiante_id inexistente (990)
22543,47,149,3.9,2025-05-06,,,evaluacion_id inexistente (47)
22544,48,149,3.2,2025-05-22,,,evaluacion_id inexistente (48)
22545,49,149,3.4,2025-05-31,,,evaluacion_id inexistente (49)
22546,50,149,3.4,2025-06-08,,,evaluacion_id inexistente (50)
22627,131,149,5,2025-10-03,,,evaluacion_id inexistente (131)
22628,132,149,3.8,2025-10-15,,,evaluacion_id inexistente (132)
22629,133,149,3.9,2025-10-24,,,evaluacion_id inexistente (133)
22630,134,149,3.9,2025-11-03,,,evaluacion_id inexistente (134)
22695,47,150,3.4,2025-05-06,,,evaluacion_id inexistente (47)
22696,48,150,3.5,2025-05-18,,,evaluacion_id inexistente (48)
22697,49,150,4.1,2025-05-30,,,evaluacion_id inexistente (49)
22698,50,150,2.8,2025-06-14,,,evaluacion_id inexistente (50)
22779,131,150,3.9,2025-10-06,,,evaluacion_id inexistente (131)
22780,132,150,2.7,2025-10-14,,,evaluacion_id inexistente (132)
22781,133,150,3.8,2025-10-25,,,evaluacion_id inexistente (133)
22782,134,150,4.4,2025-11-09,,,evaluacion_id inexistente (134)
22801,1,151,1.4,2025-02-17,,,estudiante_id inexistente (151)
22802,2,151,2.8,2025-03-04,,,estudiante_id inexistente (151)
22803,3,151,2.3,2025-03-22,,,estudiante_id inexistente (151)
22804,4,151,2.7,2025-04-03,,,estudiante_id inexistente (151)
22805,5,151,2.8,2025-02-20,,,estudiante_id inexistente (151)
22806,6,151,2.2,2025-03-02,,,estudiante_id inexistente (151)
22807,7,151,2.2,2025-03-22,,,estudiante_id inexistente (151)
22808,8,151,2.7,2025-04-03,,,estudiante_id inexistente (151)
22809,9,151,2.9,2025-02-23,,,estudiante_id inexistente (151)
22810,10,151,3,2025-03-03,,,estudiante_id inexistente (151)
22811,11,151,3.4,2025-03-18,,,estudiante_id inexistente (151)
22812,12,151,3,2025-04-01,,,estudiante_id inexistente (151)
22813,13,151,3.2,2025-02-19,,,estudiante_id inexistente (151)
22814,14,151,3.2,2025-03-06,,,estudiante_id inexistente (151)
22815,15,151,4,2025-03-21,,,estudiante_id inexistente (151)
22816,16,151,2.8,2025-03-29,,,estudiante_id inexistente (151)
22817,17,151,2.2,2025-02-18,,,estudiante_id inexistente (151)
22818,18,151,1.6,2025-03-03,,,estudiante_id inexistente (151)
22819,19,151,1.5,2025-03-21,,,estudiante_id inexistente (151)
22820,20,151,1.5,2025-03-29,,,estudiante_id inexistente (151)
22821,21,151,1.8,2025-02-21,,,estudiante_id inexistente (151)
22822,22,151,1.6,2025-03-14,,,estudiante_id inexistente (151)
22823,23,151,2,2025-03-25,,,estudiante_id inexistente (151)
22824,24,151,2.9,2025-02-20,,,estudiante_id inexistente (151)
22825,25,151,2.9,2025-03-15,,,estudiante_id inexistente (151)
22826,26,151,2.3,2025-03-28,,,estudiante_id inexistente (151)
22827,27,151,2.6,2025-02-22,,,estudiante_id inexistente (151)
22828,28,151,2.2,2025-03-01,,,estudiante_id inexistente (151)
22829,29,151,2.6,2025-03-17,,,estudiante_id inexistente (151)
22830,30,151,2.5,2025-03-28,,,estudiante_id inexistente (151)
22831,31,151,2.2,2025-02-18,,,estudiante_id inexistente (151)
22832,32,151,2.6,2025-03-08,,,estudiante_id inexistente (151)
22833,33,151,2.8,2025-03-17,,,estudiante_id inexistente (151)
22834,34,151,1.7,2025-04-01,,,estudiante_id inexistente (151)
22835,35,151,2.8,2025-02-22,,,estudiante_id inexistente (151)
22836,36,151,2.4,2025-03-03,,,estudiante_id inexistente (151)
22837,37,151,2.1,2025-03-16,,,estudiante_id inexistente (151)
22838,38,151,2.7,2025-04-02,,,estudiante_id inexistente (151)
22839,39,151,1.8,2025-05-10,,,estudiante_id inexistente (151)
22840,40,151,1.8,2025-05-21,,,estudiante_id inexistente (151)
22841,41,151,1.7,2025-05-30,,,estudiante_id inexistente (151)
22842,42,151,2.5,2025-06-10,,,estudiante_id inexistente (151)
22843,43,151,2.1,2025-05-07,,,estudiante_id inexistente (151)
22844,44,151,2.6,2025-05-19,,,estudiante_id inexistente (151)
22845,45,151,2.1,2025-05-31,,,estudiante_id inexistente (151)
22846,46,151,3.1,2025-06-13,,,estudiante_id inexistente (151)
22847,47,151,2.8,2025-05-03,,,estudiante_id inexistente (151)
22848,48,151,3.9,2025-05-15,,,estudiante_id inexistente (151)
22849,49,151,2.1,2025-05-27,,,estudiante_id inexistente (151)
22850,50,151,2.4,2025-06-12,,,estudiante_id inexistente (151)
22851,51,151,3.4,2025-05-04,,,estudiante_id inexistente (151)
22852,52,151,3.2,2025-05-17,,,estudiante_id inexistente (151)
22853,53,151,3.3,2025-05-29,,,estudiante_id inexistente (151)
22854,54,151,3.4,2025-06-09,,,estudiante_id inexistente (151)
22855,55,151,2.2,2025-05-09,,,estudiante_id inexistente (151)
22856,56,151,1.5,2025-05-20,,,estudiante_id inexistente (151)
22857,57,151,2.3,2025-06-03,,,estudiante_id inexistente (151)
22858,58,151,2.1,2025-06-12,,,estudiante_id inexistente (151)
22859,59,151,2.7,2025-05-06,,,estudiante_id inexistente (151)
22860,60,151,1.6,2025-05-24,,,estudiante_id inexistente (151)
22861,61,151,2.5,2025-06-08,,,estudiante_id inexistente (151)
22862,62,151,2.1,2025-05-06,,,estudiante_id inexistente (151)
22863,63,151,2.2,2025-05-21,,,estudiante_id inexistente (151)
22864,64,151,3,2025-06-11,,,estudiante_id inexistente (151)
22865,65,151,2.4,2025-05-10,,,estudiante_id inexistente (151)
22866,66,151,1.9,2025-05-20,,,estudiante_id inexistente (151)
22867,67,151,1.7,2025-05-29,,,estudiante_id inexistente (151)
22868,68,151,3.1,2025-06-12,,,estudiante_id inexistente (151)
22869,69,151,1.6,2025-05-07,,,estudiante_id inexistente (151)
22870,70,151,3.1,2025-05-17,,,estudiante_id inexistente (151)
22871,71,151,2.5,2025-05-29,,,estudiante_id inexistente (151)
22872,72,151,3.2,2025-06-12,,,estudiante_id inexistente (151)
22873,73,151,3.2,2025-05-05,,,estudiante_id inexistente (151)
22874,74,151,3.1,2025-05-18,,,estudiante_id inexistente (151)
22875,75,151,3.2,2025-05-27,,,estudiante_id inexistente (151)
22876,76,151,3.5,2025-06-11,,,estudiante_id inexistente (151)
22877,77,151,2.6,2025-07-30,,,estudiante_id inexistente (151)
22878,78,151,2.5,2025-08-13,,,estudiante_id inexistente (151)
22879,79,151,1.6,2025-08-19,,,estudiante_id inexistente (151)
22880,80,151,2.2,2025-09-05,,,estudiante_id inexistente (151)
22881,81,151,2.2,2025-08-01,,,estudiante_id inexistente (151)
22882,82,151,3,2025-08-07,,,estudiante_id inexistente (151)
22883,83,151,3.1,2025-08-20,,,estudiante_id inexistente (151)
22884,84,151,2.3,2025-09-06,,,estudiante_id inexistente (151)
22885,85,151,2.9,2025-07-29,,,estudiante_id inexistente (151)
22886,86,151,3.2,2025-08-14,,,estudiante_id inexistente (151)
22887,87,151,3.1,2025-08-26,,,estudiante_id inexistente (151)
22888,88,151,1.9,2025-09-06,,,estudiante_id inexistente (151)
22889,89,151,3.1,2025-07-27,,,estudiante_id inexistente (151)
22890,90,151,2.9,2025-08-08,,,estudiante_id inexistente (151)
22891,91,151,4.4,2025-08-24,,,estudiante_id inexistente (151)
22892,92,151,2.8,2025-09-06,,,estudiante_id inexistente (151)
22893,93,151,1.4,2025-07-29,,,estudiante_id inexistente (151)
22894,94,151,1.9,2025-08-13,,,estudiante_id inexistente (151)
22895,95,151,1.5,2025-08-23,,,estudiante_id inexistente (151)
22896,96,151,1.4,2025-09-07,,,estudiante_id inexistente (151)
22897,97,151,2.7,2025-07-31,,,estudiante_id inexistente (151)
22898,98,151,2.5,2025-08-17,,,estudiante_id inexistente (151)
22899,99,151,3.5,2025-09-04,,,estudiante_id inexistente (151)
22900,100,151,3.3,2025-07-29,,,estudiante_id inexistente (151)
22901,101,151,3,2025-08-15,,,estudiante_id inexistente (151)
22902,102,151,2.8,2025-08-30,,,estudiante_id inexistente (151)
22903,103,151,3,2025-07-29,,,estudiante_id inexistente (151)
22904,104,151,2.1,2025-08-14,,,estudiante_id inexistente (151)
22905,105,151,2.2,2025-08-22,,,estudiante_id inexistente (151)
22906,106,151,3,2025-09-05,,,estudiante_id inexistente (151)
22907,107,151,3.7,2025-08-01,,,estudiante_id inexistente (151)
22908,108,151,3.6,2025-08-11,,,estudiante_id inexistente (151)
22909,109,151,2.6,2025-08-20,,,estudiante_id inexistente (151)
22910,110,151,2.7,2025-09-02,,,estudiante_id inexistente (151)
22911,111,151,2.9,2025-07-31,,,estudiante_id inexistente (151)
22912,112,151,3.3,2025-08-11,,,estudiante_id inexistente (151)
22913,113,151,2.6,2025-08-22,,,estudiante_id inexistente (151)
22914,114,151,3,2025-08-31,,,estudiante_id inexistente (151)
22915,115,151,1.8,2025-10-07,,,estudiante_id inexistente (151)
22916,116,151,2.9,2025-10-20,,,estudiante_id inexistente (151)
22917,117,151,2.5,2025-10-23,,,estudiante_id inexistente (151)
22918,118,151,2.1,2025-11-05,,,estudiante_id inexistente (151)
22919,119,151,1.5,2025-10-09,,,estudiante_id inexistente (151)
22920,120,151,2,2025-10-16,,,estudiante_id inexistente (151)
22921,121,151,2.6,2025-10-30,,,estudiante_id inexistente (151)
22922,122,151,1.9,2025-11-08,,,estudiante_id inexistente (151)
22923,123,151,2.5,2025-10-05,,,estudiante_id inexistente (151)
22924,124,151,2.4,2025-10-14,,,estudiante_id inexistente (151)
22925,125,151,3.5,2025-10-29,,,estudiante_id inexistente (151)
22926,126,151,3.3,2025-11-06,,,estudiante_id inexistente (151)
22927,127,151,3.9,2025-10-06,,,estudiante_id inexistente (151)
22928,128,151,3.3,2025-10-17,,,estudiante_id inexistente (151)
22929,129,151,3.7,2025-10-30,,,estudiante_id inexistente (151)
22930,130,151,3.9,2025-11-09,,,estudiante_id inexistente (151)
22931,131,151,1.3,2025-10-08,,,estudiante_id inexistente (151)
22932,132,151,2.2,2025-10-15,,,estudiante_id inexistente (151)
22933,133,151,1.1,2025-10-23,,,estudiante_id inexistente (151)
22934,134,151,2,2025-11-09,,,estudiante_id inexistente (151)
22935,135,151,2.8,2025-10-12,,,estudiante_id inexistente (151)
22936,136,151,2.4,2025-10-18,,,estudiante_id inexistente (151)
22937,137,151,3,2025-11-02,,,estudiante_id inexistente (151)
22938,138,151,2.7,2025-10-09,,,estudiante_id inexistente (151)
22939,139,151,2.8,2025-10-21,,,estudiante_id inexistente (151)
22940,140,151,2.7,2025-11-01,,,estudiante_id inexistente (151)
22941,141,151,2.8,2025-10-09,,,estudiante_id inexistente (151)
22942,142,151,2.5,2025-10-19,,,estudiante_id inexistente (151)
22943,143,151,2.3,2025-10-25,,,estudiante_id inexistente (151)
22944,144,151,2.5,2025-11-06,,,estudiante_id inexistente (151)
22945,145,151,3.1,2025-10-08,,,estudiante_id inexistente (151)
22946,146,151,3.2,2025-10-19,,,estudiante_id inexistente (151)
22947,147,151,3,2025-10-26,,,estudiante_id inexistente (151)
22948,148,151,3.3,2025-11-09,,,estudiante_id inexistente (151)
22949,149,151,2.6,2025-10-09,,,estudiante_id inexistente (151)
22950,150,151,2.8,2025-10-15,,,estudiante_id inexistente (151)
22951,151,151,3.2,2025-10-27,,,estudiante_id inexistente (151)
22952,152,151,2.5,2025-11-07,,,estudiante_id inexistente (151)
22999,47,152,4.8,2025-05-10,,,evaluacion_id inexistente (47)
23000,48,152,4.6,2025-05-15,,,evaluacion_id inexistente (48)
23001,49,152,5,2025-05-29,,,evaluacion_id inexistente (49)
23002,50,152,5,2025-06-08,,,evaluacion_id inexistente (50)
23083,131,152,4,2025-10-02,,,evaluacion_id inexistente (131)
23084,132,152,3.8,2025-10-16,,,evaluacion_id inexistente (132)
23085,133,152,3.5,2025-10-26,,,evaluacion_id inexistente (133)
23086,134,152,4.3,2025-11-10,,,evaluacion_id inexistente (134)
23151,47,153,2.5,2025-05-04,,,evaluacion_id inexistente (47)
23152,48,153,2.7,2025-05-18,,,evaluacion_id inexistente (48)
23153,49,153,2.9,2025-05-28,,,evaluacion_id inexistente (49)
23154,50,153,3.3,2025-06-09,,,evaluacion_id inexistente (50)
23235,131,153,2.5,2025-10-05,,,evaluacion_id inexistente (131)
23236,132,153,3.1,2025-10-19,,,evaluacion_id inexistente (132)
23237,133,153,2.5,2025-10-27,,,evaluacion_id inexistente (133)
23238,134,153,2.6,2025-11-05,,,evaluacion_id inexistente (134)
23303,47,154,3.9,2025-05-04,,,evaluacion_id inexistente (47)
23304,48,154,4.3,2025-05-17,,,evaluacion_id inexistente (48)
23305,49,154,3.7,2025-06-02,,,evaluacion_id inexistente (49)
23306,50,154,3.8,2025-06-11,,,evaluacion_id inexistente (50)
23387,131,154,4.1,2025-10-05,,,evaluacion_id inexistente (131)
23388,132,154,4,2025-10-18,,,evaluacion_id inexistente (132)
23389,133,154,3.3,2025-10-26,,,evaluacion_id inexistente (133)
23390,134,154,4.3,2025-11-06,,,evaluacion_id inexistente (134)
23449,41,155,4.8,2025-13-40,,,fecha inválida (texto '2025-13-40')
23455,47,155,3.8,2025-05-06,,,evaluacion_id inexistente (47)
23456,48,155,4.8,2025-05-22,,,evaluacion_id inexistente (48)
23457,49,155,3.8,2025-06-01,,,evaluacion_id inexistente (49)
23458,50,155,4,2025-06-12,,,evaluacion_id inexistente (50)
23528,120,155,-0.5,2025-10-13,,,nota fuera de rango (-0.5)
23539,131,155,4.8,2025-10-03,,,evaluacion_id inexistente (131)
23540,132,155,4.8,2025-10-17,,,evaluacion_id inexistente (132)
23541,133,155,3.5,2025-10-27,,,evaluacion_id inexistente (133)
23542,134,155,4.1,2025-11-10,,,evaluacion_id inexistente (134)
23607,47,156,3.2,2025-05-09,,,evaluacion_id inexistente (47)
23608,48,156,3.5,2025-05-15,,,evaluacion_id inexistente (48)
23609,49,156,4.1,2025-05-27,,,evaluacion_id inexistente (49)
23610,50,156,3.6,2025-06-12,,,evaluacion_id inexistente (50)
23641,81,156,,2025-07-28,,,nota nula
23691,131,156,4.7,2025-10-04,,,evaluacion_id inexistente (131)
23692,132,156,3.5,2025-10-18,,,evaluacion_id inexistente (132)
23693,133,156,3.9,2025-10-30,,,evaluacion_id inexistente (133)
23694,134,156,4.2,2025-11-05,,,evaluacion_id inexistente (134)
23759,47,157,5,2025-05-06,,,evaluacion_id inexistente (47)
23760,48,157,4.5,2025-05-22,,,evaluacion_id inexistente (48)
23761,49,157,4,2025-05-31,,,evaluacion_id inexistente (49)
23762,50,157,4.7,2025-06-11,,,evaluacion_id inexistente (50)
23843,131,157,4.4,2025-10-03,,,evaluacion_id inexistente (131)
23844,132,157,4.2,2025-10-16,,,evaluacion_id inexistente (132)
23845,133,157,4.6,2025-10-23,,,evaluacion_id inexistente (133)
23846,134,157,3.5,2025-11-07,,,evaluacion_id inexistente (134)
23911,47,158,3.2,2025-05-09,,,evaluacion_id inexistente (47)
23912,48,158,2.8,2025-05-16,,,evaluacion_id inexistente (48)
23913,49,158,3.4,2025-05-28,,,evaluacion_id inexistente (49)
23914,50,158,3.3,2025-06-12,,,evaluacion_id inexistente (50)
23995,131,158,4.2,2025-10-02,,,evaluacion_id inexistente (131)
23996,132,158,2.8,2025-10-17,,,evaluacion_id inexistente (132)
23997,133,158,4.1,2025-10-25,,,evaluacion_id inexistente (133)
23998,134,158,4,2025-11-09,,,evaluacion_id inexistente (134)
24063,47,159,3.2,2025-05-07,,,evaluacion_id inexistente (47)
24064,48,159,2.2,2025-05-18,,,evaluacion_id inexistente (48)
24065,49,159,3,2025-05-29,,,evaluacion_id inexistente (49)
24066,50,159,2.7,2025-06-11,,,evaluacion_id inexistente (50)
24147,131,159,2.7,2025-10-09,,,evaluacion_id inexistente (131)
24148,132,159,4.1,2025-10-17,,,evaluacion_id inexistente (132)
24149,133,159,1.9,2025-10-25,,,evaluacion_id inexistente (133)
24150,134,159,2.6,2025-11-05,,,evaluacion_id inexistente (134)
24209,41,160,9.9,2025-06-01,,,nota fuera de rango (9.9)
24215,47,160,4.3,2025-05-10,,,evaluacion_id inexistente (47)
24216,48,160,4.3,2025-05-22,,,evaluacion_id inexistente (48)
24217,49,160,4.2,2025-05-28,,,evaluacion_id inexistente (49)
24218,50,160,4.5,2025-06-13,,,evaluacion_id inexistente (50)
24299,131,160,3.6,2025-10-05,,,evaluacion_id inexistente (131)
24300,132,160,3.9,2025-10-14,,,evaluacion_id inexistente (132)
24301,133,160,3.8,2025-10-27,,,evaluacion_id inexistente (133)
24302,134,160,3.4,2025-11-10,,,evaluacion_id inexistente (134)
24367,47,161,5,2025-05-07,,,evaluacion_id inexistente (47)
24368,48,161,4.2,2025-05-15,,,evaluacion_id inexistente (48)
24369,49,161,4.4,2025-05-28,,,evaluacion_id inexistente (49)
24370,50,161,4.6,2025-06-12,,,evaluacion_id inexistente (50)
24451,131,161,4.2,2025-10-08,,,evaluacion_id inexistente (131)
24452,132,161,3.5,2025-10-18,,,evaluacion_id inexistente (132)
24453,133,161,3.4,2025-10-25,,,evaluacion_id inexistente (133)
24454,134,161,4.1,2025-11-07,,,evaluacion_id inexistente (134)
24519,47,162,2.6,2025-05-10,,,evaluacion_id inexistente (47)
24520,48,162,2.7,2025-05-18,,,evaluacion_id inexistente (48)
24521,49,162,4.3,2025-05-28,,,evaluacion_id inexistente (49)
24522,50,162,3.5,2025-06-13,,,evaluacion_id inexistente (50)
24549,77,162,10,2025-07-30,,,nota fuera de rango (10.0)
24603,131,162,3.1,2025-10-08,,,evaluacion_id inexistente (131)
24604,132,162,2.5,2025-10-16,,,evaluacion_id inexistente (132)
24605,133,162,2.7,2025-10-27,,,evaluacion_id inexistente (133)
24606,134,162,2.1,2025-11-10,,,evaluacion_id inexistente (134)
24659,35,163,4,31/02/2025,,,fecha inválida (texto '31/02/2025')
24671,47,163,4.8,2025-05-04,,,evaluacion_id inexistente (47)
24672,48,163,5,2025-05-19,,,evaluacion_id inexistente (48)
24673,49,163,4.8,2025-06-03,,,evaluacion_id inexistente (49)
24674,50,163,4.4,2025-06-13,,,evaluacion_id inexistente (50)
24755,131,163,2.4,2025-10-09,,,evaluacion_id inexistente (131)
24756,132,163,3.7,2025-10-13,,,evaluacion_id inexistente (132)
24757,133,163,3.8,2025-10-30,,,evaluacion_id inexistente (133)
24758,134,163,3,2025-11-07,,,evaluacion_id inexistente (134)
24823,47,164,4.2,2025-05-10,,,evaluacion_id inexistente (47)
24824,48,164,5,2025-05-15,,,evaluacion_id inexistente (48)
24825,49,164,3.6,2025-06-03,,,evaluacion_id inexistente (49)
24826,50,164,4.6,2025-06-11,,,evaluacion_id inexistente (50)
24907,131,164,3.5,2025-10-09,,,evaluacion_id inexistente (131)
24908,132,164,4,2025-10-17,,,evaluacion_id inexistente (132)
24909,133,164,3.3,2025-10-26,,,evaluacion_id inexistente (133)
24910,134,164,2.4,2025-11-07,,,evaluacion_id inexistente (134)
24975,47,165,2.8,2025-05-10,,,evaluacion_id inexistente (47)
24976,48,165,3.1,2025-05-16,,,evaluacion_id inexistente (48)
24977,49,165,2.8,2025-05-27,,,evaluacion_id inexistente (49)
24978,50,165,4.2,2025-06-09,,,evaluacion_id inexistente (50)
25059,131,165,3.4,2025-10-06,,,evaluacion_id inexistente (131)
25060,132,165,2.3,2025-10-16,,,evaluacion_id inexistente (132)
25061,133,165,2.9,2025-10-26,,,evaluacion_id inexistente (133)
25062,134,165,2.6,2025-11-04,,,evaluacion_id inexistente (134)
25127,47,166,3.3,2025-05-08,,,evaluacion_id inexistente (47)
25128,48,166,3,2025-05-19,,,evaluacion_id inexistente (48)
25129,49,166,2.8,2025-05-27,,,evaluacion_id inexistente (49)
25130,50,166,2.9,2025-06-13,,,evaluacion_id inexistente (50)
25211,131,166,4,2025-10-05,,,evaluacion_id inexistente (131)
25212,132,166,3.6,2025-10-19,,,evaluacion_id inexistente (132)
25213,133,166,3.8,2025-10-25,,,evaluacion_id inexistente (133)
25214,134,166,4.6,2025-11-07,,,evaluacion_id inexistente (134)
25279,47,167,5,2025-05-08,,,evaluacion_id inexistente (47)
25280,48,167,4.5,2025-05-20,,,evaluacion_id inexistente (48)
25281,49,167,4.2,2025-05-31,,,evaluacion_id inexistente (49)
25282,50,167,3.8,2025-06-08,,,evaluacion_id inexistente (50)
25363,131,167,3.1,2025-10-02,,,evaluacion_id inexistente (131)
25364,132,167,3.4,2025-10-18,,,evaluacion_id inexistente (132)
25365,133,167,3.7,2025-10-24,,,evaluacion_id inexistente (133)
25366,134,167,3.4,2025-11-10,,,evaluacion_id inexistente (134)
25403,19,168,,2025-03-16,,,nota nula
25431,47,168,3.8,2025-05-05,,,evaluacion_id inexistente (47)
25432,48,168,4,2025-05-20,,,evaluacion_id inexistente (48)
25433,49,168,4,2025-05-28,,,evaluacion_id inexistente (49)
25434,50,168,3.6,2025-06-15,,,evaluacion_id inexistente (50)
25515,131,168,3.6,2025-10-02,,,evaluacion_id inexistente (131)
25516,132,168,3.5,2025-10-18,,,evaluacion_id inexistente (132)
25517,133,168,4.3,2025-10-29,,,evaluacion_id inexistente (133)
25518,134,168,3.7,2025-11-10,,,evaluacion_id inexistente (134)
25583,47,169,4.5,2025-05-09,,,evaluacion_id inexistente (47)
25584,48,169,3.6,2025-05-16,,,evaluacion_id inexistente (48)
25585,49,169,3.7,2025-05-28,,,evaluacion_id inexistente (49)
25586,50,169,3,2025-06-09,,,evaluacion_id inexistente (50)
25667,131,169,3,2025-10-03,,,evaluacion_id inexistente (131)
25668,132,169,2.8,2025-10-16,,,evaluacion_id inexistente (132)
25669,133,169,2.6,2025-10-28,,,evaluacion_id inexistente (133)
25670,134,169,3.2,2025-11-03,,,evaluacion_id inexistente (134)
25735,47,170,3.3,2025-05-06,,,evaluacion_id inexistente (47)
25736,48,170,3.2,2025-05-22,,,evaluacion_id inexistente (48)
25737,49,170,2.8,2025-05-31,,,evaluacion_id inexistente (49)
25738,50,170,3.1,2025-06-13,,,evaluacion_id inexistente (50)
25758,70,170,3.2,ayer,,,fecha inválida (texto 'ayer')
25819,131,170,2.2,2025-10-06,,,evaluacion_id inexistente (131)
25820,132,170,2.9,2025-10-20,,,evaluacion_id inexistente (132)
25821,133,170,2.9,2025-10-27,,,evaluacion_id inexistente (133)
25822,134,170,2.4,2025-11-08,,,evaluacion_id inexistente (134)
25887,47,171,3.2,2025-05-03,,,evaluacion_id inexistente (47)
25888,48,171,3.5,2025-05-15,,,evaluacion_id inexistente (48)
25889,49,171,3.7,2025-06-02,,,evaluacion_id inexistente (49)
25890,50,171,3.2,2025-06-12,,,evaluacion_id inexistente (50)
25971,131,171,2.9,2025-10-06,,,evaluacion_id inexistente (131)
25972,132,171,2.7,2025-10-15,,,evaluacion_id inexistente (132)
25973,133,171,2.8,2025-10-28,,,evaluacion_id inexistente (133)
25974,134,171,3.2,2025-11-07,,,evaluacion_id inexistente (134)
26039,47,172,4.1,2025-05-06,,,evaluacion_id inexistente (47)
26040,48,172,3.5,2025-05-17,,,evaluacion_id inexistente (48)
26041,49,172,3.5,2025-05-31,,,evaluacion_id inexistente (49)
26042,50,172,3.8,2025-06-13,,,evaluacion_id inexistente (50)
26123,131,172,3.6,2025-10-06,,,evaluacion_id inexistente (131)
26124,132,172,3.3,2025-10-14,,,evaluacion_id inexistente (132)
26125,133,172,5,2025-10-30,,,evaluacion_id inexistente (133)
26126,134,172,3.5,2025-11-03,,,evaluacion_id inexistente (134)
26130,138,172,pendiente,2025-10-05,,,nota no numérica ('pendiente')
26191,47,173,3.2,2025-05-03,,,evaluacion_id inexistente (47)
26192,48,173,3.5,2025-05-16,,,evaluacion_id inexistente (48)
26193,49,173,3.4,2025-06-03,,,evaluacion_id inexistente (49)
26194,50,173,3.3,2025-06-13,,,evaluacion_id inexistente (50)
26272,128,173,5.5,2025-10-19,,,nota fuera de rango (5.5)
26275,131,173,2.2,2025-10-04,,,evaluacion_id inexistente (131)
26276,132,173,2.9,2025-10-14,,,evaluacion_id inexistente (132)
26277,133,173,3.2,2025-10-29,,,evaluacion_id inexistente (133)
26278,134,173,2.3,2025-11-03,,,evaluacion_id inexistente (134)
26343,47,174,3.6,2025-05-08,,,evaluacion_id inexistente (47)
26344,48,174,3.4,2025-05-21,,,evaluacion_id inexistente (48)
26345,49,174,3.5,2025-06-01,,,evaluacion_id inexistente (49)
26346,50,174,3.6,2025-06-09,,,evaluacion_id inexistente (50)
26427,131,174,4.5,2025-10-04,,,evaluacion_id inexistente (131)
26428,132,174,5,2025-10-14,,,evaluacion_id inexistente (132)
26429,133,174,4.4,2025-10-24,,,evaluacion_id inexistente (133)
26430,134,174,3.3,2025-11-04,,,evaluacion_id inexistente (134)
26453,5,175,45,2025-02-16,,,nota fuera de rango (45.0)
26495,47,175,4.7,2025-05-03,,,evaluacion_id inexistente (47)
26496,48,175,4.3,2025-05-19,,,evaluacion_id inexistente (48)
26497,49,175,4.7,2025-05-28,,,evaluacion_id inexistente (49)
26498,50,175,3.5,2025-06-14,,,evaluacion_id inexistente (50)
26579,131,175,3.4,2025-10-09,,,evaluacion_id inexistente (131)
26580,132,175,4,2025-10-16,,,evaluacion_id inexistente (132)
26581,133,175,3,2025-10-29,,,evaluacion_id inexistente (133)
26582,134,175,3.8,2025-11-10,,,evaluacion_id inexistente (134)
26647,47,176,2.4,2025-05-07,,,evaluacion_id inexistente (47)
26648,48,176,3.2,2025-05-18,,,evaluacion_id inexistente (48)
26649,49,176,3.3,2025-05-31,,,evaluacion_id inexistente (49)
26650,50,176,3.7,2025-06-10,,,evaluacion_id inexistente (50)
26731,131,176,3.3,2025-10-04,,,evaluacion_id inexistente (131)
26732,132,176,3,2025-10-19,,,evaluacion_id inexistente (132)
26733,133,176,3.5,2025-10-23,,,evaluacion_id inexistente (133)
26734,134,176,3.3,2025-11-09,,,evaluacion_id inexistente (134)
26799,47,177,3.5,2025-05-08,,,evaluacion_id inexistente (47)
26800,48,177,3.9,2025-05-21,,,evaluacion_id inexistente (48)
26801,49,177,3.4,2025-06-02,,,evaluacion_id inexistente (49)
26802,50,177,3.3,2025-06-15,,,evaluacion_id inexistente (50)
26883,131,177,4,2025-10-09,,,evaluacion_id inexistente (131)
26884,132,177,2.7,2025-10-15,,,evaluacion_id inexistente (132)
26885,133,177,3.1,2025-10-29,,,evaluacion_id inexistente (133)
26886,134,177,3,2025-11-07,,,evaluacion_id inexistente (134)
26951,47,178,3.9,2025-05-07,,,evaluacion_id inexistente (47)
26952,48,178,4,2025-05-18,,,evaluacion_id inexistente (48)
26953,49,178,4.2,2025-05-27,,,evaluacion_id inexistente (49)
26954,50,178,4.5,2025-06-15,,,evaluacion_id inexistente (50)
27035,131,178,2.6,2025-10-09,,,evaluacion_id inexistente (131)
27036,132,178,3.5,2025-10-19,,,evaluacion_id inexistente (132)
27037,133,178,3.1,2025-10-23,,,evaluacion_id inexistente (133)
27038,134,178,3.5,2025-11-09,,,evaluacion_id inexistente (134)
27103,47,179,3.9,2025-05-06,,,evaluacion_id inexistente (47)
27104,48,179,3.8,2025-05-20,,,evaluacion_id inexistente (48)
27105,49,179,4,2025-06-03,,,evaluacion_id inexistente (49)
27106,50,179,4.1,2025-06-15,,,evaluacion_id inexistente (50)
27187,131,179,2.9,2025-10-08,,,evaluacion_id inexistente (131)
27188,132,179,2.7,2025-10-18,,,evaluacion_id inexistente (132)
27189,133,179,2.2,2025-10-30,,,evaluacion_id inexistente (133)
27190,134,179,3.5,2025-11-03,,,evaluacion_id inexistente (134)
27255,47,180,2.5,2025-05-06,,,evaluacion_id inexistente (47)
27256,48,180,2.8,2025-05-15,,,evaluacion_id inexistente (48)
27257,49,180,2.7,2025-05-30,,,evaluacion_id inexistente (49)
27258,50,180,3.3,2025-06-13,,,evaluacion_id inexistente (50)
27339,131,180,2.7,2025-10-03,,,evaluacion_id inexistente (131)
27340,132,180,2.8,2025-10-16,,,evaluacion_id inexistente (132)
27341,133,180,3,2025-10-25,,,evaluacion_id inexistente (133)
27342,134,180,3.4,2025-11-03,,,evaluacion_id inexistente (134)
27407,47,181,4.4,2025-05-05,,,evaluacion_id inexistente (47)
27408,48,181,4.6,2025-05-15,,,evaluacion_id inexistente (48)
27409,49,181,4.5,2025-05-30,,,evaluacion_id inexistente (49)
27410,50,181,3.9,2025-06-08,,,evaluacion_id inexistente (50)
27491,131,181,4.7,2025-10-08,,,evaluacion_id inexistente (131)
27492,132,181,5,2025-10-20,,,evaluacion_id inexistente (132)
27493,133,181,5,2025-10-30,,,evaluacion_id inexistente (133)
27494,134,181,5,2025-11-09,,,evaluacion_id inexistente (134)
27559,47,182,3.6,2025-05-10,,,evaluacion_id inexistente (47)
27560,48,182,2.7,2025-05-19,,,evaluacion_id inexistente (48)
27561,49,182,3.9,2025-05-31,,,evaluacion_id inexistente (49)
27562,50,182,3.7,2025-06-08,,,evaluacion_id inexistente (50)
27609,97,182,,2025-08-03,,,nota nula
27643,131,182,5,2025-10-03,,,evaluacion_id inexistente (131)
27644,132,182,4.7,2025-10-18,,,evaluacion_id inexistente (132)
27645,133,182,3.7,2025-10-24,,,evaluacion_id inexistente (133)
27646,134,182,4.2,2025-11-07,,,evaluacion_id inexistente (134)
27711,47,183,3.2,2025-05-05,,,evaluacion_id inexistente (47)
27712,48,183,3,2025-05-16,,,evaluacion_id inexistente (48)
27713,49,183,3.2,2025-06-01,,,evaluacion_id inexistente (49)
27714,50,183,3.7,2025-06-12,,,evaluacion_id inexistente (50)
27795,131,183,2.7,2025-10-09,,,evaluacion_id inexistente (131)
27796,132,183,2.7,2025-10-16,,,evaluacion_id inexistente (132)
27797,133,183,2.7,2025-10-30,,,evaluacion_id inexistente (133)
27798,134,183,3.1,2025-11-04,,,evaluacion_id inexistente (134)
27863,47,184,3.6,2025-05-03,,,evaluacion_id inexistente (47)
27864,48,184,3.6,2025-05-22,,,evaluacion_id inexistente (48)
27865,49,184,3.7,2025-06-01,,,evaluacion_id inexistente (49)
27866,50,184,4,2025-06-13,,,evaluacion_id inexistente (50)
27947,131,184,2.7,2025-10-09,,,evaluacion_id inexistente (131)
27948,132,184,3.1,2025-10-15,,,evaluacion_id inexistente (132)
27949,133,184,2.7,2025-10-28,,,evaluacion_id inexistente (133)
27950,134,184,3.3,2025-11-04,,,evaluacion_id inexistente (134)
27987,19,185,,2025-03-16,,,nota nula
28015,47,185,4.7,2025-05-05,,,evaluacion_id inexistente (47)
28016,48,185,5,2025-05-18,,,evaluacion_id inexistente (48)
28017,49,185,5,2025-05-31,,,evaluacion_id inexistente (49)
28018,50,185,4.8,2025-06-10,,,evaluacion_id inexistente (50)
28099,131,185,5,2025-10-07,,,evaluacion_id inexistente (131)
28100,132,185,4.7,2025-10-14,,,evaluacion_id inexistente (132)
28101,133,185,4.9,2025-10-27,,,evaluacion_id inexistente (133)
28102,134,185,4.5,2025-11-03,,,evaluacion_id inexistente (134)
28167,47,186,2.3,2025-05-07,,,evaluacion_id inexistente (47)
28168,48,186,2.8,2025-05-19,,,evaluacion_id inexistente (48)
28169,49,186,2.7,2025-05-28,,,evaluacion_id inexistente (49)
28170,50,186,2.4,2025-06-12,,,evaluacion_id inexistente (50)
28251,131,186,1.6,2025-10-02,,,evaluacion_id inexistente (131)
28252,132,186,1.3,2025-10-14,,,evaluacion_id inexistente (132)
28253,133,186,1.6,2025-10-26,,,evaluacion_id inexistente (133)
28254,134,186,1.9,2025-11-05,,,evaluacion_id inexistente (134)
28319,47,187,3.6,2025-05-07,,,evaluacion_id inexistente (47)
28320,48,187,4.5,2025-05-15,,,evaluacion_id inexistente (48)
28321,49,187,3.8,2025-06-02,,,evaluacion_id inexistente (49)
28322,50,187,3.3,2025-06-13,,,evaluacion_id inexistente (50)
28403,131,187,2.4,2025-10-06,,,evaluacion_id inexistente (131)
28404,132,187,2.7,2025-10-18,,,evaluacion_id inexistente (132)
28405,133,187,2.4,2025-10-28,,,evaluacion_id inexistente (133)
28406,134,187,1.9,2025-11-05,,,evaluacion_id inexistente (134)
28471,47,188,3.5,2025-05-09,,,evaluacion_id inexistente (47)
28472,48,188,3,2025-05-21,,,evaluacion_id inexistente (48)
28473,49,188,4.3,2025-05-29,,,evaluacion_id inexistente (49)
28474,50,188,3.3,2025-06-15,,,evaluacion_id inexistente (50)
28521,97,188,4,32-01-2025,,,fecha inválida (texto '32-01-2025')
28555,131,188,4,2025-10-03,,,evaluacion_id inexistente (131)
28556,132,188,4.4,2025-10-15,,,evaluacion_id inexistente (132)
28557,133,188,4.5,2025-10-25,,,evaluacion_id inexistente (133)
28558,134,188,3.9,2025-11-07,,,evaluacion_id inexistente (134)
28596,20,189,,2025-03-28,,,nota nula
28623,47,189,3.4,2025-05-03,,,evaluacion_id inexistente (47)
28624,48,189,3.6,2025-05-18,,,evaluacion_id inexistente (48)
28625,49,189,3.8,2025-05-29,,,evaluacion_id inexistente (49)
28626,50,189,2.5,2025-06-14,,,evaluacion_id inexistente (50)
28676,100,189,8,2025-08-01,,,nota fuera de rango (8.0)
28698,122,189,5.1,2025-11-03,,,nota fuera de rango (5.1)
28707,131,189,3.7,2025-10-07,,,evaluacion_id inexistente (131)
28708,132,189,3.9,2025-10-20,,,evaluacion_id inexistente (132)
28709,133,189,3.6,2025-10-28,,,evaluacion_id inexistente (133)
28710,134,189,4.6,2025-11-07,,,evaluacion_id inexistente (134)
28775,47,190,4.2,2025-05-04,,,evaluacion_id inexistente (47)
28776,48,190,3.9,2025-05-18,,,evaluacion_id inexistente (48)
28777,49,190,3.9,2025-05-31,,,evaluacion_id inexistente (49)
28778,50,190,4,2025-06-13,,,evaluacion_id inexistente (50)
28859,131,190,3.6,2025-10-08,,,evaluacion_id inexistente (131)
28860,132,190,3.6,2025-10-14,,,evaluacion_id inexistente (132)
28861,133,190,2.8,2025-10-24,,,evaluacion_id inexistente (133)
28862,134,190,3.2,2025-11-03,,,evaluacion_id inexistente (134)
28927,47,191,3.2,2025-05-08,,,evaluacion_id inexistente (47)
28928,48,191,3.3,2025-05-21,,,evaluacion_id inexistente (48)
28929,49,191,3.1,2025-05-27,,,evaluacion_id inexistente (49)
28930,50,191,3.8,2025-06-13,,,evaluacion_id inexistente (50)
29011,131,191,3.9,2025-10-04,,,evaluacion_id inexistente (131)
29012,132,191,4.1,2025-10-15,,,evaluacion_id inexistente (132)
29013,133,191,3.4,2025-10-23,,,evaluacion_id inexistente (133)
29014,134,191,3.3,2025-11-04,,,evaluacion_id inexistente (134)
29079,47,192,4.3,2025-05-09,,,evaluacion_id inexistente (47)
29080,48,192,4.5,2025-05-15,,,evaluacion_id inexistente (48)
29081,49,192,4,2025-05-30,,,evaluacion_id inexistente (49)
29082,50,192,4.6,2025-06-11,,,evaluacion_id inexistente (50)
29163,131,192,3.8,2025-10-02,,,evaluacion_id inexistente (131)
29164,132,192,3.5,2025-10-15,,,evaluacion_id inexistente (132)
29165,133,192,4.2,2025-10-23,,,evaluacion_id inexistente (133)
29166,134,192,3.3,2025-11-10,,,evaluacion_id inexistente (134)
29231,47,193,4.7,2025-05-10,,,evaluacion_id inexistente (47)
29232,48,193,4.4,2025-05-20,,,evaluacion_id inexistente (48)
29233,49,193,4.8,2025-05-30,,,evaluacion_id inexistente (49)
29234,50,193,4.5,2025-06-10,,,evaluacion_id inexistente (50)
29315,131,193,4.2,2025-10-07,,,evaluacion_id inexistente (131)
29316,132,193,3.6,2025-10-19,,,evaluacion_id inexistente (132)
29317,133,193,4.4,2025-10-30,,,evaluacion_id inexistente (133)
29318,134,193,4.8,2025-11-03,,,evaluacion_id inexistente (134)
29383,47,194,3.7,2025-05-08,,,evaluacion_id inexistente (47)
29384,48,194,4.5,2025-05-15,,,evaluacion_id inexistente (48)
29385,49,194,3.4,2025-06-03,,,evaluacion_id inexistente (49)
29386,50,194,3,2025-06-12,,,evaluacion_id inexistente (50)
29427,9993,194,3.6,2025-08-25,,,evaluacion_id inexistente (9993)
29467,131,194,4.8,2025-10-03,,,evaluacion_id inexistente (131)
29468,132,194,3.8,2025-10-18,,,evaluacion_id inexistente (132)
29469,133,194,5,2025-10-26,,,evaluacion_id inexistente (133)
29470,134,194,4.5,2025-11-04,,,evaluacion_id inexistente (134)
29487,151,194,,2025-10-26,,,nota nula
29535,47,195,4,2025-05-08,,,evaluacion_id inexistente (47)
29536,48,195,4.5,2025-05-21,,,evaluacion_id inexistente (48)
29537,49,195,4.1,2025-06-03,,,evaluacion_id inexistente (49)
29538,50,195,3.3,2025-06-10,,,evaluacion_id inexistente (50)
29619,131,195,2.7,2025-10-03,,,evaluacion_id inexistente (131)
29620,132,195,3.4,2025-10-14,,,evaluacion_id inexistente (132)
29621,133,195,3.1,2025-10-26,,,evaluacion_id inexistente (133)
29622,134,195,3.4,2025-11-03,,,evaluacion_id inexistente (134)
29687,47,196,3.1,2025-05-03,,,evaluacion_id inexistente (47)
29688,48,196,4.2,2025-05-20,,,evaluacion_id inexistente (48)
29689,49,196,3.5,2025-05-28,,,evaluacion_id inexistente (49)
29690,50,196,4.3,2025-06-11,,,evaluacion_id inexistente (50)
29771,131,196,3.6,2025-10-07,,,evaluacion_id inexistente (131)
29772,132,196,4.2,2025-10-14,,,evaluacion_id inexistente (132)
29773,133,196,4.5,2025-10-29,,,evaluacion_id inexistente (133)
29774,134,196,4.1,2025-11-09,,,evaluacion_id inexistente (134)
29839,47,197,3.7,2025-05-06,,,evaluacion_id inexistente (47)
29840,48,197,3.2,2025-05-18,,,evaluacion_id inexistente (48)
29841,49,197,3.4,2025-06-02,,,evaluacion_id inexistente (49)
29842,50,197,4.2,2025-06-15,,,evaluacion_id inexistente (50)
29923,131,197,3.1,2025-10-06,,,evaluacion_id inexistente (131)
29924,132,197,3.8,2025-10-18,,,evaluacion_id inexistente (132)
29925,133,197,4,2025-10-28,,,evaluacion_id inexistente (133)
29926,134,197,3.6,2025-11-03,,,evaluacion_id inexistente (134)
29991,47,198,3.1,2025-05-08,,,evaluacion_id inexistente (47)
29992,48,198,2.5,2025-05-17,,,evaluacion_id inexistente (48)
29993,49,198,3.8,2025-05-29,,,evaluacion_id inexistente (49)
29994,50,198,2.3,2025-06-11,,,evaluacion_id inexistente (50)
30075,131,198,2,2025-10-08,,,evaluacion_id inexistente (131)
30076,132,198,3.5,2025-10-18,,,evaluacion_id inexistente (132)
30077,133,198,2.2,2025-10-26,,,evaluacion_id inexistente (133)
30078,134,198,2.7,2025-11-10,,,evaluacion_id inexistente (134)
30143,47,199,3.9,2025-05-06,,,evaluacion_id inexistente (47)
30144,48,199,3.8,2025-05-16,,,evaluacion_id inexistente (48)
30145,49,199,3.1,2025-05-31,,,evaluacion_id inexistente (49)
30146,50,199,3.5,2025-06-09,,,evaluacion_id inexistente (50)
30227,131,199,4.5,2025-10-07,,,evaluacion_id inexistente (131)
30228,132,199,3.1,2025-10-14,,,evaluacion_id inexistente (132)
30229,133,199,3.2,2025-10-26,,,evaluacion_id inexistente (133)
30230,134,199,3.4,2025-11-09,,,evaluacion_id inexistente (134)
30295,47,200,2.7,2025-05-04,,,evaluacion_id inexistente (47)
30296,48,200,2.4,2025-05-20,,,evaluacion_id inexistente (48)
30297,49,200,2.4,2025-05-27,,,evaluacion_id inexistente (49)
30298,50,200,3.1,2025-06-10,,,evaluacion_id inexistente (50)
30379,131,200,2.7,2025-10-06,,,evaluacion_id inexistente (131)
30380,132,200,2,2025-10-19,,,evaluacion_id inexistente (132)
30381,133,200,1.9,2025-10-29,,,evaluacion_id inexistente (133)
30382,134,200,1.7,2025-11-04,,,evaluacion_id inexistente (134)
30447,47,201,5,2025-05-06,,,evaluacion_id inexistente (47)
30448,48,201,4.7,2025-05-18,,,evaluacion_id inexistente (48)
30449,49,201,5,2025-05-31,,,evaluacion_id inexistente (49)
30450,50,201,5,2025-06-09,,,evaluacion_id inexistente (50)
30531,131,201,4,2025-10-06,,,evaluacion_id inexistente (131)
30532,132,201,5,2025-10-15,,,evaluacion_id inexistente (132)
30533,133,201,5,2025-10-27,,,evaluacion_id inexistente (133)
30534,134,201,4.6,2025-11-08,,,evaluacion_id inexistente (134)
30599,47,202,3.6,2025-05-10,,,evaluacion_id inexistente (47)
30600,48,202,3.8,2025-05-22,,,evaluacion_id inexistente (48)
30601,49,202,3.8,2025-06-03,,,evaluacion_id inexistente (49)
30602,50,202,3.7,2025-06-14,,,evaluacion_id inexistente (50)
30683,131,202,3.6,2025-10-08,,,evaluacion_id inexistente (131)
30684,132,202,3.4,2025-10-17,,,evaluacion_id inexistente (132)
30685,133,202,3.9,2025-10-26,,,evaluacion_id inexistente (133)
30686,134,202,4.3,2025-11-09,,,evaluacion_id inexistente (134)
30751,47,203,3.4,2025-05-08,,,evaluacion_id inexistente (47)
30752,48,203,2.2,2025-05-15,,,evaluacion_id inexistente (48)
30753,49,203,2.8,2025-05-29,,,evaluacion_id inexistente (49)
30754,50,203,3.2,2025-06-10,,,evaluacion_id inexistente (50)
30804,100,203,sin nota,2025-08-02,,,nota no numérica ('sin nota')
30835,131,203,1.9,2025-10-09,,,evaluacion_id inexistente (131)
30836,132,203,3.1,2025-10-14,,,evaluacion_id inexistente (132)
30837,133,203,2.8,2025-10-28,,,evaluacion_id inexistente (133)
30838,134,203,3,2025-11-08,,,evaluacion_id inexistente (134)
30903,47,204,4.3,2025-05-03,,,evaluacion_id inexistente (47)
30904,48,204,4,2025-05-22,,,evaluacion_id inexistente (48)
30905,49,204,3.9,2025-05-29,,,evaluacion_id inexistente (49)
30906,50,204,4.8,2025-06-14,,,evaluacion_id inexistente (50)
30987,131,204,3.5,2025-10-03,,,evaluacion_id inexistente (131)
30988,132,204,3.6,2025-10-14,,,evaluacion_id inexistente (132)
30989,133,204,3.5,2025-10-24,,,evaluacion_id inexistente (133)
30990,134,204,4.1,2025-11-04,,,evaluacion_id inexistente (134)
31055,47,205,4.9,2025-05-04,,,evaluacion_id inexistente (47)
31056,48,205,4.7,2025-05-18,,,evaluacion_id inexistente (48)
31057,49,205,4.7,2025-06-02,,,evaluacion_id inexistente (49)
31058,50,205,5,2025-06-09,,,evaluacion_id inexistente (50)
31139,131,205,4,2025-10-06,,,evaluacion_id inexistente (131)
31140,132,205,3.6,2025-10-18,,,evaluacion_id inexistente (132)
31141,133,205,4.1,2025-10-23,,,evaluacion_id inexistente (133)
31142,134,205,4.3,2025-11-06,,,evaluacion_id inexistente (134)
31206,46,206,2.8,2027-03-15,,,fecha futura (2027-03-15)
31207,47,206,3.2,2025-05-05,,,evaluacion_id inexistente (47)
31208,48,206,1.9,2025-05-22,,,evaluacion_id inexistente (48)
31209,49,206,3,2025-05-31,,,evaluacion_id inexistente (49)
31210,50,206,2.8,2025-06-10,,,evaluacion_id inexistente (50)
31291,131,206,3.5,2025-10-07,,,evaluacion_id inexistente (131)
31292,132,206,4,2025-10-20,,,evaluacion_id inexistente (132)
31293,133,206,3.7,2025-10-23,,,evaluacion_id inexistente (133)
31294,134,206,4.1,2025-11-10,,,evaluacion_id inexistente (134)
31359,47,207,3.7,2025-05-05,,,evaluacion_id inexistente (47)
31360,48,207,3.8,2025-05-19,,,evaluacion_id inexistente (48)
31361,49,207,4.1,2025-05-29,,,evaluacion_id inexistente (49)
31362,50,207,4,2025-06-14,,,evaluacion_id inexistente (50)
31443,131,207,3.8,2025-10-08,,,evaluacion_id inexistente (131)
31444,132,207,3.5,2025-10-14,,,evaluacion_id inexistente (132)
31445,133,207,3.9,2025-10-29,,,evaluacion_id inexistente (133)
31446,134,207,3,2025-11-04,,,evaluacion_id inexistente (134)
31511,47,208,4.4,2025-05-09,,,evaluacion_id inexistente (47)
31512,48,208,4,2025-05-22,,,evaluacion_id inexistente (48)
31513,49,208,3.6,2025-05-30,,,evaluacion_id inexistente (49)
31514,50,208,3.9,2025-06-13,,,evaluacion_id inexistente (50)
31595,131,208,4.7,2025-10-08,,,evaluacion_id inexistente (131)
31596,132,208,4.5,2025-10-16,,,evaluacion_id inexistente (132)
31597,133,208,4.8,2025-10-29,,,evaluacion_id inexistente (133)
31598,134,208,4.3,2025-11-07,,,evaluacion_id inexistente (134)
31663,47,209,5,2025-05-09,,,evaluacion_id inexistente (47)
31664,48,209,5,2025-05-16,,,evaluacion_id inexistente (48)
31665,49,209,4.9,2025-05-31,,,evaluacion_id inexistente (49)
31666,50,209,5,2025-06-14,,,evaluacion_id inexistente (50)
31747,131,209,4.6,2025-10-07,,,evaluacion_id inexistente (131)
31748,132,209,4.6,2025-10-17,,,evaluacion_id inexistente (132)
31749,133,209,4.1,2025-10-23,,,evaluacion_id inexistente (133)
31750,134,209,4.3,2025-11-05,,,evaluacion_id inexistente (134)
31815,47,210,3.9,2025-05-05,,,evaluacion_id inexistente (47)
31816,48,210,4.3,2025-05-15,,,evaluacion_id inexistente (48)
31817,49,210,3.6,2025-05-31,,,evaluacion_id inexistente (49)
31818,50,210,4.5,2025-06-11,,,evaluacion_id inexistente (50)
31899,131,210,3.9,2025-10-09,,,evaluacion_id inexistente (131)
31900,132,210,4,2025-10-15,,,evaluacion_id inexistente (132)
31901,133,210,4,2025-10-30,,,evaluacion_id inexistente (133)
31902,134,210,4.2,2025-11-03,,,evaluacion_id inexistente (134)
31918,150,210,3.7,2027-03-15,,,fecha futura (2027-03-15)
31967,47,211,3.8,2025-05-04,,,evaluacion_id inexistente (47)
31968,48,211,3.6,2025-05-17,,,evaluacion_id inexistente (48)
31969,49,211,4.7,2025-05-31,,,evaluacion_id inexistente (49)
31970,50,211,3.4,2025-06-12,,,evaluacion_id inexistente (50)
32016,96,211,,2025-09-06,,,nota nula
32045,9990,211,4.2,2025-10-29,,,evaluacion_id inexistente (9990)
32051,131,211,3.5,2025-10-05,,,evaluacion_id inexistente (131)
32052,132,211,4.1,2025-10-18,,,evaluacion_id inexistente (132)
32053,133,211,4.2,2025-10-23,,,evaluacion_id inexistente (133)
32054,134,211,3.9,2025-11-05,,,evaluacion_id inexistente (134)
32073,1,212,2.5,2025-02-18,,,estudiante_id inexistente (212)
32074,2,212,2.4,2025-03-01,,,estudiante_id inexistente (212)
32075,3,212,2.6,2025-03-15,,,estudiante_id inexistente (212)
32076,4,212,3.1,2025-03-31,,,estudiante_id inexistente (212)
32077,5,212,1.8,2025-02-19,,,estudiante_id inexistente (212)
32078,6,212,1.9,2025-03-04,,,estudiante_id inexistente (212)
32079,7,212,2.3,2025-03-21,,,estudiante_id inexistente (212)
32080,8,212,2.3,2025-04-04,,,estudiante_id inexistente (212)
32081,9,212,2.3,2025-02-21,,,estudiante_id inexistente (212)
32082,10,212,3.2,2025-03-02,,,estudiante_id inexistente (212)
32083,11,212,3.3,2025-03-20,,,estudiante_id inexistente (212)
32084,12,212,3,2025-03-29,,,estudiante_id inexistente (212)
32085,13,212,2.9,2025-02-17,,,estudiante_id inexistente (212)
32086,14,212,3,2025-03-06,,,estudiante_id inexistente (212)
32087,15,212,2.6,2025-03-17,,,estudiante_id inexistente (212)
32088,16,212,3,2025-03-30,,,estudiante_id inexistente (212)
32089,17,212,1.6,2025-02-20,,,estudiante_id inexistente (212)
32090,18,212,2.1,2025-03-06,,,estudiante_id inexistente (212)
32091,19,212,2.3,2025-03-18,,,estudiante_id inexistente (212)
32092,20,212,1.8,2025-03-30,,,estudiante_id inexistente (212)
32093,21,212,3,2025-02-22,,,estudiante_id inexistente (212)
32094,22,212,2.4,2025-03-11,,,estudiante_id inexistente (212)
32095,23,212,2.6,2025-03-28,,,estudiante_id inexistente (212)
32096,24,212,2.6,2025-02-20,,,estudiante_id inexistente (212)
32097,25,212,2.8,2025-03-12,,,estudiante_id inexistente (212)
32098,26,212,2.3,2025-03-28,,,estudiante_id inexistente (212)
32099,27,212,2,2025-02-18,,,estudiante_id inexistente (212)
32100,28,212,1.9,2025-03-07,,,estudiante_id inexistente (212)
32101,29,212,1.7,2025-03-21,,,estudiante_id inexistente (212)
32102,30,212,1.6,2025-04-03,,,estudiante_id inexistente (212)
32103,31,212,2.8,2025-02-16,,,estudiante_id inexistente (212)
32104,32,212,2.6,2025-03-01,,,estudiante_id inexistente (212)
32105,33,212,3,2025-03-18,,,estudiante_id inexistente (212)
32106,34,212,1.9,2025-03-30,,,estudiante_id inexistente (212)
32107,35,212,2.7,2025-02-17,,,estudiante_id inexistente (212)
32108,36,212,2.2,2025-03-02,,,estudiante_id inexistente (212)
32109,37,212,1.7,2025-03-22,,,estudiante_id inexistente (212)
32110,38,212,2,2025-04-03,,,estudiante_id inexistente (212)
32111,39,212,3,2025-05-10,,,estudiante_id inexistente (212)
32112,40,212,2.7,2025-05-18,,,estudiante_id inexistente (212)
32113,41,212,2.8,2025-05-28,,,estudiante_id inexistente (212)
32114,42,212,2.3,2025-06-10,,,estudiante_id inexistente (212)
32115,43,212,2.6,2025-05-09,,,estudiante_id inexistente (212)
32116,44,212,1.8,2025-05-16,,,estudiante_id inexistente (212)
32117,45,212,2.2,2025-05-28,,,estudiante_id inexistente (212)
32118,46,212,2.2,2025-06-11,,,estudiante_id inexistente (212)
32119,47,212,2.4,2025-05-08,,,estudiante_id inexistente (212)
32120,48,212,1.3,2025-05-15,,,estudiante_id inexistente (212)
32121,49,212,2.7,2025-05-30,,,estudiante_id inexistente (212)
32122,50,212,3.3,2025-06-08,,,estudiante_id inexistente (212)
32123,51,212,3.1,2025-05-04,,,estudiante_id inexistente (212)
32124,52,212,3.5,2025-05-17,,,estudiante_id inexistente (212)
32125,53,212,3.2,2025-05-30,,,estudiante_id inexistente (212)
32126,54,212,3.5,2025-06-09,,,estudiante_id inexistente (212)
32127,55,212,2,2025-05-03,,,estudiante_id inexistente (212)
32128,56,212,1.5,2025-05-16,,,estudiante_id inexistente (212)
32129,57,212,2.4,2025-05-31,,,estudiante_id inexistente (212)
32130,58,212,2.3,2025-06-14,,,estudiante_id inexistente (212)
32131,59,212,3.9,2025-05-13,,,estudiante_id inexistente (212)
32132,60,212,2.5,2025-05-24,,,estudiante_id inexistente (212)
32133,61,212,2.2,2025-06-06,,,estudiante_id inexistente (212)
32134,62,212,3,2025-05-09,,,estudiante_id inexistente (212)
32135,63,212,3,2025-05-23,,,estudiante_id inexistente (212)
32136,64,212,2.4,2025-06-09,,,estudiante_id inexistente (212)
32137,65,212,2.5,2025-05-07,,,estudiante_id inexistente (212)
32138,66,212,2.9,2025-05-17,,,estudiante_id inexistente (212)
32139,67,212,0.9,2025-06-03,,,estudiante_id inexistente (212)
32140,68,212,1.6,2025-06-15,,,estudiante_id inexistente (212)
32141,69,212,2.9,2025-05-09,,,estudiante_id inexistente (212)
32142,70,212,2.4,2025-05-15,,,estudiante_id inexistente (212)
32143,71,212,3.4,2025-05-30,,,estudiante_id inexistente (212)
32144,72,212,2.9,2025-06-14,,,estudiante_id inexistente (212)
32145,73,212,2.3,2025-05-03,,,estudiante_id inexistente (212)
32146,74,212,3,2025-05-15,,,estudiante_id inexistente (212)
32147,75,212,2.6,2025-06-03,,,estudiante_id inexistente (212)
32148,76,212,1.6,2025-06-13,,,estudiante_id inexistente (212)
32149,77,212,2.2,2025-07-28,,,estudiante_id inexistente (212)
32150,78,212,2.2,2025-08-12,,,estudiante_id inexistente (212)
32151,79,212,2.8,2025-08-22,,,estudiante_id inexistente (212)
32152,80,212,2.9,2025-09-02,,,estudiante_id inexistente (212)
32153,81,212,2,2025-07-29,,,estudiante_id inexistente (212)
32154,82,212,1.8,2025-08-09,,,estudiante_id inexistente (212)
32155,83,212,2.6,2025-08-26,,,estudiante_id inexistente (212)
32156,84,212,2.2,2025-09-01,,,estudiante_id inexistente (212)
32157,85,212,3,2025-07-29,,,estudiante_id inexistente (212)
32158,86,212,2.7,2025-08-13,,,estudiante_id inexistente (212)
32159,87,212,1.7,2025-08-21,,,estudiante_id inexistente (212)
32160,88,212,2.5,2025-09-04,,,estudiante_id inexistente (212)
32161,89,212,3.2,2025-08-01,,,estudiante_id inexistente (212)
32162,90,212,2.6,2025-08-11,,,estudiante_id inexistente (212)
32163,91,212,3.2,2025-08-23,,,estudiante_id inexistente (212)
32164,92,212,3.2,2025-09-06,,,estudiante_id inexistente (212)
32165,93,212,2.2,2025-08-01,,,estudiante_id inexistente (212)
32166,94,212,1.7,2025-08-14,,,estudiante_id inexistente (212)
32167,95,212,2.3,2025-08-20,,,estudiante_id inexistente (212)
32168,96,212,1.6,2025-09-01,,,estudiante_id inexistente (212)
32169,97,212,3.2,2025-07-29,,,estudiante_id inexistente (212)
32170,98,212,2.8,2025-08-20,,,estudiante_id inexistente (212)
32171,99,212,2.8,2025-09-04,,,estudiante_id inexistente (212)
32172,100,212,3.4,2025-07-31,,,estudiante_id inexistente (212)
32173,101,212,2.9,2025-08-15,,,estudiante_id inexistente (212)
32174,102,212,3.4,2025-08-30,,,estudiante_id inexistente (212)
32175,103,212,1.4,2025-07-28,,,estudiante_id inexistente (212)
32176,104,212,1.9,2025-08-07,,,estudiante_id inexistente (212)
32177,105,212,1.6,2025-08-21,,,estudiante_id inexistente (212)
32178,106,212,1.6,2025-09-06,,,estudiante_id inexistente (212)
32179,107,212,2.2,2025-07-26,,,estudiante_id inexistente (212)
32180,108,212,3.4,2025-08-14,,,estudiante_id inexistente (212)
32181,109,212,2,2025-08-19,,,estudiante_id inexistente (212)
32182,110,212,3.1,2025-08-31,,,estudiante_id inexistente (212)
32183,111,212,2.6,2025-07-27,,,estudiante_id inexistente (212)
32184,112,212,2.3,2025-08-11,,,estudiante_id inexistente (212)
32185,113,212,2.6,2025-08-19,,,estudiante_id inexistente (212)
32186,114,212,1.8,2025-09-06,,,estudiante_id inexistente (212)
32187,115,212,2.3,2025-10-06,,,estudiante_id inexistente (212)
32188,116,212,1.9,2025-10-18,,,estudiante_id inexistente (212)
32189,117,212,1.7,2025-10-25,,,estudiante_id inexistente (212)
32190,118,212,1.5,2025-11-03,,,estudiante_id inexistente (212)
32191,119,212,2.1,2025-10-04,,,estudiante_id inexistente (212)
32192,120,212,1.7,2025-10-17,,,estudiante_id inexistente (212)
32193,121,212,2.2,2025-10-27,,,estudiante_id inexistente (212)
32194,122,212,0.8,2025-11-06,,,estudiante_id inexistente (212)
32195,123,212,2.6,2025-10-08,,,estudiante_id inexistente (212)
32196,124,212,2.3,2025-10-20,,,estudiante_id inexistente (212)
32197,125,212,2.7,2025-10-28,,,estudiante_id inexistente (212)
32198,126,212,2.6,2025-11-05,,,estudiante_id inexistente (212)
32199,127,212,2.9,2025-10-06,,,estudiante_id inexistente (212)
32200,128,212,2.7,2025-10-16,,,estudiante_id inexistente (212)
32201,129,212,3.1,2025-10-29,,,estudiante_id inexistente (212)
32202,130,212,3.6,2025-11-05,,,estudiante_id inexistente (212)
32203,131,212,2.2,2025-10-08,,,estudiante_id inexistente (212)
32204,132,212,1.9,2025-10-15,,,estudiante_id inexistente (212)
32205,133,212,2,2025-10-30,,,estudiante_id inexistente (212)
32206,134,212,2.2,2025-11-06,,,estudiante_id inexistente (212)
32207,135,212,3.6,2025-10-11,,,estudiante_id inexistente (212)
32208,136,212,3.7,2025-10-21,,,estudiante_id inexistente (212)
32209,137,212,2.9,2025-10-31,,,estudiante_id inexistente (212)
32210,138,212,2.9,2025-10-11,,,estudiante_id inexistente (212)
32211,139,212,3.1,2025-10-19,,,estudiante_id inexistente (212)
32212,140,212,2.4,2025-11-02,,,estudiante_id inexistente (212)
32213,141,212,2.6,2025-10-04,,,estudiante_id inexistente (212)
32214,142,212,1.9,2025-10-18,,,estudiante_id inexistente (212)
32215,143,212,2.1,2025-10-28,,,estudiante_id inexistente (212)
32216,144,212,1,2025-11-09,,,estudiante_id inexistente (212)
32217,145,212,3.1,2025-10-03,,,estudiante_id inexistente (212)
32218,146,212,2,2025-10-14,,,estudiante_id inexistente (212)
32219,147,212,1.9,2025-10-29,,,estudiante_id inexistente (212)
32220,148,212,3.5,2025-11-08,,,estudiante_id inexistente (212)
32221,149,212,1.8,2025-10-02,,,estudiante_id inexistente (212)
32222,150,212,1.8,2025-10-17,,,estudiante_id inexistente (212)
32223,151,212,2.2,2025-10-29,,,estudiante_id inexistente (212)
32224,152,212,2.1,2025-11-10,,,estudiante_id inexistente (212)
32271,47,213,2.1,2025-05-07,,,evaluacion_id inexistente (47)
32272,48,213,3.1,2025-05-20,,,evaluacion_id inexistente (48)
32273,49,213,3.4,2025-06-03,,,evaluacion_id inexistente (49)
32274,50,213,3.3,2025-06-08,,,evaluacion_id inexistente (50)
32355,131,213,3.5,2025-10-07,,,evaluacion_id inexistente (131)
32356,132,213,3.4,2025-10-19,,,evaluacion_id inexistente (132)
32357,133,213,3.9,2025-10-26,,,evaluacion_id inexistente (133)
32358,134,213,3.5,2025-11-06,,,evaluacion_id inexistente (134)
32396,20,214,--,2025-04-02,,,nota no numérica ('--')
32423,47,214,4.7,2025-05-07,,,evaluacion_id inexistente (47)
32424,48,214,5,2025-05-21,,,evaluacion_id inexistente (48)
32425,49,214,4.8,2025-06-02,,,evaluacion_id inexistente (49)
32426,50,214,4.6,2025-06-10,,,evaluacion_id inexistente (50)
32507,131,214,4.3,2025-10-06,,,evaluacion_id inexistente (131)
32508,132,214,4.9,2025-10-16,,,evaluacion_id inexistente (132)
32509,133,214,3.9,2025-10-24,,,evaluacion_id inexistente (133)
32510,134,214,3.9,2025-11-07,,,evaluacion_id inexistente (134)
32575,47,215,2.8,2025-05-03,,,evaluacion_id inexistente (47)
32576,48,215,2.5,2025-05-19,,,evaluacion_id inexistente (48)
32577,49,215,2.7,2025-06-03,,,evaluacion_id inexistente (49)
32578,50,215,2,2025-06-15,,,evaluacion_id inexistente (50)
32619,9992,215,2.5,2025-08-25,,,evaluacion_id inexistente (9992)
32659,131,215,3.2,2025-10-04,,,evaluacion_id inexistente (131)
32660,132,215,3.2,2025-10-15,,,evaluacion_id inexistente (132)
32661,133,215,2.6,2025-10-24,,,evaluacion_id inexistente (133)
32662,134,215,2.2,2025-11-05,,,evaluacion_id inexistente (134)
32715,35,216,,2025-02-21,,,nota nula
32727,47,216,4.1,2025-05-09,,,evaluacion_id inexistente (47)
32728,48,216,4.1,2025-05-20,,,evaluacion_id inexistente (48)
32729,49,216,4.1,2025-06-01,,,evaluacion_id inexistente (49)
32730,50,216,3.8,2025-06-12,,,evaluacion_id inexistente (50)
32811,131,216,2.9,2025-10-09,,,evaluacion_id inexistente (131)
32812,132,216,3.3,2025-10-15,,,evaluacion_id inexistente (132)
32813,133,216,4.2,2025-10-24,,,evaluacion_id inexistente (133)
32814,134,216,4.6,2025-11-05,,,evaluacion_id inexistente (134)
32879,47,217,3.5,2025-05-04,,,evaluacion_id inexistente (47)
32880,48,217,3.2,2025-05-19,,,evaluacion_id inexistente (48)
32881,49,217,3.7,2025-05-29,,,evaluacion_id inexistente (49)
32882,50,217,2.9,2025-06-08,,,evaluacion_id inexistente (50)
32916,84,217,-2,2025-08-31,,,nota fuera de rango (-2.0)
32963,131,217,3,2025-10-05,,,evaluacion_id inexistente (131)
32964,132,217,2.7,2025-10-13,,,evaluacion_id inexistente (132)
32965,133,217,2.6,2025-10-28,,,evaluacion_id inexistente (133)
32966,134,217,3.1,2025-11-05,,,evaluacion_id inexistente (134)
33031,47,218,3.2,2025-05-07,,,evaluacion_id inexistente (47)
33032,48,218,3.6,2025-05-18,,,evaluacion_id inexistente (48)
33033,49,218,4.2,2025-05-31,,,evaluacion_id inexistente (49)
33034,50,218,4.1,2025-06-11,,,evaluacion_id inexistente (50)
33115,131,218,3.3,2025-10-04,,,evaluacion_id inexistente (131)
33116,132,218,2.8,2025-10-14,,,evaluacion_id inexistente (132)
33117,133,218,3,2025-10-23,,,evaluacion_id inexistente (133)
33118,134,218,2.8,2025-11-07,,,evaluacion_id inexistente (134)
33183,47,219,3.7,2025-05-06,,,evaluacion_id inexistente (47)
33184,48,219,4.1,2025-05-17,,,evaluacion_id inexistente (48)
33185,49,219,4.4,2025-06-02,,,evaluacion_id inexistente (49)
33186,50,219,3.6,2025-06-12,,,evaluacion_id inexistente (50)
33267,131,219,3.3,2025-10-08,,,evaluacion_id inexistente (131)
33268,132,219,3.4,2025-10-15,,,evaluacion_id inexistente (132)
33269,133,219,3.8,2025-10-28,,,evaluacion_id inexistente (133)
33270,134,219,3.8,2025-11-04,,,evaluacion_id inexistente (134)
33316,28,992,3.5,2025-03-04,,,estudiante_id inexistente (992)
33335,47,220,3.1,2025-05-03,,,evaluacion_id inexistente (47)
33336,48,220,3.7,2025-05-18,,,evaluacion_id inexistente (48)
33337,49,220,2.7,2025-05-27,,,evaluacion_id inexistente (49)
33338,50,220,2.8,2025-06-11,,,evaluacion_id inexistente (50)
33419,131,220,4.1,2025-10-03,,,evaluacion_id inexistente (131)
33420,132,220,3,2025-10-17,,,evaluacion_id inexistente (132)
33421,133,220,3.1,2025-10-25,,,evaluacion_id inexistente (133)
33422,134,220,2.8,2025-11-03,,,evaluacion_id inexistente (134)
33487,47,221,3.6,2025-05-09,,,evaluacion_id inexistente (47)
33488,48,221,3.4,2025-05-17,,,evaluacion_id inexistente (48)
33489,49,221,3.3,2025-05-28,,,evaluacion_id inexistente (49)
33490,50,221,3.4,2025-06-08,,,evaluacion_id inexistente (50)
33571,131,221,4,2025-10-06,,,evaluacion_id inexistente (131)
33572,132,221,3.6,2025-10-15,,,evaluacion_id inexistente (132)
33573,133,221,3.7,2025-10-27,,,evaluacion_id inexistente (133)
33574,134,221,3.3,2025-11-06,,,evaluacion_id inexistente (134)
33639,47,222,4.1,2025-05-03,,,evaluacion_id inexistente (47)
33640,48,222,3.6,2025-05-22,,,evaluacion_id inexistente (48)
33641,49,222,3.6,2025-05-27,,,evaluacion_id inexistente (49)
33642,50,222,4,2025-06-14,,,evaluacion_id inexistente (50)
33706,114,222,,2025-09-01,,,nota nula
33709,117,222,,2025-10-27,,,nota nula
33723,131,222,4.4,2025-10-08,,,evaluacion_id inexistente (131)
33724,132,222,4.7,2025-10-13,,,evaluacion_id inexistente (132)
33725,133,222,3.4,2025-10-28,,,evaluacion_id inexistente (133)
33726,134,222,4.5,2025-11-07,,,evaluacion_id inexistente (134)
33791,47,223,3.7,2025-05-03,,,evaluacion_id inexistente (47)
33792,48,223,3.6,2025-05-16,,,evaluacion_id inexistente (48)
33793,49,223,3.3,2025-06-03,,,evaluacion_id inexistente (49)
33794,50,223,4.4,2025-06-12,,,evaluacion_id inexistente (50)
33875,131,223,3.5,2025-10-03,,,evaluacion_id inexistente (131)
33876,132,223,2.9,2025-10-16,,,evaluacion_id inexistente (132)
33877,133,223,2.2,2025-10-29,,,evaluacion_id inexistente (133)
33878,134,223,2.4,2025-11-05,,,evaluacion_id inexistente (134)
33943,47,224,1.9,2025-05-09,,,evaluacion_id inexistente (47)
33944,48,224,2.9,2025-05-16,,,evaluacion_id inexistente (48)
33945,49,224,2.8,2025-05-27,,,evaluacion_id inexistente (49)
33946,50,224,2.5,2025-06-11,,,evaluacion_id inexistente (50)
34027,131,224,3.2,2025-10-09,,,evaluacion_id inexistente (131)
34028,132,224,3,2025-10-16,,,evaluacion_id inexistente (132)
34029,133,224,2.8,2025-10-23,,,evaluacion_id inexistente (133)
34030,134,224,2.8,2025-11-03,,,evaluacion_id inexistente (134)
34095,47,225,4.5,2025-05-05,,,evaluacion_id inexistente (47)
34096,48,225,5,2025-05-22,,,evaluacion_id inexistente (48)
34097,49,225,5,2025-05-28,,,evaluacion_id inexistente (49)
34098,50,225,5,2025-06-15,,,evaluacion_id inexistente (50)
34179,131,225,4.5,2025-10-06,,,evaluacion_id inexistente (131)
34180,132,225,4.7,2025-10-15,,,evaluacion_id inexistente (132)
34181,133,225,3.4,2025-10-25,,,evaluacion_id inexistente (133)
34182,134,225,4.5,2025-11-05,,,evaluacion_id inexistente (134)
34247,47,226,4.7,2025-05-05,,,evaluacion_id inexistente (47)
34248,48,226,4,2025-05-21,,,evaluacion_id inexistente (48)
34249,49,226,3.3,2025-05-28,,,evaluacion_id inexistente (49)
34250,50,226,3.1,2025-06-11,,,evaluacion_id inexistente (50)
34331,131,226,4,2025-10-03,,,evaluacion_id inexistente (131)
34332,132,226,3.9,2025-10-16,,,evaluacion_id inexistente (132)
34333,133,226,4,2025-10-29,,,evaluacion_id inexistente (133)
34334,134,226,3.4,2025-11-08,,,evaluacion_id inexistente (134)
34399,47,227,3,2025-05-04,,,evaluacion_id inexistente (47)
34400,48,227,3.3,2025-05-22,,,evaluacion_id inexistente (48)
34401,49,227,4.8,2025-06-01,,,evaluacion_id inexistente (49)
34402,50,227,3.6,2025-06-15,,,evaluacion_id inexistente (50)
34483,131,227,4.5,2025-10-05,,,evaluacion_id inexistente (131)
34484,132,227,4.1,2025-10-20,,,evaluacion_id inexistente (132)
34485,133,227,4.5,2025-10-23,,,evaluacion_id inexistente (133)
34486,134,227,4.6,2025-11-07,,,evaluacion_id inexistente (134)
34551,47,228,3.6,2025-05-03,,,evaluacion_id inexistente (47)
34552,48,228,4.4,2025-05-17,,,evaluacion_id inexistente (48)
34553,49,228,3.9,2025-05-30,,,evaluacion_id inexistente (49)
34554,50,228,3.7,2025-06-08,,,evaluacion_id inexistente (50)
34635,131,228,3.3,2025-10-04,,,evaluacion_id inexistente (131)
34636,132,228,3.6,2025-10-17,,,evaluacion_id inexistente (132)
34637,133,228,4.2,2025-10-27,,,evaluacion_id inexistente (133)
34638,134,228,4.4,2025-11-08,,,evaluacion_id inexistente (134)
34703,47,229,5,2025-05-05,,,evaluacion_id inexistente (47)
34704,48,229,4.4,2025-05-17,,,evaluacion_id inexistente (48)
34705,49,229,4.6,2025-05-28,,,evaluacion_id inexistente (49)
34706,50,229,5,2025-06-10,,,evaluacion_id inexistente (50)
34787,131,229,4.6,2025-10-08,,,evaluacion_id inexistente (131)
34788,132,229,4,2025-10-16,,,evaluacion_id inexistente (132)
34789,133,229,4.6,2025-10-28,,,evaluacion_id inexistente (133)
34790,134,229,3.2,2025-11-03,,,evaluacion_id inexistente (134)
34855,47,230,3.7,2025-05-07,,,evaluacion_id inexistente (47)
34856,48,230,4.4,2025-05-18,,,evaluacion_id inexistente (48)
34857,49,230,4.2,2025-05-27,,,evaluacion_id inexistente (49)
34858,50,230,4.3,2025-06-12,,,evaluacion_id inexistente (50)
34939,131,230,4.7,2025-10-04,,,evaluacion_id inexistente (131)
34940,132,230,5,2025-10-17,,,evaluacion_id inexistente (132)
34941,133,230,4.7,2025-10-25,,,evaluacion_id inexistente (133)
34942,134,230,4.9,2025-11-08,,,evaluacion_id inexistente (134)
35007,47,231,3.8,2025-05-03,,,evaluacion_id inexistente (47)
35008,48,231,3.4,2025-05-22,,,evaluacion_id inexistente (48)
35009,49,231,3.4,2025-06-02,,,evaluacion_id inexistente (49)
35010,50,231,3.3,2025-06-10,,,evaluacion_id inexistente (50)
35091,131,231,4.2,2025-10-02,,,evaluacion_id inexistente (131)
35092,132,231,4,2025-10-20,,,evaluacion_id inexistente (132)
35093,133,231,3.8,2025-10-23,,,evaluacion_id inexistente (133)
35094,134,231,3.9,2025-11-05,,,evaluacion_id inexistente (134)
35159,47,232,2.6,2025-05-03,,,evaluacion_id inexistente (47)
35160,48,232,2.7,2025-05-15,,,evaluacion_id inexistente (48)
35161,49,232,3,2025-06-03,,,evaluacion_id inexistente (49)
35162,50,232,2.6,2025-06-14,,,evaluacion_id inexistente (50)
35243,131,232,3.9,2025-10-05,,,evaluacion_id inexistente (131)
35244,132,232,3.6,2025-10-15,,,evaluacion_id inexistente (132)
35245,133,232,2.6,2025-10-29,,,evaluacion_id inexistente (133)
35246,134,232,3.6,2025-11-06,,,evaluacion_id inexistente (134)
35311,47,233,4.6,2025-05-10,,,evaluacion_id inexistente (47)
35312,48,233,4.6,2025-05-22,,,evaluacion_id inexistente (48)
35313,49,233,4.5,2025-05-29,,,evaluacion_id inexistente (49)
35314,50,233,4.1,2025-06-13,,,evaluacion_id inexistente (50)
35395,131,233,3.6,2025-10-04,,,evaluacion_id inexistente (131)
35396,132,233,4,2025-10-16,,,evaluacion_id inexistente (132)
35397,133,233,4.7,2025-10-26,,,evaluacion_id inexistente (133)
35398,134,233,4.2,2025-11-08,,,evaluacion_id inexistente (134)
35463,47,234,2.8,2025-05-04,,,evaluacion_id inexistente (47)
35464,48,234,4.3,2025-05-15,,,evaluacion_id inexistente (48)
35465,49,234,4.4,2025-06-02,,,evaluacion_id inexistente (49)
35466,50,234,4.3,2025-06-09,,,evaluacion_id inexistente (50)
35547,131,234,3.7,2025-10-07,,,evaluacion_id inexistente (131)
35548,132,234,3.8,2025-10-14,,,evaluacion_id inexistente (132)
35549,133,234,3.8,2025-10-26,,,evaluacion_id inexistente (133)
35550,134,234,2.7,2025-11-08,,,evaluacion_id inexistente (134)
35574,6,235,,2025-03-06,,,nota nula
35615,47,235,3.7,2025-05-04,,,evaluacion_id inexistente (47)
35616,48,235,4,2025-05-16,,,evaluacion_id inexistente (48)
35617,49,235,4.7,2025-06-03,,,evaluacion_id inexistente (49)
35618,50,235,4.1,2025-06-15,,,evaluacion_id inexistente (50)
35699,131,235,2.3,2025-10-06,,,evaluacion_id inexistente (131)
35700,132,235,1.6,2025-10-20,,,evaluacion_id inexistente (132)
35701,133,235,2.9,2025-10-29,,,evaluacion_id inexistente (133)
35702,134,235,2.9,2025-11-09,,,evaluacion_id inexistente (134)
35767,47,236,4.6,2025-05-08,,,evaluacion_id inexistente (47)
35768,48,236,3.8,2025-05-18,,,evaluacion_id inexistente (48)
35769,49,236,4.8,2025-05-29,,,evaluacion_id inexistente (49)
35770,50,236,4.3,2025-06-12,,,evaluacion_id inexistente (50)
35851,131,236,4.2,2025-10-06,,,evaluacion_id inexistente (131)
35852,132,236,4.3,2025-10-18,,,evaluacion_id inexistente (132)
35853,133,236,3.9,2025-10-27,,,evaluacion_id inexistente (133)
35854,134,236,4.7,2025-11-06,,,evaluacion_id inexistente (134)
35919,47,237,3.8,2025-05-05,,,evaluacion_id inexistente (47)
35920,48,237,3.8,2025-05-17,,,evaluacion_id inexistente (48)
35921,49,237,3.8,2025-05-30,,,evaluacion_id inexistente (49)
35922,50,237,3.7,2025-06-15,,,evaluacion_id inexistente (50)
35940,68,237,,2025-06-08,,,nota nula
36003,131,237,3.9,2025-10-08,,,evaluacion_id inexistente (131)
36004,132,237,4.8,2025-10-20,,,evaluacion_id inexistente (132)
36005,133,237,4.3,2025-10-30,,,evaluacion_id inexistente (133)
36006,134,237,3.7,2025-11-10,,,evaluacion_id inexistente (134)
36071,47,238,3.5,2025-05-06,,,evaluacion_id inexistente (47)
36072,48,238,2.8,2025-05-19,,,evaluacion_id inexistente (48)
36073,49,238,4.2,2025-06-02,,,evaluacion_id inexistente (49)
36074,50,238,4,2025-06-14,,,evaluacion_id inexistente (50)
36155,131,238,2.7,2025-10-06,,,evaluacion_id inexistente (131)
36156,132,238,3.3,2025-10-20,,,evaluacion_id inexistente (132)
36157,133,238,2,2025-10-30,,,evaluacion_id inexistente (133)
36158,134,238,2.3,2025-11-04,,,evaluacion_id inexistente (134)
36223,47,239,2.4,2025-05-04,,,evaluacion_id inexistente (47)
36224,48,239,3.4,2025-05-19,,,evaluacion_id inexistente (48)
36225,49,239,2.9,2025-05-29,,,evaluacion_id inexistente (49)
36226,50,239,2.4,2025-06-13,,,evaluacion_id inexistente (50)
36307,131,239,3.1,2025-10-02,,,evaluacion_id inexistente (131)
36308,132,239,2.8,2025-10-16,,,evaluacion_id inexistente (132)
36309,133,239,4,2025-10-27,,,evaluacion_id inexistente (133)
36310,134,239,3.6,2025-11-07,,,evaluacion_id inexistente (134)
36357,29,240,3.9,2027-03-15,,,fecha futura (2027-03-15)
36375,47,240,4.3,2025-05-05,,,evaluacion_id inexistente (47)
36376,48,240,4.4,2025-05-16,,,evaluacion_id inexistente (48)
36377,49,240,4.2,2025-05-28,,,evaluacion_id inexistente (49)
36378,50,240,4.2,2025-06-15,,,evaluacion_id inexistente (50)
36459,131,240,3.4,2025-10-06,,,evaluacion_id inexistente (131)
36460,132,240,4,2025-10-14,,,evaluacion_id inexistente (132)
36461,133,240,3.7,2025-10-27,,,evaluacion_id inexistente (133)
36462,134,240,3.8,2025-11-04,,,evaluacion_id inexistente (134)
