grade_id,assessment_id,student_id,score,submission_date,feedback
GRD-00001,EVAL-SUB-MAT-10A-01,EST-001,3.5,2026-03-30,Muy buen análisis y resolución metodológica.
GRD-00002,EVAL-SUB-MAT-10A-02,EST-001,4.3,2026-03-30,"Aprobado, profundizar en temas teóricos."
GRD-00003,EVAL-SUB-MAT-10A-03,EST-001,4.2,2026-03-30,Muy buen análisis y resolución metodológica.
GRD-00004,EVAL-SUB-MAT-10A-04,EST-001,3.3,2026-03-30,"Buen trabajo, repasar ejercicios prácticos."
GRD-00005,EVAL-SUB-FIS-10A-01,EST-001,3.9,2026-03-30,"Desempeño bajo, requiere tutoría académica."
GRD-00006,EVAL-SUB-FIS-10A-02,EST-001,4.4,2026-03-30,Muy buen análisis y resolución metodológica.
GRD-00007,EVAL-SUB-FIS-10A-03,EST-001,3.6,2026-03-30,"Aprobado, profundizar en temas teóricos."
GRD-00008,EVAL-SUB-FIS-10A-04,EST-001,4.4,2026-03-30,"Insuficiente, programar plan de mejoramiento."
GRD-00009,EVAL-SUB-QUI-10A-01,EST-001,3.4,2026-03-30,Excelente dominio de los conceptos.
GRD-00010,EVAL-SUB-QUI-10A-02,EST-001,3.8,2026-03-30,Muy buen análisis y resolución metodológica.
GRD-00011,EVAL-SUB-QUI-10A-03,EST-001,3.3,2026-03-30,"Insuficiente, programar plan de mejoramiento."
GRD-00012,EVAL-SUB-QUI-10A-04,EST-001,3.3,2026-03-30,"Buen trabajo, repasar ejercicios prácticos."
GRD-00013,EVAL-SUB-ESP-10A-01,EST-001,3.4,2026-03-30,"Insuficiente, programar plan de mejoramiento."
GRD-00014,EVAL-SUB-ESP-10A-02,EST-001,4.6,2026-03-30,Excelente dominio de los conceptos.
GRD-00015,EVAL-SUB-ESP-10A-03,EST-001,3.2,2026-03-30,"Insuficiente, programar plan de mejoramiento."
GRD-00016,EVAL-SUB-ESP-10A-04,EST-001,3.5,2026-03-30,"Aprobado, profundizar en temas teóricos."
GRD-00017,EVAL-SUB-ING-10A-01,EST-001,3.6,2026-03-30,"Aprobado, profundizar en temas teóricos."
GRD-00018,EVAL-SUB-ING-10A-02,EST-001,3.6,2026-03-30,"Insuficiente, programar plan de mejoramiento."
GRD-00019,EVAL-SUB-ING-10A-03,EST-001,3.9,2026-03-30,Excelente dominio de los conceptos.
GRD-00020,EVAL-SUB-ING-10A-04,EST-001,4.1,2026-03-30,Excelente dominio de los conceptos.
GRD-00021,EVAL-SUB-MAT-10A-01,EST-005,4.5,2026-03-30,"Buen trabajo, repasar ejercicios prácticos."
GRD-00022,EVAL-SUB-MAT-10A-02,EST-005,3.8,2026-03-30,"Buen trabajo, repasar ejercicios prácticos."
GRD-00023,EVAL-SUB-MAT-10A-03,EST-005,3.2,2026-03-30,"Buen trabajo, repasar ejercicios prácticos."
GRD-00024,EVAL-SUB-MAT-10A-04,EST-005,2.8,2026-03-30,"Aprobado, profundizar en temas teóricos."
GRD-00025,EVAL-SUB-FIS-10A-01,EST-005,3.2,2026-03-30,"Buen trabajo, repasar ejercicios prácticos."
GRD-00026,EVAL-SUB-FIS-10A-02,EST-005,3.7,2026-03-30,"Insuficiente, programar plan de mejoramiento."
GRD-00027,EVAL-SUB-FIS-10A-03,EST-005,3.9,2026-03-30,Muy buen análisis y resolución metodológica.
GRD-00028,EVAL-SUB-FIS-10A-04,EST-005,3.1,2026-03-30,"Aprobado, profundizar en temas teóricos."
GRD-00029,EVAL-SUB-QUI-10A-01,EST-005,3.3,2026-03-30,"Aprobado, profundizar en temas teóricos."
GRD-00030,EVAL-SUB-QUI-10A-02,EST-005,4.3,2026-03-30,"Desempeño bajo, requiere tutoría académica."
GRD-00031,EVAL-SUB-QUI-10A-03,EST-005,4.3,2026-03-30,"Buen trabajo, repasar ejercicios prácticos."
GRD-00032,EVAL-SUB-QUI-10A-04,EST-005,3.5,2026-03-30,"Buen trabajo, repasar ejercicios prácticos."
GRD-00033,EVAL-SUB-ESP-10A-01,EST-005,3.9,2026-03-30,"Insuficiente, programar plan de mejoramiento."
GRD-00034,EVAL-SUB-ESP-10A-02,EST-005,3.9,2026-03-30,"Buen trabajo, repasar ejercicios prácticos."
GRD-00035,EVAL-SUB-ESP-10A-03,EST-005,3.8,2026-03-30,Muy buen análisis y resolución metodológica.
GRD-00036,EVAL-SUB-ESP-10A-04,EST-005,3.8,2026-03-30,Muy buen análisis y resolución metodológica.
GRD-00037,EVAL-SUB-ING-10A-01,EST-005,4.0,2026-03-30,Excelente dominio de los conceptos.
GRD-00038,EVAL-SUB-ING-10A-02,EST-005,3.9,2026-03-30,"Aprobado, profundizar en temas teóricos."
GRD-00039,EVAL-SUB-ING-10A-03,EST-005,4.2,2026-03-30,Muy buen análisis y resolución metodológica.
GRD-00040,EVAL-SUB-ING-10A-04,EST-005,4.0,2026-03-30,"Desempeño bajo, requiere tutoría académica."
GRD-00041,EVAL-SUB-MAT-10A-01,EST-009,3.8,2026-03-30,"Insuficiente, programar plan de mejoramiento."
GRD-00042,EVAL-SUB-MAT-10A-02,EST-009,3.2,2026-03-30,"Desempeño bajo, requiere tutoría académica."
GRD-00043,EVAL-SUB-MAT-10A-03,EST-009,3.4,2026-03-30,"Desempeño bajo, requiere tutoría académica."
GRD-00044,EVAL-SUB-MAT-10A-04,EST-009,3.7,2026-03-30,"Desempeño bajo, requiere tutoría académica."
GRD-00045,EVAL-SUB-FIS-10A-01,EST-009,3.8,2026-03-30,"Aprobado, profundizar en temas teóricos."
GRD-00046,EVAL-SUB-FIS-10A-02,EST-009,3.1,2026-03-30,Muy buen análisis y resolución metodológica.
GRD-00047,EVAL-SUB-FIS-10A-03,EST-009,3.8,2026-03-30,Excelente dominio de los conceptos.
GRD-00048,EVAL-SUB-FIS-10A-04,EST-009,2.9,2026-03-30,Excelente dominio de los conceptos.
GRD-00049,EVAL-SUB-QUI-10A-01,EST-009,2.3,2026-03-30,Excelente dominio de los conceptos.
GRD-00050,EVAL-SUB-QUI-10A-02,EST-009,3.2,2026-03-30,Excelente dominio de los conceptos.
GRD-00051,EVAL-SUB-QUI-10A-03,EST-009,3.8,2026-03-30,"Buen trabajo, repasar ejercicios prácticos."
GRD-00052,EVAL-SUB-QUI-10A-04,EST-009,3.8,2026-03-30,"Buen trabajo, repasar ejercicios prácticos."
GRD-00053,EVAL-SUB-ESP-10A-01,EST-009,4.1,2026-03-30,"Desempeño bajo, requiere tutoría académica."
GRD-00054,EVAL-SUB-ESP-10A-02,EST-009,3.8,2026-03-30,Excelente dominio de los conceptos.
GRD-00055,EVAL-SUB-ESP-10A-03,EST-009,4.1,2026-03-30,"Desempeño bajo, requiere tutoría académica."
GRD-00056,EVAL-SUB-ESP-10A-04,EST-009,3.9,2026-03-30,Excelente dominio de los conceptos.
GRD-00057,EVAL-SUB-ING-10A-01,EST-009,2.7,2026-03-30,Excelente dominio de los conceptos.
GRD-00058,EVAL-SUB-ING-10A-02,EST-009,3.2,2026-03-30,Excelente dominio de los conceptos.
GRD-00059,EVAL-SUB-ING-10A-03,EST-009,3.1,2026-03-30,Excelente dominio de los conceptos.
GRD-00060,EVAL-SUB-ING-10A-04,EST-009,4.4,2026-03-30,"Buen trabajo, repasar ejercicios prácticos."
GRD-00061,EVAL-SUB-MAT-10A-01,EST-013,2.5,2026-03-30,"Desempeño bajo, requiere tutoría académica."
GRD-00062,EVAL-SUB-MAT-10A-02,EST-013,3.3,2026-03-30,Excelente dominio de los conceptos.
GRD-00063,EVAL-SUB-MAT-10A-03,EST-013,3.0,2026-03-30,"Desempeño bajo, requiere tutoría académica."
GRD-00064,EVAL-SUB-MAT-10A-04,EST-013,3.0,2026-03-30,"Aprobado, profundizar en temas teóricos."
GRD-00065,EVAL-SUB-FIS-10A-01,EST-013,3.8,2026-03-30,"Aprobado, profundizar en temas teóricos."
GRD-00066,EVAL-SUB-FIS-10A-02,EST-013,2.6,2026-03-30,"Desempeño bajo, requiere tutoría académica."
GRD-00067,EVAL-SUB-FIS-10A-03,EST-013,2.7,2026-03-30,"Insuficiente, programar plan de mejoramiento."
GRD-00068,EVAL-SUB-FIS-10A-04,EST-013,2.2,2026-03-30,Muy buen análisis y resolución metodológica.
GRD-00069,EVAL-SUB-QUI-10A-01,EST-013,2.9,2026-03-30,"Aprobado, profundizar en temas teóricos."
GRD-00070,EVAL-SUB-QUI-10A-02,EST-013,2.7,2026-03-30,"Buen trabajo, repasar ejercicios prácticos."
GRD-00071,EVAL-SUB-QUI-10A-03,EST-013,3.6,2026-03-30,"Insuficiente, programar plan de mejoramiento."
GRD-00072,EVAL-SUB-QUI-10A-04,EST-013,2.9,2026-03-30,Excelente dominio de los conceptos.
GRD-00073,EVAL-SUB-ESP-10A-01,EST-013,3.0,2026-03-30,"Insuficiente, programar plan de mejoramiento."
GRD-00074,EVAL-SUB-ESP-10A-02,EST-013,2.8,2026-03-30,"Desempeño bajo, requiere tutoría académica."
GRD-00075,EVAL-SUB-ESP-10A-03,EST-013,2.0,2026-03-30,"Buen trabajo, repasar ejercicios prácticos."
GRD-00076,EVAL-SUB-ESP-10A-04,EST-013,3.0,2026-03-30,Excelente dominio de los conceptos.
GRD-00077,EVAL-SUB-ING-10A-01,EST-013,3.2,2026-03-30,"Buen trabajo, repasar ejercicios prácticos."
GRD-00078,EVAL-SUB-ING-10A-02,EST-013,2.9,2026-03-30,Excelente dominio de los conceptos.
GRD-00079,EVAL-SUB-ING-10A-03,EST-013,2.4,2026-03-30,"Buen trabajo, repasar ejercicios prácticos."
GRD-00080,EVAL-SUB-ING-10A-04,EST-013,2.6,2026-03-30,"Desempeño bajo, requiere tutoría académica."
GRD-00081,EVAL-SUB-MAT-10A-01,EST-017,5.0,2026-03-30,"Buen trabajo, repasar ejercicios prácticos."
GRD-00082,EVAL-SUB-MAT-10A-02,EST-017,4.3,2026-03-30,Excelente dominio de los conceptos.
GRD-00083,EVAL-SUB-MAT-10A-03,EST-017,4.4,2026-03-30,"Desempeño bajo, requiere tutoría académica."
GRD-00084,EVAL-SUB-MAT-10A-04,EST-017,4.1,2026-03-30,"Aprobado, profundizar en temas teóricos."
GRD-00085,EVAL-SUB-FIS-10A-01,EST-017,3.9,2026-03-30,"Aprobado, profundizar en temas teóricos."
GRD-00086,EVAL-SUB-FIS-10A-02,EST-017,4.6,2026-03-30,"Buen trabajo, repasar ejercicios prácticos."
GRD-00087,EVAL-SUB-FIS-10A-03,EST-017,5.0,2026-03-30,"Aprobado, profundizar en temas teóricos."
GRD-00088,EVAL-SUB-FIS-10A-04,EST-017,3.8,2026-03-30,"Aprobado, profundizar en temas teóricos."
GRD-00089,EVAL-SUB-QUI-10A-01,EST-017,4.9,2026-03-30,"Desempeño bajo, requiere tutoría académica."
GRD-00090,EVAL-SUB-QUI-10A-02,EST-017,4.1,2026-03-30,Excelente dominio de los conceptos.
GRD-00091,EVAL-SUB-QUI-10A-03,EST-017,5.0,2026-03-30,Excelente dominio de los conceptos.
GRD-00092,EVAL-SUB-QUI-10A-04,EST-017,2.7,2026-03-30,Excelente dominio de los conceptos.
GRD-00093,EVAL-SUB-ESP-10A-01,EST-017,4.9,2026-03-30,Excelente dominio de los conceptos.
GRD-00094,EVAL-SUB-ESP-10A-02,EST-017,3.8,2026-03-30,"Buen trabajo, repasar ejercicios prácticos."
GRD-00095,EVAL-SUB-ESP-10A-03,EST-017,4.3,2026-03-30,"Aprobado, profundizar en temas teóricos."
GRD-00096,EVAL-SUB-ESP-10A-04,EST-017,5.0,2026-03-30,"Aprobado, profundizar en temas teóricos."
GRD-00097,EVAL-SUB-ING-10A-01,EST-017,3.7,2026-03-30,"Aprobado, profundizar en temas teóricos."
GRD-00098,EVAL-SUB-ING-10A-02,EST-017,4.9,2026-03-30,Muy buen análisis y resolución metodológica.
GRD-00099,EVAL-SUB-ING-10A-03,EST-017,5.0,2026-03-30,"Aprobado, profundizar en temas teóricos."
GRD-00100,EVAL-SUB-ING-10A-04,EST-017,3.3,2026-03-30,Muy buen análisis y resolución metodológica.
GRD-00101,EVAL-SUB-MAT-10A-01,EST-021,1.6,2026-03-30,"Insuficiente, programar plan de mejoramiento."
GRD-00102,EVAL-SUB-MAT-10A-02,EST-021,2.2,2026-03-30,"Aprobado, profundizar en temas teóricos."
GRD-00103,EVAL-SUB-MAT-10A-03,EST-021,2.6,2026-03-30,"Buen trabajo, repasar ejercicios prácticos."
GRD-00104,EVAL-SUB-MAT-10A-04,EST-021,2.3,2026-03-30,"Aprobado, profundizar en temas teóricos."
GRD-00105,EVAL-SUB-FIS-10A-01,EST-021,2.5,2026-03-30,"Insuficiente, programar plan de mejoramiento."
GRD-00106,EVAL-SUB-FIS-10A-02,EST-021,2.5,2026-03-30,"Buen trabajo, repasar ejercicios prácticos."
GRD-00107,EVAL-SUB-FIS-10A-03,EST-021,2.3,2026-03-30,Muy buen análisis y resolución metodológica.
GRD-00108,EVAL-SUB-FIS-10A-04,EST-021,3.0,2026-03-30,"Aprobado, profundizar en temas teóricos."
GRD-00109,EVAL-SUB-QUI-10A-01,EST-021,2.6,2026-03-30,"Aprobado, profundizar en temas teóricos."
GRD-00110,EVAL-SUB-QUI-10A-02,EST-021,3.0,2026-03-30,"Insuficiente, programar plan de mejoramiento."
GRD-00111,EVAL-SUB-QUI-10A-03,EST-021,1.3,2026-03-30,Excelente dominio de los conceptos.
GRD-00112,EVAL-SUB-QUI-10A-04,EST-021,2.4,2026-03-30,Excelente dominio de los conceptos.
GRD-00113,EVAL-SUB-ESP-10A-01,EST-021,1.7,2026-03-30,Excelente dominio de los conceptos.
GRD-00114,EVAL-SUB-ESP-10A-02,EST-021,1.7,2026-03-30,Excelente dominio de los conceptos.
GRD-00115,EVAL-SUB-ESP-10A-03,EST-021,2.2,2026-03-30,"Aprobado, profundizar en temas teóricos."
GRD-00116,EVAL-SUB-ESP-10A-04,EST-021,2.6,2026-03-30,"Buen trabajo, repasar ejercicios prácticos."
GRD-00117,EVAL-SUB-ING-10A-01,EST-021,2.3,2026-03-30,"Desempeño bajo, requiere tutoría académica."
GRD-00118,EVAL-SUB-ING-10A-02,EST-021,1.7,2026-03-30,"Insuficiente, programar plan de mejoramiento."
GRD-00119,EVAL-SUB-ING-10A-03,EST-021,2.6,2026-03-30,Muy buen análisis y resolución metodológica.
GRD-00120,EVAL-SUB-ING-10A-04,EST-021,2.4,2026-03-30,"Buen trabajo, repasar ejercicios prácticos."
GRD-00121,EVAL-SUB-MAT-10A-01,EST-025,2.1,2026-03-30,"Insuficiente, programar plan de mejoramiento."
GRD-00122,EVAL-SUB-MAT-10A-02,EST-025,1.9,2026-03-30,Excelente dominio de los conceptos.
GRD-00123,EVAL-SUB-MAT-10A-03,EST-025,2.2,2026-03-30,"Aprobado, profundizar en temas teóricos."
GRD-00124,EVAL-SUB-MAT-10A-04,EST-025,1.6,2026-03-30,Excelente dominio de los conceptos.
GRD-00125,EVAL-SUB-FIS-10A-01,EST-025,3.3,2026-03-30,"Aprobado, profundizar en temas teóricos."
GRD-00126,EVAL-SUB-FIS-10A-02,EST-025,2.5,2026-03-30,Excelente dominio de los conceptos.
GRD-00127,EVAL-SUB-FIS-10A-03,EST-025,2.8,2026-03-30,"Aprobado, profundizar en temas teóricos."
GRD-00128,EVAL-SUB-FIS-10A-04,EST-025,2.6,2026-03-30,"Desempeño bajo, requiere tutoría académica."
GRD-00129,EVAL-SUB-QUI-10A-01,EST-025,1.4,2026-03-30,"Insuficiente, programar plan de mejoramiento."
GRD-00130,EVAL-SUB-QUI-10A-02,EST-025,2.4,2026-03-30,"Buen trabajo, repasar ejercicios prácticos."
GRD-00131,EVAL-SUB-QUI-10A-03,EST-025,1.3,2026-03-30,"Buen trabajo, repasar ejercicios prácticos."
GRD-00132,EVAL-SUB-QUI-10A-04,EST-025,3.3,2026-03-30,"Desempeño bajo, requiere tutoría académica."
GRD-00133,EVAL-SUB-ESP-10A-01,EST-025,2.3,2026-03-30,Excelente dominio de los conceptos.
GRD-00134,EVAL-SUB-ESP-10A-02,EST-025,2.9,2026-03-30,"Desempeño bajo, requiere tutoría académica."
GRD-00135,EVAL-SUB-ESP-10A-03,EST-025,3.4,2026-03-30,Muy buen análisis y resolución metodológica.
GRD-00136,EVAL-SUB-ESP-10A-04,EST-025,3.0,2026-03-30,"Aprobado, profundizar en temas teóricos."
GRD-00137,EVAL-SUB-ING-10A-01,EST-025,1.7,2026-03-30,"Buen trabajo, repasar ejercicios prácticos."
GRD-00138,EVAL-SUB-ING-10A-02,EST-025,2.5,2026-03-30,Excelente dominio de los conceptos.
GRD-00139,EVAL-SUB-ING-10A-03,EST-025,2.2,2026-03-30,"Desempeño bajo, requiere tutoría académica."
GRD-00140,EVAL-SUB-ING-10A-04,EST-025,2.6,2026-03-30,"Desempeño bajo, requiere tutoría académica."
GRD-00141,EVAL-SUB-MAT-10A-01,EST-029,4.0,2026-03-30,"Buen trabajo, repasar ejercicios prácticos."
GRD-00142,EVAL-SUB-MAT-10A-02,EST-029,5.0,2026-03-30,"Buen trabajo, repasar ejercicios prácticos."
GRD-00143,EVAL-SUB-MAT-10A-03,EST-029,4.9,2026-03-30,"Aprobado, profundizar en temas teóricos."
GRD-00144,EVAL-SUB-MAT-10A-04,EST-029,4.6,2026-03-30,"Aprobado, profundizar en temas teóricos."
GRD-00145,EVAL-SUB-FIS-10A-01,EST-029,5.0,2026-03-30,"Aprobado, profundizar en temas teóricos."
GRD-00146,EVAL-SUB-FIS-10A-02,EST-029,3.6,2026-03-30,"Aprobado, profundizar en temas teóricos."
GRD-00147,EVAL-SUB-FIS-10A-03,EST-029,4.3,2026-03-30,"Insuficiente, programar plan de mejoramiento."
GRD-00148,EVAL-SUB-FIS-10A-04,EST-029,4.2,2026-03-30,"Aprobado, profundizar en temas teóricos."
GRD-00149,EVAL-SUB-QUI-10A-01,EST-029,4.8,2026-03-30,"Aprobado, profundizar en temas teóricos."
GRD-00150,EVAL-SUB-QUI-10A-02,EST-029,4.5,2026-03-30,"Buen trabajo, repasar ejercicios prácticos."
GRD-00151,EVAL-SUB-QUI-10A-03,EST-029,3.3,2026-03-30,Excelente dominio de los conceptos.
GRD-00152,EVAL-SUB-QUI-10A-04,EST-029,3.9,2026-03-30,Excelente dominio de los conceptos.
GRD-00153,EVAL-SUB-ESP-10A-01,EST-029,4.2,2026-03-30,"Aprobado, profundizar en temas teóricos."
GRD-00154,EVAL-SUB-ESP-10A-02,EST-029,4.3,2026-03-30,"Desempeño bajo, requiere tutoría académica."
GRD-00155,EVAL-SUB-ESP-10A-03,EST-029,4.1,2026-03-30,"Desempeño bajo, requiere tutoría académica."
GRD-00156,EVAL-SUB-ESP-10A-04,EST-029,4.2,2026-03-30,"Insuficiente, programar plan de mejoramiento."
GRD-00157,EVAL-SUB-ING-10A-01,EST-029,4.6,2026-03-30,"Desempeño bajo, requiere tutoría académica."
GRD-00158,EVAL-SUB-ING-10A-02,EST-029,4.7,2026-03-30,Excelente dominio de los conceptos.
GRD-00159,EVAL-SUB-ING-10A-03,EST-029,3.7,2026-03-30,Muy buen análisis y resolución metodológica.
GRD-00160,EVAL-SUB-ING-10A-04,EST-029,4.5,2026-03-30,Muy buen análisis y resolución metodológica.
GRD-00161,EVAL-SUB-MAT-10A-01,EST-033,4.1,2026-03-30,"Buen trabajo, repasar ejercicios prácticos."
GRD-00162,EVAL-SUB-MAT-10A-02,EST-033,4.3,2026-03-30,Muy buen análisis y resolución metodológica.
GRD-00163,EVAL-SUB-MAT-10A-03,EST-033,4.6,2026-03-30,"Aprobado, profundizar en temas teóricos."
GRD-00164,EVAL-SUB-MAT-10A-04,EST-033,3.9,2026-03-30,Excelente dominio de los conceptos.
GRD-00165,EVAL-SUB-FIS-10A-01,EST-033,3.9,2026-03-30,Muy buen análisis y resolución metodológica.
GRD-00166,EVAL-SUB-FIS-10A-02,EST-033,4.9,2026-03-30,Muy buen análisis y resolución metodológica.
GRD-00167,EVAL-SUB-FIS-10A-03,EST-033,4.1,2026-03-30,"Desempeño bajo, requiere tutoría académica."
GRD-00168,EVAL-SUB-FIS-10A-04,EST-033,4.1,2026-03-30,"Insuficiente, programar plan de mejoramiento."
GRD-00169,EVAL-SUB-QUI-10A-01,EST-033,5.0,2026-03-30,"Buen trabajo, repasar ejercicios prácticos."
GRD-00170,EVAL-SUB-QUI-10A-02,EST-033,4.7,2026-03-30,"Desempeño bajo, requiere tutoría académica."
GRD-00171,EVAL-SUB-QUI-10A-03,EST-033,5.0,2026-03-30,Muy buen análisis y resolución metodológica.
GRD-00172,EVAL-SUB-QUI-10A-04,EST-033,4.4,2026-03-30,"Insuficiente, programar plan de mejoramiento."
GRD-00173,EVAL-SUB-ESP-10A-01,EST-033,4.1,2026-03-30,"Aprobado, profundizar en temas teóricos."
GRD-00174,EVAL-SUB-ESP-10A-02,EST-033,3.6,2026-03-30,"Aprobado, profundizar en temas teóricos."
GRD-00175,EVAL-SUB-ESP-10A-03,EST-033,4.9,2026-03-30,"Aprobado, profundizar en temas teóricos."
GRD-00176,EVAL-SUB-ESP-10A-04,EST-033,4.6,2026-03-30,"Insuficiente, programar plan de mejoramiento."
GRD-00177,EVAL-SUB-ING-10A-01,EST-033,5.0,2026-03-30,Muy buen análisis y resolución metodológica.
GRD-00178,EVAL-SUB-ING-10A-02,EST-033,4.2,2026-03-30,Muy buen análisis y resolución metodológica.
GRD-00179,EVAL-SUB-ING-10A-03,EST-033,4.9,2026-03-30,"Buen trabajo, repasar ejercicios prácticos."
GRD-00180,EVAL-SUB-ING-10A-04,EST-033,3.5,2026-03-30,Muy buen análisis y resolución metodológica.
GRD-00181,EVAL-SUB-MAT-10A-01,EST-037,3.5,2026-03-30,"Insuficiente, programar plan de mejoramiento."
GRD-00182,EVAL-SUB-MAT-10A-02,EST-037,3.6,2026-03-30,Muy buen análisis y resolución metodológica.
GRD-00183,EVAL-SUB-MAT-10A-03,EST-037,3.1,2026-03-30,"Buen trabajo, repasar ejercicios prácticos."
GRD-00184,EVAL-SUB-MAT-10A-04,EST-037,3.1,2026-03-30,Muy buen análisis y resolución metodológica.
GRD-00185,EVAL-SUB-FIS-10A-01,EST-037,3.1,2026-03-30,"Buen trabajo, repasar ejercicios prácticos."
GRD-00186,EVAL-SUB-FIS-10A-02,EST-037,4.3,2026-03-30,Excelente dominio de los conceptos.
GRD-00187,EVAL-SUB-FIS-10A-03,EST-037,4.8,2026-03-30,"Insuficiente, programar plan de mejoramiento."
GRD-00188,EVAL-SUB-FIS-10A-04,EST-037,3.8,2026-03-30,Excelente dominio de los conceptos.
GRD-00189,EVAL-SUB-QUI-10A-01,EST-037,2.4,2026-03-30,"Insuficiente, programar plan de mejoramiento."
GRD-00190,EVAL-SUB-QUI-10A-02,EST-037,3.7,2026-03-30,"Buen trabajo, repasar ejercicios prácticos."
GRD-00191,EVAL-SUB-QUI-10A-03,EST-037,3.3,2026-03-30,"Desempeño bajo, requiere tutoría académica."
GRD-00192,EVAL-SUB-QUI-10A-04,EST-037,2.9,2026-03-30,"Buen trabajo, repasar ejercicios prácticos."
GRD-00193,EVAL-SUB-ESP-10A-01,EST-037,3.9,2026-03-30,Excelente dominio de los conceptos.
GRD-00194,EVAL-SUB-ESP-10A-02,EST-037,4.0,2026-03-30,"Desempeño bajo, requiere tutoría académica."
GRD-00195,EVAL-SUB-ESP-10A-03,EST-037,3.6,2026-03-30,Muy buen análisis y resolución metodológica.
GRD-00196,EVAL-SUB-ESP-10A-04,EST-037,4.3,2026-03-30,"Insuficiente, programar plan de mejoramiento."
GRD-00197,EVAL-SUB-ING-10A-01,EST-037,2.8,2026-03-30,Excelente dominio de los conceptos.
GRD-00198,EVAL-SUB-ING-10A-02,EST-037,3.6,2026-03-30,"Desempeño bajo, requiere tutoría académica."
GRD-00199,EVAL-SUB-ING-10A-03,EST-037,3.8,2026-03-30,"Insuficiente, programar plan de mejoramiento."
GRD-00200,EVAL-SUB-ING-10A-04,EST-037,3.8,2026-03-30,"Insuficiente, programar plan de mejoramiento."
GRD-00201,EVAL-SUB-MAT-10A-01,EST-041,1.6,2026-03-30,"Desempeño bajo, requiere tutoría académica."
GRD-00202,EVAL-SUB-MAT-10A-02,EST-041,1.7,2026-03-30,"Insuficiente, programar plan de mejoramiento."
GRD-00203,EVAL-SUB-MAT-10A-03,EST-041,1.8,2026-03-30,"Desempeño bajo, requiere tutoría académica."
GRD-00204,EVAL-SUB-MAT-10A-04,EST-041,2.6,2026-03-30,"Buen trabajo, repasar ejercicios prácticos."
GRD-00205,EVAL-SUB-FIS-10A-01,EST-041,1.7,2026-03-30,Muy buen análisis y resolución metodológica.
GRD-00206,EVAL-SUB-FIS-10A-02,EST-041,2.6,2026-03-30,"Buen trabajo, repasar ejercicios prácticos."
GRD-00207,EVAL-SUB-FIS-10A-03,EST-041,1.9,2026-03-30,Muy buen análisis y resolución metodológica.
GRD-00208,EVAL-SUB-FIS-10A-04,EST-041,2.1,2026-03-30,"Desempeño bajo, requiere tutoría académica."
GRD-00209,EVAL-SUB-QUI-10A-01,EST-041,3.1,2026-03-30,Muy buen análisis y resolución metodológica.
GRD-00210,EVAL-SUB-QUI-10A-02,EST-041,2.3,2026-03-30,Muy buen análisis y resolución metodológica.
GRD-00211,EVAL-SUB-QUI-10A-03,EST-041,2.8,2026-03-30,"Aprobado, profundizar en temas teóricos."
GRD-00212,EVAL-SUB-QUI-10A-04,EST-041,2.3,2026-03-30,"Insuficiente, programar plan de mejoramiento."
GRD-00213,EVAL-SUB-ESP-10A-01,EST-041,2.7,2026-03-30,Excelente dominio de los conceptos.
GRD-00214,EVAL-SUB-ESP-10A-02,EST-041,2.5,2026-03-30,Muy buen análisis y resolución metodológica.
GRD-00215,EVAL-SUB-ESP-10A-03,EST-041,2.6,2026-03-30,"Buen trabajo, repasar ejercicios prácticos."
GRD-00216,EVAL-SUB-ESP-10A-04,EST-041,2.2,2026-03-30,"Desempeño bajo, requiere tutoría académica."
GRD-00217,EVAL-SUB-ING-10A-01,EST-041,2.1,2026-03-30,"Aprobado, profundizar en temas teóricos."
GRD-00218,EVAL-SUB-ING-10A-02,EST-041,1.8,2026-03-30,"Buen trabajo, repasar ejercicios prácticos."
GRD-00219,EVAL-SUB-ING-10A-03,EST-041,2.2,2026-03-30,"Desempeño bajo, requiere tutoría académica."
GRD-00220,EVAL-SUB-ING-10A-04,EST-041,1.6,2026-03-30,Muy buen análisis y resolución metodológica.
GRD-00221,EVAL-SUB-MAT-10A-01,EST-045,5.0,2026-03-30,"Insuficiente, programar plan de mejoramiento."
GRD-00222,EVAL-SUB-MAT-10A-02,EST-045,4.3,2026-03-30,"Desempeño bajo, requiere tutoría académica."
GRD-00223,EVAL-SUB-MAT-10A-03,EST-045,3.0,2026-03-30,"Aprobado, profundizar en temas teóricos."
GRD-00224,EVAL-SUB-MAT-10A-04,EST-045,4.3,2026-03-30,"Desempeño bajo, requiere tutoría académica."
GRD-00225,EVAL-SUB-FIS-10A-01,EST-045,4.9,2026-03-30,"Desempeño bajo, requiere tutoría académica."
GRD-00226,EVAL-SUB-FIS-10A-02,EST-045,3.2,2026-03-30,"Insuficiente, programar plan de mejoramiento."
GRD-00227,EVAL-SUB-FIS-10A-03,EST-045,4.1,2026-03-30,"Insuficiente, programar plan de mejoramiento."
GRD-00228,EVAL-SUB-FIS-10A-04,EST-045,3.5,2026-03-30,"Buen trabajo, repasar ejercicios prácticos."
GRD-00229,EVAL-SUB-QUI-10A-01,EST-045,3.8,2026-03-30,"Desempeño bajo, requiere tutoría académica."
GRD-00230,EVAL-SUB-QUI-10A-02,EST-045,4.2,2026-03-30,Excelente dominio de los conceptos.
GRD-00231,EVAL-SUB-QUI-10A-03,EST-045,3.6,2026-03-30,"Desempeño bajo, requiere tutoría académica."
GRD-00232,EVAL-SUB-QUI-10A-04,EST-045,4.6,2026-03-30,Muy buen análisis y resolución metodológica.
GRD-00233,EVAL-SUB-ESP-10A-01,EST-045,4.4,2026-03-30,"Buen trabajo, repasar ejercicios prácticos."
GRD-00234,EVAL-SUB-ESP-10A-02,EST-045,4.6,2026-03-30,"Insuficiente, programar plan de mejoramiento."
GRD-00235,EVAL-SUB-ESP-10A-03,EST-045,3.1,2026-03-30,"Insuficiente, programar plan de mejoramiento."
GRD-00236,EVAL-SUB-ESP-10A-04,EST-045,3.9,2026-03-30,"Insuficiente, programar plan de mejoramiento."
GRD-00237,EVAL-SUB-ING-10A-01,EST-045,4.0,2026-03-30,"Desempeño bajo, requiere tutoría académica."
GRD-00238,EVAL-SUB-ING-10A-02,EST-045,4.0,2026-03-30,"Buen trabajo, repasar ejercicios prácticos."
GRD-00239,EVAL-SUB-ING-10A-03,EST-045,4.4,2026-03-30,"Aprobado, profundizar en temas teóricos."
GRD-00240,EVAL-SUB-ING-10A-04,EST-045,3.9,2026-03-30,"Desempeño bajo, requiere tutoría académica."
GRD-00241,EVAL-SUB-MAT-10A-01,EST-049,3.7,2026-03-30,"Aprobado, profundizar en temas teóricos."
GRD-00242,EVAL-SUB-MAT-10A-02,EST-049,3.2,2026-03-30,"Desempeño bajo, requiere tutoría académica."
GRD-00243,EVAL-SUB-MAT-10A-03,EST-049,2.7,2026-03-30,"Aprobado, profundizar en temas teóricos."
GRD-00244,EVAL-SUB-MAT-10A-04,EST-049,3.5,2026-03-30,Muy buen análisis y resolución metodológica.
GRD-00245,EVAL-SUB-FIS-10A-01,EST-049,2.7,2026-03-30,"Insuficiente, programar plan de mejoramiento."
GRD-00246,EVAL-SUB-FIS-10A-02,EST-049,4.4,2026-03-30,"Buen trabajo, repasar ejercicios prácticos."
GRD-00247,EVAL-SUB-FIS-10A-03,EST-049,3.6,2026-03-30,Muy buen análisis y resolución metodológica.
GRD-00248,EVAL-SUB-FIS-10A-04,EST-049,4.3,2026-03-30,Excelente dominio de los conceptos.
GRD-00249,EVAL-SUB-QUI-10A-01,EST-049,3.7,2026-03-30,Excelente dominio de los conceptos.
GRD-00250,EVAL-SUB-QUI-10A-02,EST-049,3.5,2026-03-30,Excelente dominio de los conceptos.
GRD-00251,EVAL-SUB-QUI-10A-03,EST-049,3.1,2026-03-30,"Insuficiente, programar plan de mejoramiento."
GRD-00252,EVAL-SUB-QUI-10A-04,EST-049,3.3,2026-03-30,Muy buen análisis y resolución metodológica.
GRD-00253,EVAL-SUB-ESP-10A-01,EST-049,3.4,2026-03-30,Excelente dominio de los conceptos.
GRD-00254,EVAL-SUB-ESP-10A-02,EST-049,2.9,2026-03-30,Muy buen análisis y resolución metodológica.
GRD-00255,EVAL-SUB-ESP-10A-03,EST-049,3.1,2026-03-30,"Aprobado, profundizar en temas teóricos."
GRD-00256,EVAL-SUB-ESP-10A-04,EST-049,3.2,2026-03-30,"Insuficiente, programar plan de mejoramiento."
GRD-00257,EVAL-SUB-ING-10A-01,EST-049,2.9,2026-03-30,Muy buen análisis y resolución metodológica.
GRD-00258,EVAL-SUB-ING-10A-02,EST-049,3.0,2026-03-30,"Buen trabajo, repasar ejercicios prácticos."
GRD-00259,EVAL-SUB-ING-10A-03,EST-049,2.3,2026-03-30,"Aprobado, profundizar en temas teóricos."
GRD-00260,EVAL-SUB-ING-10A-04,EST-049,3.3,2026-03-30,"Aprobado, profundizar en temas teóricos."
GRD-00261,EVAL-SUB-MAT-10A-01,EST-053,2.6,2026-03-30,"Desempeño bajo, requiere tutoría académica."
GRD-00262,EVAL-SUB-MAT-10A-02,EST-053,3.1,2026-03-30,"Desempeño bajo, requiere tutoría académica."
GRD-00263,EVAL-SUB-MAT-10A-03,EST-053,3.9,2026-03-30,"Insuficiente, programar plan de mejoramiento."
GRD-00264,EVAL-SUB-MAT-10A-04,EST-053,3.5,2026-03-30,Muy buen análisis y resolución metodológica.
GRD-00265,EVAL-SUB-FIS-10A-01,EST-053,3.8,2026-03-30,Muy buen análisis y resolución metodológica.
GRD-00266,EVAL-SUB-FIS-10A-02,EST-053,3.3,2026-03-30,"Aprobado, profundizar en temas teóricos."
GRD-00267,EVAL-SUB-FIS-10A-03,EST-053,4.0,2026-03-30,Excelente dominio de los conceptos.
GRD-00268,EVAL-SUB-FIS-10A-04,EST-053,3.0,2026-03-30,"Insuficiente, programar plan de mejoramiento."
GRD-00269,EVAL-SUB-QUI-10A-01,EST-053,3.7,2026-03-30,"Desempeño bajo, requiere tutoría académica."
GRD-00270,EVAL-SUB-QUI-10A-02,EST-053,3.1,2026-03-30,Muy buen análisis y resolución metodológica.
GRD-00271,EVAL-SUB-QUI-10A-03,EST-053,3.2,2026-03-30,"Aprobado, profundizar en temas teóricos."
GRD-00272,EVAL-SUB-QUI-10A-04,EST-053,4.0,2026-03-30,Excelente dominio de los conceptos.
GRD-00273,EVAL-SUB-ESP-10A-01,EST-053,4.1,2026-03-30,Excelente dominio de los conceptos.
GRD-00274,EVAL-SUB-ESP-10A-02,EST-053,2.8,2026-03-30,"Desempeño bajo, requiere tutoría académica."
GRD-00275,EVAL-SUB-ESP-10A-03,EST-053,4.3,2026-03-30,"Desempeño bajo, requiere tutoría académica."
GRD-00276,EVAL-SUB-ESP-10A-04,EST-053,3.4,2026-03-30,Muy buen análisis y resolución metodológica.
GRD-00277,EVAL-SUB-ING-10A-01,EST-053,3.8,2026-03-30,"Insuficiente, programar plan de mejoramiento."
GRD-00278,EVAL-SUB-ING-10A-02,EST-053,3.8,2026-03-30,Muy buen análisis y resolución metodológica.
GRD-00279,EVAL-SUB-ING-10A-03,EST-053,3.5,2026-03-30,"Insuficiente, programar plan de mejoramiento."
GRD-00280,EVAL-SUB-ING-10A-04,EST-053,4.5,2026-03-30,"Desempeño bajo, requiere tutoría académica."
GRD-00281,EVAL-SUB-MAT-10A-01,EST-057,2.6,2026-03-30,"Insuficiente, programar plan de mejoramiento."
GRD-00282,EVAL-SUB-MAT-10A-02,EST-057,2.3,2026-03-30,Excelente dominio de los conceptos.
GRD-00283,EVAL-SUB-MAT-10A-03,EST-057,3.4,2026-03-30,"Aprobado, profundizar en temas teóricos."
GRD-00284,EVAL-SUB-MAT-10A-04,EST-057,2.7,2026-03-30,"Desempeño bajo, requiere tutoría académica."
GRD-00285,EVAL-SUB-FIS-10A-01,EST-057,2.2,2026-03-30,"Insuficiente, programar plan de mejoramiento."
GRD-00286,EVAL-SUB-FIS-10A-02,EST-057,2.0,2026-03-30,Excelente dominio de los conceptos.
GRD-00287,EVAL-SUB-FIS-10A-03,EST-057,2.1,2026-03-30,"Desempeño bajo, requiere tutoría académica."
GRD-00288,EVAL-SUB-FIS-10A-04,EST-057,2.6,2026-03-30,"Buen trabajo, repasar ejercicios prácticos."
GRD-00289,EVAL-SUB-QUI-10A-01,EST-057,2.2,2026-03-30,"Aprobado, profundizar en temas teóricos."
GRD-00290,EVAL-SUB-QUI-10A-02,EST-057,2.5,2026-03-30,"Insuficiente, programar plan de mejoramiento."
GRD-00291,EVAL-SUB-QUI-10A-03,EST-057,2.0,2026-03-30,Muy buen análisis y resolución metodológica.
GRD-00292,EVAL-SUB-QUI-10A-04,EST-057,2.9,2026-03-30,"Insuficiente, programar plan de mejoramiento."
GRD-00293,EVAL-SUB-ESP-10A-01,EST-057,2.0,2026-03-30,"Buen trabajo, repasar ejercicios prácticos."
GRD-00294,EVAL-SUB-ESP-10A-02,EST-057,3.1,2026-03-30,"Desempeño bajo, requiere tutoría académica."
GRD-00295,EVAL-SUB-ESP-10A-03,EST-057,2.8,2026-03-30,"Insuficiente, programar plan de mejoramiento."
GRD-00296,EVAL-SUB-ESP-10A-04,EST-057,2.4,2026-03-30,Muy buen análisis y resolución metodológica.
GRD-00297,EVAL-SUB-ING-10A-01,EST-057,1.6,2026-03-30,Muy buen análisis y resolución metodológica.
GRD-00298,EVAL-SUB-ING-10A-02,EST-057,1.5,2026-03-30,Excelente dominio de los conceptos.
GRD-00299,EVAL-SUB-ING-10A-03,EST-057,2.5,2026-03-30,"Aprobado, profundizar en temas teóricos."
GRD-00300,EVAL-SUB-ING-10A-04,EST-057,2.5,2026-03-30,"Aprobado, profundizar en temas teóricos."
GRD-00301,EVAL-SUB-MAT-10A-01,EST-061,4.2,2026-03-30,"Insuficiente, programar plan de mejoramiento."
GRD-00302,EVAL-SUB-MAT-10A-02,EST-061,4.0,2026-03-30,"Insuficiente, programar plan de mejoramiento."
GRD-00303,EVAL-SUB-MAT-10A-03,EST-061,3.5,2026-03-30,"Insuficiente, programar plan de mejoramiento."
GRD-00304,EVAL-SUB-MAT-10A-04,EST-061,5.0,2026-03-30,"Aprobado, profundizar en temas teóricos."
GRD-00305,EVAL-SUB-FIS-10A-01,EST-061,4.1,2026-03-30,"Aprobado, profundizar en temas teóricos."
GRD-00306,EVAL-SUB-FIS-10A-02,EST-061,4.8,2026-03-30,"Aprobado, profundizar en temas teóricos."
GRD-00307,EVAL-SUB-FIS-10A-03,EST-061,4.5,2026-03-30,"Aprobado, profundizar en temas teóricos."
GRD-00308,EVAL-SUB-FIS-10A-04,EST-061,5.0,2026-03-30,Excelente dominio de los conceptos.
GRD-00309,EVAL-SUB-QUI-10A-01,EST-061,4.4,2026-03-30,Muy buen análisis y resolución metodológica.
GRD-00310,EVAL-SUB-QUI-10A-02,EST-061,3.2,2026-03-30,"Buen trabajo, repasar ejercicios prácticos."
GRD-00311,EVAL-SUB-QUI-10A-03,EST-061,4.7,2026-03-30,"Aprobado, profundizar en temas teóricos."
GRD-00312,EVAL-SUB-QUI-10A-04,EST-061,5.0,2026-03-30,Muy buen análisis y resolución metodológica.
GRD-00313,EVAL-SUB-ESP-10A-01,EST-061,3.7,2026-03-30,"Insuficiente, programar plan de mejoramiento."
GRD-00314,EVAL-SUB-ESP-10A-02,EST-061,4.0,2026-03-30,"Aprobado, profundizar en temas teóricos."
GRD-00315,EVAL-SUB-ESP-10A-03,EST-061,5.0,2026-03-30,"Aprobado, profundizar en temas teóricos."
GRD-00316,EVAL-SUB-ESP-10A-04,EST-061,4.3,2026-03-30,"Buen trabajo, repasar ejercicios prácticos."
GRD-00317,EVAL-SUB-ING-10A-01,EST-061,4.1,2026-03-30,Muy buen análisis y resolución metodológica.
GRD-00318,EVAL-SUB-ING-10A-02,EST-061,4.7,2026-03-30,"Insuficiente, programar plan de mejoramiento."
GRD-00319,EVAL-SUB-ING-10A-03,EST-061,4.5,2026-03-30,Excelente dominio de los conceptos.
GRD-00320,EVAL-SUB-ING-10A-04,EST-061,4.5,2026-03-30,"Insuficiente, programar plan de mejoramiento."
GRD-00321,EVAL-SUB-MAT-10A-01,EST-065,4.3,2026-03-30,Muy buen análisis y resolución metodológica.
GRD-00322,EVAL-SUB-MAT-10A-02,EST-065,3.5,2026-03-30,Excelente dominio de los conceptos.
GRD-00323,EVAL-SUB-MAT-10A-03,EST-065,2.7,2026-03-30,"Insuficiente, programar plan de mejoramiento."
GRD-00324,EVAL-SUB-MAT-10A-04,EST-065,3.0,2026-03-30,"Aprobado, profundizar en temas teóricos."
GRD-00325,EVAL-SUB-FIS-10A-01,EST-065,3.7,2026-03-30,"Buen trabajo, repasar ejercicios prácticos."
GRD-00326,EVAL-SUB-FIS-10A-02,EST-065,3.5,2026-03-30,"Desempeño bajo, requiere tutoría académica."
GRD-00327,EVAL-SUB-FIS-10A-03,EST-065,3.0,2026-03-30,Excelente dominio de los conceptos.
GRD-00328,EVAL-SUB-FIS-10A-04,EST-065,3.3,2026-03-30,Excelente dominio de los conceptos.
GRD-00329,EVAL-SUB-QUI-10A-01,EST-065,2.7,2026-03-30,"Insuficiente, programar plan de mejoramiento."
GRD-00330,EVAL-SUB-QUI-10A-02,EST-065,3.0,2026-03-30,"Buen trabajo, repasar ejercicios prácticos."
GRD-00331,EVAL-SUB-QUI-10A-03,EST-065,3.0,2026-03-30,"Insuficiente, programar plan de mejoramiento."
GRD-00332,EVAL-SUB-QUI-10A-04,EST-065,3.3,2026-03-30,"Buen trabajo, repasar ejercicios prácticos."
GRD-00333,EVAL-SUB-ESP-10A-01,EST-065,3.1,2026-03-30,Excelente dominio de los conceptos.
GRD-00334,EVAL-SUB-ESP-10A-02,EST-065,2.6,2026-03-30,"Insuficiente, programar plan de mejoramiento."
GRD-00335,EVAL-SUB-ESP-10A-03,EST-065,2.9,2026-03-30,"Insuficiente, programar plan de mejoramiento."
GRD-00336,EVAL-SUB-ESP-10A-04,EST-065,3.2,2026-03-30,"Desempeño bajo, requiere tutoría académica."
GRD-00337,EVAL-SUB-ING-10A-01,EST-065,3.7,2026-03-30,"Desempeño bajo, requiere tutoría académica."
GRD-00338,EVAL-SUB-ING-10A-02,EST-065,2.9,2026-03-30,"Desempeño bajo, requiere tutoría académica."
GRD-00339,EVAL-SUB-ING-10A-03,EST-065,3.8,2026-03-30,"Aprobado, profundizar en temas teóricos."
GRD-00340,EVAL-SUB-ING-10A-04,EST-065,3.0,2026-03-30,Muy buen análisis y resolución metodológica.
GRD-00341,EVAL-SUB-MAT-10A-01,EST-069,4.1,2026-03-30,Muy buen análisis y resolución metodológica.
GRD-00342,EVAL-SUB-MAT-10A-02,EST-069,3.9,2026-03-30,"Buen trabajo, repasar ejercicios prácticos."
GRD-00343,EVAL-SUB-MAT-10A-03,EST-069,3.4,2026-03-30,"Buen trabajo, repasar ejercicios prácticos."
GRD-00344,EVAL-SUB-MAT-10A-04,EST-069,3.6,2026-03-30,"Buen trabajo, repasar ejercicios prácticos."
GRD-00345,EVAL-SUB-FIS-10A-01,EST-069,3.1,2026-03-30,"Desempeño bajo, requiere tutoría académica."
GRD-00346,EVAL-SUB-FIS-10A-02,EST-069,3.3,2026-03-30,"Desempeño bajo, requiere tutoría académica."
GRD-00347,EVAL-SUB-FIS-10A-03,EST-069,3.2,2026-03-30,Excelente dominio de los conceptos.
GRD-00348,EVAL-SUB-FIS-10A-04,EST-069,2.9,2026-03-30,"Buen trabajo, repasar ejercicios prácticos."
GRD-00349,EVAL-SUB-QUI-10A-01,EST-069,3.3,2026-03-30,"Desempeño bajo, requiere tutoría académica."
GRD-00350,EVAL-SUB-QUI-10A-02,EST-069,3.8,2026-03-30,Excelente dominio de los conceptos.
GRD-00351,EVAL-SUB-QUI-10A-03,EST-069,3.0,2026-03-30,Muy buen análisis y resolución metodológica.
GRD-00352,EVAL-SUB-QUI-10A-04,EST-069,2.4,2026-03-30,"Insuficiente, programar plan de mejoramiento."
GRD-00353,EVAL-SUB-ESP-10A-01,EST-069,2.8,2026-03-30,"Desempeño bajo, requiere tutoría académica."
GRD-00354,EVAL-SUB-ESP-10A-02,EST-069,2.4,2026-03-30,Excelente dominio de los conceptos.
GRD-00355,EVAL-SUB-ESP-10A-03,EST-069,2.7,2026-03-30,"Aprobado, profundizar en temas teóricos."
GRD-00356,EVAL-SUB-ESP-10A-04,EST-069,3.2,2026-03-30,"Buen trabajo, repasar ejercicios prácticos."
GRD-00357,EVAL-SUB-ING-10A-01,EST-069,3.7,2026-03-30,"Aprobado, profundizar en temas teóricos."
GRD-00358,EVAL-SUB-ING-10A-02,EST-069,3.5,2026-03-30,"Insuficiente, programar plan de mejoramiento."
GRD-00359,EVAL-SUB-ING-10A-03,EST-069,3.4,2026-03-30,"Aprobado, profundizar en temas teóricos."
GRD-00360,EVAL-SUB-ING-10A-04,EST-069,2.8,2026-03-30,"Desempeño bajo, requiere tutoría académica."
GRD-00361,EVAL-SUB-MAT-10A-01,EST-073,4.7,2026-03-30,Muy buen análisis y resolución metodológica.
GRD-00362,EVAL-SUB-MAT-10A-02,EST-073,3.8,2026-03-30,"Insuficiente, programar plan de mejoramiento."
GRD-00363,EVAL-SUB-MAT-10A-03,EST-073,4.4,2026-03-30,"Desempeño bajo, requiere tutoría académica."
GRD-00364,EVAL-SUB-MAT-10A-04,EST-073,3.5,2026-03-30,"Desempeño bajo, requiere tutoría académica."
GRD-00365,EVAL-SUB-FIS-10A-01,EST-073,4.4,2026-03-30,Muy buen análisis y resolución metodológica.
GRD-00366,EVAL-SUB-FIS-10A-02,EST-073,4.0,2026-03-30,Excelente dominio de los conceptos.
GRD-00367,EVAL-SUB-FIS-10A-03,EST-073,4.5,2026-03-30,"Buen trabajo, repasar ejercicios prácticos."
GRD-00368,EVAL-SUB-FIS-10A-04,EST-073,5.0,2026-03-30,"Insuficiente, programar plan de mejoramiento."
GRD-00369,EVAL-SUB-QUI-10A-01,EST-073,3.9,2026-03-30,"Insuficiente, programar plan de mejoramiento."
GRD-00370,EVAL-SUB-QUI-10A-02,EST-073,5.0,2026-03-30,Muy buen análisis y resolución metodológica.
GRD-00371,EVAL-SUB-QUI-10A-03,EST-073,3.6,2026-03-30,"Aprobado, profundizar en temas teóricos."
GRD-00372,EVAL-SUB-QUI-10A-04,EST-073,3.4,2026-03-30,"Buen trabajo, repasar ejercicios prácticos."
GRD-00373,EVAL-SUB-ESP-10A-01,EST-073,3.8,2026-03-30,"Desempeño bajo, requiere tutoría académica."
GRD-00374,EVAL-SUB-ESP-10A-02,EST-073,3.6,2026-03-30,"Aprobado, profundizar en temas teóricos."
GRD-00375,EVAL-SUB-ESP-10A-03,EST-073,4.1,2026-03-30,"Buen trabajo, repasar ejercicios prácticos."
GRD-00376,EVAL-SUB-ESP-10A-04,EST-073,4.7,2026-03-30,"Desempeño bajo, requiere tutoría académica."
GRD-00377,EVAL-SUB-ING-10A-01,EST-073,4.1,2026-03-30,Excelente dominio de los conceptos.
GRD-00378,EVAL-SUB-ING-10A-02,EST-073,3.6,2026-03-30,"Aprobado, profundizar en temas teóricos."
GRD-00379,EVAL-SUB-ING-10A-03,EST-073,4.2,2026-03-30,Muy buen análisis y resolución metodológica.
GRD-00380,EVAL-SUB-ING-10A-04,EST-073,4.4,2026-03-30,"Desempeño bajo, requiere tutoría académica."
GRD-00381,EVAL-SUB-MAT-10A-01,EST-077,3.6,2026-03-30,"Desempeño bajo, requiere tutoría académica."
GRD-00382,EVAL-SUB-MAT-10A-02,EST-077,3.3,2026-03-30,"Insuficiente, programar plan de mejoramiento."
GRD-00383,EVAL-SUB-MAT-10A-03,EST-077,3.9,2026-03-30,"Aprobado, profundizar en temas teóricos."
GRD-00384,EVAL-SUB-MAT-10A-04,EST-077,3.8,2026-03-30,"Aprobado, profundizar en temas teóricos."
GRD-00385,EVAL-SUB-FIS-10A-01,EST-077,4.4,2026-03-30,"Insuficiente, programar plan de mejoramiento."
GRD-00386,EVAL-SUB-FIS-10A-02,EST-077,4.3,2026-03-30,Excelente dominio de los conceptos.
GRD-00387,EVAL-SUB-FIS-10A-03,EST-077,3.4,2026-03-30,"Desempeño bajo, requiere tutoría académica."
GRD-00388,EVAL-SUB-FIS-10A-04,EST-077,3.2,2026-03-30,Excelente dominio de los conceptos.
GRD-00389,EVAL-SUB-QUI-10A-01,EST-077,3.9,2026-03-30,"Desempeño bajo, requiere tutoría académica."
GRD-00390,EVAL-SUB-QUI-10A-02,EST-077,4.2,2026-03-30,Muy buen análisis y resolución metodológica.
GRD-00391,EVAL-SUB-QUI-10A-03,EST-077,3.6,2026-03-30,"Aprobado, profundizar en temas teóricos."
GRD-00392,EVAL-SUB-QUI-10A-04,EST-077,3.8,2026-03-30,"Insuficiente, programar plan de mejoramiento."
GRD-00393,EVAL-SUB-ESP-10A-01,EST-077,4.0,2026-03-30,Muy buen análisis y resolución metodológica.
GRD-00394,EVAL-SUB-ESP-10A-02,EST-077,4.0,2026-03-30,"Desempeño bajo, requiere tutoría académica."
GRD-00395,EVAL-SUB-ESP-10A-03,EST-077,4.7,2026-03-30,"Insuficiente, programar plan de mejoramiento."
GRD-00396,EVAL-SUB-ESP-10A-04,EST-077,4.6,2026-03-30,"Buen trabajo, repasar ejercicios prácticos."
GRD-00397,EVAL-SUB-ING-10A-01,EST-077,3.6,2026-03-30,Excelente dominio de los conceptos.
GRD-00398,EVAL-SUB-ING-10A-02,EST-077,3.3,2026-03-30,"Insuficiente, programar plan de mejoramiento."
GRD-00399,EVAL-SUB-ING-10A-03,EST-077,3.4,2026-03-30,Excelente dominio de los conceptos.
GRD-00400,EVAL-SUB-ING-10A-04,EST-077,3.9,2026-03-30,"Desempeño bajo, requiere tutoría académica."
GRD-00401,EVAL-SUB-MAT-10B-01,EST-002,4.1,2026-03-30,"Buen trabajo, repasar ejercicios prácticos."
GRD-00402,EVAL-SUB-MAT-10B-02,EST-002,3.5,2026-03-30,"Insuficiente, programar plan de mejoramiento."
GRD-00403,EVAL-SUB-MAT-10B-03,EST-002,4.3,2026-03-30,Muy buen análisis y resolución metodológica.
GRD-00404,EVAL-SUB-MAT-10B-04,EST-002,4.2,2026-03-30,"Desempeño bajo, requiere tutoría académica."
GRD-00405,EVAL-SUB-FIS-10B-01,EST-002,5.0,2026-03-30,"Buen trabajo, repasar ejercicios prácticos."
GRD-00406,EVAL-SUB-FIS-10B-02,EST-002,4.0,2026-03-30,"Buen trabajo, repasar ejercicios prácticos."
GRD-00407,EVAL-SUB-FIS-10B-03,EST-002,4.4,2026-03-30,"Insuficiente, programar plan de mejoramiento."
GRD-00408,EVAL-SUB-FIS-10B-04,EST-002,3.3,2026-03-30,Excelente dominio de los conceptos.
GRD-00409,EVAL-SUB-QUI-10B-01,EST-002,4.3,2026-03-30,"Aprobado, profundizar en temas teóricos."
GRD-00410,EVAL-SUB-QUI-10B-02,EST-002,4.5,2026-03-30,"Aprobado, profundizar en temas teóricos."
GRD-00411,EVAL-SUB-QUI-10B-03,EST-002,3.3,2026-03-30,"Insuficiente, programar plan de mejoramiento."
GRD-00412,EVAL-SUB-QUI-10B-04,EST-002,4.3,2026-03-30,Muy buen análisis y resolución metodológica.
GRD-00413,EVAL-SUB-ESP-10B-01,EST-002,4.4,2026-03-30,"Aprobado, profundizar en temas teóricos."
GRD-00414,EVAL-SUB-ESP-10B-02,EST-002,4.7,2026-03-30,Muy buen análisis y resolución metodológica.
GRD-00415,EVAL-SUB-ESP-10B-03,EST-002,3.8,2026-03-30,"Desempeño bajo, requiere tutoría académica."
GRD-00416,EVAL-SUB-ESP-10B-04,EST-002,4.7,2026-03-30,"Desempeño bajo, requiere tutoría académica."
GRD-00417,EVAL-SUB-ING-10B-01,EST-002,3.9,2026-03-30,"Aprobado, profundizar en temas teóricos."
GRD-00418,EVAL-SUB-ING-10B-02,EST-002,3.9,2026-03-30,"Desempeño bajo, requiere tutoría académica."
GRD-00419,EVAL-SUB-ING-10B-03,EST-002,5.0,2026-03-30,"Desempeño bajo, requiere tutoría académica."
GRD-00420,EVAL-SUB-ING-10B-04,EST-002,5.0,2026-03-30,Muy buen análisis y resolución metodológica.
GRD-00421,EVAL-SUB-MAT-10B-01,EST-006,3.0,2026-03-30,"Desempeño bajo, requiere tutoría académica."
GRD-00422,EVAL-SUB-MAT-10B-02,EST-006,3.5,2026-03-30,Excelente dominio de los conceptos.
GRD-00423,EVAL-SUB-MAT-10B-03,EST-006,2.8,2026-03-30,"Desempeño bajo, requiere tutoría académica."
GRD-00424,EVAL-SUB-MAT-10B-04,EST-006,3.5,2026-03-30,"Desempeño bajo, requiere tutoría académica."
GRD-00425,EVAL-SUB-FIS-10B-01,EST-006,3.9,2026-03-30,Muy buen análisis y resolución metodológica.
GRD-00426,EVAL-SUB-FIS-10B-02,EST-006,2.9,2026-03-30,"Buen trabajo, repasar ejercicios prácticos."
GRD-00427,EVAL-SUB-FIS-10B-03,EST-006,2.9,2026-03-30,"Insuficiente, programar plan de mejoramiento."
GRD-00428,EVAL-SUB-FIS-10B-04,EST-006,3.0,2026-03-30,"Insuficiente, programar plan de mejoramiento."
GRD-00429,EVAL-SUB-QUI-10B-01,EST-006,2.9,2026-03-30,"Desempeño bajo, requiere tutoría académica."
GRD-00430,EVAL-SUB-QUI-10B-02,EST-006,3.2,2026-03-30,Excelente dominio de los conceptos.
GRD-00431,EVAL-SUB-QUI-10B-03,EST-006,2.5,2026-03-30,Muy buen análisis y resolución metodológica.
GRD-00432,EVAL-SUB-QUI-10B-04,EST-006,2.9,2026-03-30,"Buen trabajo, repasar ejercicios prácticos."
GRD-00433,EVAL-SUB-ESP-10B-01,EST-006,2.4,2026-03-30,"Buen trabajo, repasar ejercicios prácticos."
GRD-00434,EVAL-SUB-ESP-10B-02,EST-006,3.4,2026-03-30,Excelente dominio de los conceptos.
GRD-00435,EVAL-SUB-ESP-10B-03,EST-006,1.7,2026-03-30,"Aprobado, profundizar en temas teóricos."
GRD-00436,EVAL-SUB-ESP-10B-04,EST-006,3.3,2026-03-30,"Insuficiente, programar plan de mejoramiento."
GRD-00437,EVAL-SUB-ING-10B-01,EST-006,2.7,2026-03-30,"Aprobado, profundizar en temas teóricos."
GRD-00438,EVAL-SUB-ING-10B-02,EST-006,2.3,2026-03-30,Muy buen análisis y resolución metodológica.
GRD-00439,EVAL-SUB-ING-10B-03,EST-006,3.3,2026-03-30,"Aprobado, profundizar en temas teóricos."
GRD-00440,EVAL-SUB-ING-10B-04,EST-006,2.6,2026-03-30,Muy buen análisis y resolución metodológica.
GRD-00441,EVAL-SUB-MAT-10B-01,EST-010,2.5,2026-03-30,"Insuficiente, programar plan de mejoramiento."
GRD-00442,EVAL-SUB-MAT-10B-02,EST-010,3.5,2026-03-30,Muy buen análisis y resolución metodológica.
GRD-00443,EVAL-SUB-MAT-10B-03,EST-010,3.3,2026-03-30,Muy buen análisis y resolución metodológica.
GRD-00444,EVAL-SUB-MAT-10B-04,EST-010,4.8,2026-03-30,Muy buen análisis y resolución metodológica.
GRD-00445,EVAL-SUB-FIS-10B-01,EST-010,2.5,2026-03-30,Excelente dominio de los conceptos.
GRD-00446,EVAL-SUB-FIS-10B-02,EST-010,3.1,2026-03-30,Muy buen análisis y resolución metodológica.
GRD-00447,EVAL-SUB-FIS-10B-03,EST-010,3.4,2026-03-30,Muy buen análisis y resolución metodológica.
GRD-00448,EVAL-SUB-FIS-10B-04,EST-010,3.7,2026-03-30,Muy buen análisis y resolución metodológica.
GRD-00449,EVAL-SUB-QUI-10B-01,EST-010,2.9,2026-03-30,"Aprobado, profundizar en temas teóricos."
GRD-00450,EVAL-SUB-QUI-10B-02,EST-010,3.4,2026-03-30,Excelente dominio de los conceptos.
GRD-00451,EVAL-SUB-QUI-10B-03,EST-010,3.2,2026-03-30,"Aprobado, profundizar en temas teóricos."
GRD-00452,EVAL-SUB-QUI-10B-04,EST-010,3.0,2026-03-30,"Buen trabajo, repasar ejercicios prácticos."
GRD-00453,EVAL-SUB-ESP-10B-01,EST-010,3.7,2026-03-30,"Insuficiente, programar plan de mejoramiento."
GRD-00454,EVAL-SUB-ESP-10B-02,EST-010,2.7,2026-03-30,"Buen trabajo, repasar ejercicios prácticos."
GRD-00455,EVAL-SUB-ESP-10B-03,EST-010,3.7,2026-03-30,"Buen trabajo, repasar ejercicios prácticos."
GRD-00456,EVAL-SUB-ESP-10B-04,EST-010,3.6,2026-03-30,"Desempeño bajo, requiere tutoría académica."
GRD-00457,EVAL-SUB-ING-10B-01,EST-010,3.9,2026-03-30,"Insuficiente, programar plan de mejoramiento."
GRD-00458,EVAL-SUB-ING-10B-02,EST-010,3.1,2026-03-30,"Insuficiente, programar plan de mejoramiento."
GRD-00459,EVAL-SUB-ING-10B-03,EST-010,2.8,2026-03-30,"Buen trabajo, repasar ejercicios prácticos."
GRD-00460,EVAL-SUB-ING-10B-04,EST-010,3.4,2026-03-30,"Desempeño bajo, requiere tutoría académica."
GRD-00461,EVAL-SUB-MAT-10B-01,EST-014,4.3,2026-03-30,"Desempeño bajo, requiere tutoría académica."
GRD-00462,EVAL-SUB-MAT-10B-02,EST-014,4.4,2026-03-30,"Aprobado, profundizar en temas teóricos."
GRD-00463,EVAL-SUB-MAT-10B-03,EST-014,4.2,2026-03-30,"Desempeño bajo, requiere tutoría académica."
GRD-00464,EVAL-SUB-MAT-10B-04,EST-014,4.1,2026-03-30,"Aprobado, profundizar en temas teóricos."
GRD-00465,EVAL-SUB-FIS-10B-01,EST-014,4.8,2026-03-30,"Desempeño bajo, requiere tutoría académica."
GRD-00466,EVAL-SUB-FIS-10B-02,EST-014,4.3,2026-03-30,Muy buen análisis y resolución metodológica.
GRD-00467,EVAL-SUB-FIS-10B-03,EST-014,4.3,2026-03-30,"Buen trabajo, repasar ejercicios prácticos."
GRD-00468,EVAL-SUB-FIS-10B-04,EST-014,5.0,2026-03-30,"Desempeño bajo, requiere tutoría académica."
GRD-00469,EVAL-SUB-QUI-10B-01,EST-014,4.5,2026-03-30,"Desempeño bajo, requiere tutoría académica."
GRD-00470,EVAL-SUB-QUI-10B-02,EST-014,4.2,2026-03-30,"Insuficiente, programar plan de mejoramiento."
GRD-00471,EVAL-SUB-QUI-10B-03,EST-014,4.1,2026-03-30,Muy buen análisis y resolución metodológica.
GRD-00472,EVAL-SUB-QUI-10B-04,EST-014,4.7,2026-03-30,"Aprobado, profundizar en temas teóricos."
GRD-00473,EVAL-SUB-ESP-10B-01,EST-014,5.0,2026-03-30,"Desempeño bajo, requiere tutoría académica."
GRD-00474,EVAL-SUB-ESP-10B-02,EST-014,4.5,2026-03-30,"Aprobado, profundizar en temas teóricos."
GRD-00475,EVAL-SUB-ESP-10B-03,EST-014,5.0,2026-03-30,Muy buen análisis y resolución metodológica.
GRD-00476,EVAL-SUB-ESP-10B-04,EST-014,4.4,2026-03-30,Excelente dominio de los conceptos.
GRD-00477,EVAL-SUB-ING-10B-01,EST-014,5.0,2026-03-30,"Aprobado, profundizar en temas teóricos."
GRD-00478,EVAL-SUB-ING-10B-02,EST-014,3.9,2026-03-30,"Buen trabajo, repasar ejercicios prácticos."
GRD-00479,EVAL-SUB-ING-10B-03,EST-014,4.0,2026-03-30,Muy buen análisis y resolución metodológica.
GRD-00480,EVAL-SUB-ING-10B-04,EST-014,4.1,2026-03-30,"Buen trabajo, repasar ejercicios prácticos."
GRD-00481,EVAL-SUB-MAT-10B-01,EST-018,2.3,2026-03-30,Muy buen análisis y resolución metodológica.
GRD-00482,EVAL-SUB-MAT-10B-02,EST-018,2.9,2026-03-30,"Buen trabajo, repasar ejercicios prácticos."
GRD-00483,EVAL-SUB-MAT-10B-03,EST-018,2.1,2026-03-30,Muy buen análisis y resolución metodológica.
GRD-00484,EVAL-SUB-MAT-10B-04,EST-018,3.4,2026-03-30,Excelente dominio de los conceptos.
GRD-00485,EVAL-SUB-FIS-10B-01,EST-018,3.2,2026-03-30,"Aprobado, profundizar en temas teóricos."
GRD-00486,EVAL-SUB-FIS-10B-02,EST-018,2.9,2026-03-30,"Aprobado, profundizar en temas teóricos."
GRD-00487,EVAL-SUB-FIS-10B-03,EST-018,2.7,2026-03-30,Muy buen análisis y resolución metodológica.
GRD-00488,EVAL-SUB-FIS-10B-04,EST-018,3.6,2026-03-30,"Aprobado, profundizar en temas teóricos."
GRD-00489,EVAL-SUB-QUI-10B-01,EST-018,3.7,2026-03-30,Muy buen análisis y resolución metodológica.
GRD-00490,EVAL-SUB-QUI-10B-02,EST-018,2.6,2026-03-30,"Insuficiente, programar plan de mejoramiento."
GRD-00491,EVAL-SUB-QUI-10B-03,EST-018,3.0,2026-03-30,"Aprobado, profundizar en temas teóricos."
GRD-00492,EVAL-SUB-QUI-10B-04,EST-018,1.8,2026-03-30,"Buen trabajo, repasar ejercicios prácticos."
GRD-00493,EVAL-SUB-ESP-10B-01,EST-018,2.6,2026-03-30,"Aprobado, profundizar en temas teóricos."
GRD-00494,EVAL-SUB-ESP-10B-02,EST-018,3.9,2026-03-30,"Aprobado, profundizar en temas teóricos."
GRD-00495,EVAL-SUB-ESP-10B-03,EST-018,2.2,2026-03-30,Muy buen análisis y resolución metodológica.
GRD-00496,EVAL-SUB-ESP-10B-04,EST-018,3.5,2026-03-30,"Desempeño bajo, requiere tutoría académica."
GRD-00497,EVAL-SUB-ING-10B-01,EST-018,2.2,2026-03-30,Excelente dominio de los conceptos.
GRD-00498,EVAL-SUB-ING-10B-02,EST-018,3.7,2026-03-30,Muy buen análisis y resolución metodológica.
GRD-00499,EVAL-SUB-ING-10B-03,EST-018,3.9,2026-03-30,Muy buen análisis y resolución metodológica.
GRD-00500,EVAL-SUB-ING-10B-04,EST-018,2.6,2026-03-30,"Insuficiente, programar plan de mejoramiento."
GRD-00501,EVAL-SUB-MAT-10B-01,EST-022,2.4,2026-03-30,Excelente dominio de los conceptos.
GRD-00502,EVAL-SUB-MAT-10B-02,EST-022,3.6,2026-03-30,"Aprobado, profundizar en temas teóricos."
GRD-00503,EVAL-SUB-MAT-10B-03,EST-022,2.4,2026-03-30,Muy buen análisis y resolución metodológica.
GRD-00504,EVAL-SUB-MAT-10B-04,EST-022,2.8,2026-03-30,Muy buen análisis y resolución metodológica.
GRD-00505,EVAL-SUB-FIS-10B-01,EST-022,2.7,2026-03-30,Muy buen análisis y resolución metodológica.
GRD-00506,EVAL-SUB-FIS-10B-02,EST-022,2.4,2026-03-30,"Aprobado, profundizar en temas teóricos."
GRD-00507,EVAL-SUB-FIS-10B-03,EST-022,3.2,2026-03-30,Excelente dominio de los conceptos.
GRD-00508,EVAL-SUB-FIS-10B-04,EST-022,3.2,2026-03-30,"Insuficiente, programar plan de mejoramiento."
GRD-00509,EVAL-SUB-QUI-10B-01,EST-022,3.4,2026-03-30,"Insuficiente, programar plan de mejoramiento."
GRD-00510,EVAL-SUB-QUI-10B-02,EST-022,2.5,2026-03-30,"Buen trabajo, repasar ejercicios prácticos."
GRD-00511,EVAL-SUB-QUI-10B-03,EST-022,2.5,2026-03-30,"Desempeño bajo, requiere tutoría académica."
GRD-00512,EVAL-SUB-QUI-10B-04,EST-022,2.4,2026-03-30,Muy buen análisis y resolución metodológica.
GRD-00513,EVAL-SUB-ESP-10B-01,EST-022,2.8,2026-03-30,"Buen trabajo, repasar ejercicios prácticos."
GRD-00514,EVAL-SUB-ESP-10B-02,EST-022,3.4,2026-03-30,Excelente dominio de los conceptos.
GRD-00515,EVAL-SUB-ESP-10B-03,EST-022,3.4,2026-03-30,"Desempeño bajo, requiere tutoría académica."
GRD-00516,EVAL-SUB-ESP-10B-04,EST-022,2.8,2026-03-30,Excelente dominio de los conceptos.
GRD-00517,EVAL-SUB-ING-10B-01,EST-022,3.8,2026-03-30,"Buen trabajo, repasar ejercicios prácticos."
GRD-00518,EVAL-SUB-ING-10B-02,EST-022,3.6,2026-03-30,"Desempeño bajo, requiere tutoría académica."
GRD-00519,EVAL-SUB-ING-10B-03,EST-022,2.2,2026-03-30,Muy buen análisis y resolución metodológica.
GRD-00520,EVAL-SUB-ING-10B-04,EST-022,3.2,2026-03-30,Muy buen análisis y resolución metodológica.
GRD-00521,EVAL-SUB-MAT-10B-01,EST-026,3.9,2026-03-30,Muy buen análisis y resolución metodológica.
GRD-00522,EVAL-SUB-MAT-10B-02,EST-026,3.9,2026-03-30,Muy buen análisis y resolución metodológica.
GRD-00523,EVAL-SUB-MAT-10B-03,EST-026,3.1,2026-03-30,Excelente dominio de los conceptos.
GRD-00524,EVAL-SUB-MAT-10B-04,EST-026,4.4,2026-03-30,"Aprobado, profundizar en temas teóricos."
GRD-00525,EVAL-SUB-FIS-10B-01,EST-026,3.5,2026-03-30,Excelente dominio de los conceptos.
GRD-00526,EVAL-SUB-FIS-10B-02,EST-026,4.0,2026-03-30,"Desempeño bajo, requiere tutoría académica."
GRD-00527,EVAL-SUB-FIS-10B-03,EST-026,3.8,2026-03-30,"Buen trabajo, repasar ejercicios prácticos."
GRD-00528,EVAL-SUB-FIS-10B-04,EST-026,4.2,2026-03-30,Muy buen análisis y resolución metodológica.
GRD-00529,EVAL-SUB-QUI-10B-01,EST-026,3.9,2026-03-30,"Aprobado, profundizar en temas teóricos."
GRD-00530,EVAL-SUB-QUI-10B-02,EST-026,2.8,2026-03-30,"Aprobado, profundizar en temas teóricos."
GRD-00531,EVAL-SUB-QUI-10B-03,EST-026,3.7,2026-03-30,Excelente dominio de los conceptos.
GRD-00532,EVAL-SUB-QUI-10B-04,EST-026,3.8,2026-03-30,Excelente dominio de los conceptos.
GRD-00533,EVAL-SUB-ESP-10B-01,EST-026,4.3,2026-03-30,"Desempeño bajo, requiere tutoría académica."
GRD-00534,EVAL-SUB-ESP-10B-02,EST-026,4.4,2026-03-30,Muy buen análisis y resolución metodológica.
GRD-00535,EVAL-SUB-ESP-10B-03,EST-026,4.3,2026-03-30,"Insuficiente, programar plan de mejoramiento."
GRD-00536,EVAL-SUB-ESP-10B-04,EST-026,4.2,2026-03-30,"Aprobado, profundizar en temas teóricos."
GRD-00537,EVAL-SUB-ING-10B-01,EST-026,4.1,2026-03-30,"Buen trabajo, repasar ejercicios prácticos."
GRD-00538,EVAL-SUB-ING-10B-02,EST-026,5.0,2026-03-30,"Buen trabajo, repasar ejercicios prácticos."
GRD-00539,EVAL-SUB-ING-10B-03,EST-026,4.0,2026-03-30,Excelente dominio de los conceptos.
GRD-00540,EVAL-SUB-ING-10B-04,EST-026,4.4,2026-03-30,"Insuficiente, programar plan de mejoramiento."
GRD-00541,EVAL-SUB-MAT-10B-01,EST-030,3.0,2026-03-30,"Aprobado, profundizar en temas teóricos."
GRD-00542,EVAL-SUB-MAT-10B-02,EST-030,3.8,2026-03-30,"Buen trabajo, repasar ejercicios prácticos."
GRD-00543,EVAL-SUB-MAT-10B-03,EST-030,3.0,2026-03-30,"Aprobado, profundizar en temas teóricos."
GRD-00544,EVAL-SUB-MAT-10B-04,EST-030,2.2,2026-03-30,"Buen trabajo, repasar ejercicios prácticos."
GRD-00545,EVAL-SUB-FIS-10B-01,EST-030,3.5,2026-03-30,"Buen trabajo, repasar ejercicios prácticos."
GRD-00546,EVAL-SUB-FIS-10B-02,EST-030,2.8,2026-03-30,Excelente dominio de los conceptos.
GRD-00547,EVAL-SUB-FIS-10B-03,EST-030,2.8,2026-03-30,Excelente dominio de los conceptos.
GRD-00548,EVAL-SUB-FIS-10B-04,EST-030,2.7,2026-03-30,"Aprobado, profundizar en temas teóricos."
GRD-00549,EVAL-SUB-QUI-10B-01,EST-030,2.9,2026-03-30,"Aprobado, profundizar en temas teóricos."
GRD-00550,EVAL-SUB-QUI-10B-02,EST-030,2.5,2026-03-30,Excelente dominio de los conceptos.
GRD-00551,EVAL-SUB-QUI-10B-03,EST-030,2.9,2026-03-30,Muy buen análisis y resolución metodológica.
GRD-00552,EVAL-SUB-QUI-10B-04,EST-030,3.0,2026-03-30,"Desempeño bajo, requiere tutoría académica."
GRD-00553,EVAL-SUB-ESP-10B-01,EST-030,2.0,2026-03-30,"Desempeño bajo, requiere tutoría académica."
GRD-00554,EVAL-SUB-ESP-10B-02,EST-030,2.7,2026-03-30,"Desempeño bajo, requiere tutoría académica."
GRD-00555,EVAL-SUB-ESP-10B-03,EST-030,2.9,2026-03-30,Excelente dominio de los conceptos.
GRD-00556,EVAL-SUB-ESP-10B-04,EST-030,2.2,2026-03-30,"Desempeño bajo, requiere tutoría académica."
GRD-00557,EVAL-SUB-ING-10B-01,EST-030,1.6,2026-03-30,Excelente dominio de los conceptos.
GRD-00558,EVAL-SUB-ING-10B-02,EST-030,2.8,2026-03-30,Muy buen análisis y resolución metodológica.
GRD-00559,EVAL-SUB-ING-10B-03,EST-030,3.0,2026-03-30,"Insuficiente, programar plan de mejoramiento."
GRD-00560,EVAL-SUB-ING-10B-04,EST-030,1.8,2026-03-30,"Aprobado, profundizar en temas teóricos."
GRD-00561,EVAL-SUB-MAT-10B-01,EST-034,2.3,2026-03-30,Excelente dominio de los conceptos.
GRD-00562,EVAL-SUB-MAT-10B-02,EST-034,3.0,2026-03-30,"Desempeño bajo, requiere tutoría académica."
GRD-00563,EVAL-SUB-MAT-10B-03,EST-034,2.0,2026-03-30,Muy buen análisis y resolución metodológica.
GRD-00564,EVAL-SUB-MAT-10B-04,EST-034,2.6,2026-03-30,"Desempeño bajo, requiere tutoría académica."
GRD-00565,EVAL-SUB-FIS-10B-01,EST-034,2.5,2026-03-30,Excelente dominio de los conceptos.
GRD-00566,EVAL-SUB-FIS-10B-02,EST-034,2.4,2026-03-30,"Buen trabajo, repasar ejercicios prácticos."
GRD-00567,EVAL-SUB-FIS-10B-03,EST-034,1.7,2026-03-30,Excelente dominio de los conceptos.
GRD-00568,EVAL-SUB-FIS-10B-04,EST-034,2.5,2026-03-30,"Insuficiente, programar plan de mejoramiento."
GRD-00569,EVAL-SUB-QUI-10B-01,EST-034,2.5,2026-03-30,"Insuficiente, programar plan de mejoramiento."
GRD-00570,EVAL-SUB-QUI-10B-02,EST-034,1.9,2026-03-30,"Insuficiente, programar plan de mejoramiento."
GRD-00571,EVAL-SUB-QUI-10B-03,EST-034,1.5,2026-03-30,"Insuficiente, programar plan de mejoramiento."
GRD-00572,EVAL-SUB-QUI-10B-04,EST-034,1.8,2026-03-30,"Desempeño bajo, requiere tutoría académica."
GRD-00573,EVAL-SUB-ESP-10B-01,EST-034,2.6,2026-03-30,Excelente dominio de los conceptos.
GRD-00574,EVAL-SUB-ESP-10B-02,EST-034,2.1,2026-03-30,Muy buen análisis y resolución metodológica.
GRD-00575,EVAL-SUB-ESP-10B-03,EST-034,1.8,2026-03-30,Muy buen análisis y resolución metodológica.
GRD-00576,EVAL-SUB-ESP-10B-04,EST-034,2.5,2026-03-30,"Buen trabajo, repasar ejercicios prácticos."
GRD-00577,EVAL-SUB-ING-10B-01,EST-034,1.6,2026-03-30,"Desempeño bajo, requiere tutoría académica."
GRD-00578,EVAL-SUB-ING-10B-02,EST-034,1.7,2026-03-30,"Aprobado, profundizar en temas teóricos."
GRD-00579,EVAL-SUB-ING-10B-03,EST-034,2.1,2026-03-30,"Desempeño bajo, requiere tutoría académica."
GRD-00580,EVAL-SUB-ING-10B-04,EST-034,1.4,2026-03-30,"Aprobado, profundizar en temas teóricos."
GRD-00581,EVAL-SUB-MAT-10B-01,EST-038,3.4,2026-03-30,"Aprobado, profundizar en temas teóricos."
GRD-00582,EVAL-SUB-MAT-10B-02,EST-038,4.4,2026-03-30,"Buen trabajo, repasar ejercicios prácticos."
GRD-00583,EVAL-SUB-MAT-10B-03,EST-038,3.9,2026-03-30,Excelente dominio de los conceptos.
GRD-00584,EVAL-SUB-MAT-10B-04,EST-038,3.6,2026-03-30,Excelente dominio de los conceptos.
GRD-00585,EVAL-SUB-FIS-10B-01,EST-038,4.3,2026-03-30,Muy buen análisis y resolución metodológica.
GRD-00586,EVAL-SUB-FIS-10B-02,EST-038,4.2,2026-03-30,"Aprobado, profundizar en temas teóricos."
GRD-00587,EVAL-SUB-FIS-10B-03,EST-038,4.3,2026-03-30,"Insuficiente, programar plan de mejoramiento."
GRD-00588,EVAL-SUB-FIS-10B-04,EST-038,3.5,2026-03-30,"Insuficiente, programar plan de mejoramiento."
GRD-00589,EVAL-SUB-QUI-10B-01,EST-038,3.4,2026-03-30,"Desempeño bajo, requiere tutoría académica."
GRD-00590,EVAL-SUB-QUI-10B-02,EST-038,3.8,2026-03-30,"Aprobado, profundizar en temas teóricos."
GRD-00591,EVAL-SUB-QUI-10B-03,EST-038,4.9,2026-03-30,"Desempeño bajo, requiere tutoría académica."
GRD-00592,EVAL-SUB-QUI-10B-04,EST-038,3.2,2026-03-30,Muy buen análisis y resolución metodológica.
GRD-00593,EVAL-SUB-ESP-10B-01,EST-038,4.5,2026-03-30,"Aprobado, profundizar en temas teóricos."
GRD-00594,EVAL-SUB-ESP-10B-02,EST-038,4.2,2026-03-30,"Aprobado, profundizar en temas teóricos."
GRD-00595,EVAL-SUB-ESP-10B-03,EST-038,4.5,2026-03-30,"Buen trabajo, repasar ejercicios prácticos."
GRD-00596,EVAL-SUB-ESP-10B-04,EST-038,4.4,2026-03-30,Muy buen análisis y resolución metodológica.
GRD-00597,EVAL-SUB-ING-10B-01,EST-038,3.1,2026-03-30,"Aprobado, profundizar en temas teóricos."
GRD-00598,EVAL-SUB-ING-10B-02,EST-038,4.2,2026-03-30,"Insuficiente, programar plan de mejoramiento."
GRD-00599,EVAL-SUB-ING-10B-03,EST-038,3.5,2026-03-30,"Insuficiente, programar plan de mejoramiento."
GRD-00600,EVAL-SUB-ING-10B-04,EST-038,4.7,2026-03-30,"Buen trabajo, repasar ejercicios prácticos."
GRD-00601,EVAL-SUB-MAT-10B-01,EST-042,3.0,2026-03-30,"Insuficiente, programar plan de mejoramiento."
GRD-00602,EVAL-SUB-MAT-10B-02,EST-042,3.4,2026-03-30,Excelente dominio de los conceptos.
GRD-00603,EVAL-SUB-MAT-10B-03,EST-042,3.4,2026-03-30,"Insuficiente, programar plan de mejoramiento."
GRD-00604,EVAL-SUB-MAT-10B-04,EST-042,4.8,2026-03-30,"Aprobado, profundizar en temas teóricos."
GRD-00605,EVAL-SUB-FIS-10B-01,EST-042,3.5,2026-03-30,Excelente dominio de los conceptos.
GRD-00606,EVAL-SUB-FIS-10B-02,EST-042,4.2,2026-03-30,"Aprobado, profundizar en temas teóricos."
GRD-00607,EVAL-SUB-FIS-10B-03,EST-042,4.6,2026-03-30,"Aprobado, profundizar en temas teóricos."
GRD-00608,EVAL-SUB-FIS-10B-04,EST-042,3.7,2026-03-30,"Buen trabajo, repasar ejercicios prácticos."
GRD-00609,EVAL-SUB-QUI-10B-01,EST-042,4.2,2026-03-30,"Insuficiente, programar plan de mejoramiento."
GRD-00610,EVAL-SUB-QUI-10B-02,EST-042,3.8,2026-03-30,Muy buen análisis y resolución metodológica.
GRD-00611,EVAL-SUB-QUI-10B-03,EST-042,3.7,2026-03-30,Muy buen análisis y resolución metodológica.
GRD-00612,EVAL-SUB-QUI-10B-04,EST-042,4.1,2026-03-30,"Insuficiente, programar plan de mejoramiento."
GRD-00613,EVAL-SUB-ESP-10B-01,EST-042,3.9,2026-03-30,"Buen trabajo, repasar ejercicios prácticos."
GRD-00614,EVAL-SUB-ESP-10B-02,EST-042,3.5,2026-03-30,"Buen trabajo, repasar ejercicios prácticos."
GRD-00615,EVAL-SUB-ESP-10B-03,EST-042,4.3,2026-03-30,"Aprobado, profundizar en temas teóricos."
GRD-00616,EVAL-SUB-ESP-10B-04,EST-042,3.7,2026-03-30,"Insuficiente, programar plan de mejoramiento."
GRD-00617,EVAL-SUB-ING-10B-01,EST-042,4.3,2026-03-30,"Insuficiente, programar plan de mejoramiento."
GRD-00618,EVAL-SUB-ING-10B-02,EST-042,4.0,2026-03-30,"Buen trabajo, repasar ejercicios prácticos."
GRD-00619,EVAL-SUB-ING-10B-03,EST-042,4.0,2026-03-30,"Insuficiente, programar plan de mejoramiento."
GRD-00620,EVAL-SUB-ING-10B-04,EST-042,4.1,2026-03-30,"Desempeño bajo, requiere tutoría académica."
GRD-00621,EVAL-SUB-MAT-10B-01,EST-046,3.3,2026-03-30,"Desempeño bajo, requiere tutoría académica."
GRD-00622,EVAL-SUB-MAT-10B-02,EST-046,3.1,2026-03-30,"Desempeño bajo, requiere tutoría académica."
GRD-00623,EVAL-SUB-MAT-10B-03,EST-046,3.5,2026-03-30,Excelente dominio de los conceptos.
GRD-00624,EVAL-SUB-MAT-10B-04,EST-046,4.4,2026-03-30,"Aprobado, profundizar en temas teóricos."
GRD-00625,EVAL-SUB-FIS-10B-01,EST-046,3.2,2026-03-30,Muy buen análisis y resolución metodológica.
GRD-00626,EVAL-SUB-FIS-10B-02,EST-046,3.8,2026-03-30,"Insuficiente, programar plan de mejoramiento."
GRD-00627,EVAL-SUB-FIS-10B-03,EST-046,2.8,2026-03-30,Excelente dominio de los conceptos.
GRD-00628,EVAL-SUB-FIS-10B-04,EST-046,3.6,2026-03-30,"Buen trabajo, repasar ejercicios prácticos."
GRD-00629,EVAL-SUB-QUI-10B-01,EST-046,3.0,2026-03-30,Excelente dominio de los conceptos.
GRD-00630,EVAL-SUB-QUI-10B-02,EST-046,4.0,2026-03-30,"Buen trabajo, repasar ejercicios prácticos."
GRD-00631,EVAL-SUB-QUI-10B-03,EST-046,3.5,2026-03-30,"Buen trabajo, repasar ejercicios prácticos."
GRD-00632,EVAL-SUB-QUI-10B-04,EST-046,3.9,2026-03-30,"Aprobado, profundizar en temas teóricos."
GRD-00633,EVAL-SUB-ESP-10B-01,EST-046,3.5,2026-03-30,"Desempeño bajo, requiere tutoría académica."
GRD-00634,EVAL-SUB-ESP-10B-02,EST-046,3.8,2026-03-30,Muy buen análisis y resolución metodológica.
GRD-00635,EVAL-SUB-ESP-10B-03,EST-046,3.3,2026-03-30,"Insuficiente, programar plan de mejoramiento."
GRD-00636,EVAL-SUB-ESP-10B-04,EST-046,3.7,2026-03-30,Muy buen análisis y resolución metodológica.
GRD-00637,EVAL-SUB-ING-10B-01,EST-046,3.7,2026-03-30,Muy buen análisis y resolución metodológica.
GRD-00638,EVAL-SUB-ING-10B-02,EST-046,4.2,2026-03-30,"Aprobado, profundizar en temas teóricos."
GRD-00639,EVAL-SUB-ING-10B-03,EST-046,4.5,2026-03-30,Excelente dominio de los conceptos.
GRD-00640,EVAL-SUB-ING-10B-04,EST-046,4.0,2026-03-30,"Desempeño bajo, requiere tutoría académica."
GRD-00641,EVAL-SUB-MAT-10B-01,EST-050,5.0,2026-03-30,"Aprobado, profundizar en temas teóricos."
GRD-00642,EVAL-SUB-MAT-10B-02,EST-050,4.3,2026-03-30,Muy buen análisis y resolución metodológica.
GRD-00643,EVAL-SUB-MAT-10B-03,EST-050,4.5,2026-03-30,Muy buen análisis y resolución metodológica.
GRD-00644,EVAL-SUB-MAT-10B-04,EST-050,4.6,2026-03-30,Excelente dominio de los conceptos.
GRD-00645,EVAL-SUB-FIS-10B-01,EST-050,5.0,2026-03-30,"Aprobado, profundizar en temas teóricos."
GRD-00646,EVAL-SUB-FIS-10B-02,EST-050,5.0,2026-03-30,"Desempeño bajo, requiere tutoría académica."
GRD-00647,EVAL-SUB-FIS-10B-03,EST-050,5.0,2026-03-30,Muy buen análisis y resolución metodológica.
GRD-00648,EVAL-SUB-FIS-10B-04,EST-050,5.0,2026-03-30,Excelente dominio de los conceptos.
GRD-00649,EVAL-SUB-QUI-10B-01,EST-050,4.7,2026-03-30,"Buen trabajo, repasar ejercicios prácticos."
GRD-00650,EVAL-SUB-QUI-10B-02,EST-050,4.4,2026-03-30,Excelente dominio de los conceptos.
GRD-00651,EVAL-SUB-QUI-10B-03,EST-050,5.0,2026-03-30,"Desempeño bajo, requiere tutoría académica."
GRD-00652,EVAL-SUB-QUI-10B-04,EST-050,5.0,2026-03-30,"Buen trabajo, repasar ejercicios prácticos."
GRD-00653,EVAL-SUB-ESP-10B-01,EST-050,4.2,2026-03-30,"Aprobado, profundizar en temas teóricos."
GRD-00654,EVAL-SUB-ESP-10B-02,EST-050,4.9,2026-03-30,Muy buen análisis y resolución metodológica.
GRD-00655,EVAL-SUB-ESP-10B-03,EST-050,4.6,2026-03-30,Excelente dominio de los conceptos.
GRD-00656,EVAL-SUB-ESP-10B-04,EST-050,4.5,2026-03-30,"Aprobado, profundizar en temas teóricos."
GRD-00657,EVAL-SUB-ING-10B-01,EST-050,4.8,2026-03-30,"Aprobado, profundizar en temas teóricos."
GRD-00658,EVAL-SUB-ING-10B-02,EST-050,4.7,2026-03-30,"Buen trabajo, repasar ejercicios prácticos."
GRD-00659,EVAL-SUB-ING-10B-03,EST-050,3.9,2026-03-30,"Buen trabajo, repasar ejercicios prácticos."
GRD-00660,EVAL-SUB-ING-10B-04,EST-050,5.0,2026-03-30,"Buen trabajo, repasar ejercicios prácticos."
GRD-00661,EVAL-SUB-MAT-10B-01,EST-054,3.1,2026-03-30,Muy buen análisis y resolución metodológica.
GRD-00662,EVAL-SUB-MAT-10B-02,EST-054,3.3,2026-03-30,Excelente dominio de los conceptos.
GRD-00663,EVAL-SUB-MAT-10B-03,EST-054,4.2,2026-03-30,"Desempeño bajo, requiere tutoría académica."
GRD-00664,EVAL-SUB-MAT-10B-04,EST-054,4.5,2026-03-30,"Desempeño bajo, requiere tutoría académica."
GRD-00665,EVAL-SUB-FIS-10B-01,EST-054,3.8,2026-03-30,"Desempeño bajo, requiere tutoría académica."
GRD-00666,EVAL-SUB-FIS-10B-02,EST-054,2.9,2026-03-30,Muy buen análisis y resolución metodológica.
GRD-00667,EVAL-SUB-FIS-10B-03,EST-054,4.4,2026-03-30,Muy buen análisis y resolución metodológica.
GRD-00668,EVAL-SUB-FIS-10B-04,EST-054,3.5,2026-03-30,"Insuficiente, programar plan de mejoramiento."
GRD-00669,EVAL-SUB-QUI-10B-01,EST-054,3.2,2026-03-30,"Aprobado, profundizar en temas teóricos."
GRD-00670,EVAL-SUB-QUI-10B-02,EST-054,5.0,2026-03-30,"Buen trabajo, repasar ejercicios prácticos."
GRD-00671,EVAL-SUB-QUI-10B-03,EST-054,3.3,2026-03-30,Muy buen análisis y resolución metodológica.
GRD-00672,EVAL-SUB-QUI-10B-04,EST-054,4.0,2026-03-30,"Aprobado, profundizar en temas teóricos."
GRD-00673,EVAL-SUB-ESP-10B-01,EST-054,4.0,2026-03-30,"Aprobado, profundizar en temas teóricos."
GRD-00674,EVAL-SUB-ESP-10B-02,EST-054,3.1,2026-03-30,"Insuficiente, programar plan de mejoramiento."
GRD-00675,EVAL-SUB-ESP-10B-03,EST-054,4.3,2026-03-30,Excelente dominio de los conceptos.
GRD-00676,EVAL-SUB-ESP-10B-04,EST-054,4.0,2026-03-30,Excelente dominio de los conceptos.
GRD-00677,EVAL-SUB-ING-10B-01,EST-054,3.5,2026-03-30,Muy buen análisis y resolución metodológica.
GRD-00678,EVAL-SUB-ING-10B-02,EST-054,4.1,2026-03-30,Excelente dominio de los conceptos.
GRD-00679,EVAL-SUB-ING-10B-03,EST-054,3.3,2026-03-30,"Desempeño bajo, requiere tutoría académica."
GRD-00680,EVAL-SUB-ING-10B-04,EST-054,3.4,2026-03-30,"Insuficiente, programar plan de mejoramiento."
GRD-00681,EVAL-SUB-MAT-10B-01,EST-058,2.2,2026-03-30,Excelente dominio de los conceptos.
GRD-00682,EVAL-SUB-MAT-10B-02,EST-058,1.6,2026-03-30,Muy buen análisis y resolución metodológica.
GRD-00683,EVAL-SUB-MAT-10B-03,EST-058,2.8,2026-03-30,"Buen trabajo, repasar ejercicios prácticos."
GRD-00684,EVAL-SUB-MAT-10B-04,EST-058,2.3,2026-03-30,"Buen trabajo, repasar ejercicios prácticos."
GRD-00685,EVAL-SUB-FIS-10B-01,EST-058,3.0,2026-03-30,Excelente dominio de los conceptos.
GRD-00686,EVAL-SUB-FIS-10B-02,EST-058,1.6,2026-03-30,"Aprobado, profundizar en temas teóricos."
GRD-00687,EVAL-SUB-FIS-10B-03,EST-058,2.8,2026-03-30,Muy buen análisis y resolución metodológica.
GRD-00688,EVAL-SUB-FIS-10B-04,EST-058,3.1,2026-03-30,Excelente dominio de los conceptos.
GRD-00689,EVAL-SUB-QUI-10B-01,EST-058,2.9,2026-03-30,"Buen trabajo, repasar ejercicios prácticos."
GRD-00690,EVAL-SUB-QUI-10B-02,EST-058,2.1,2026-03-30,"Insuficiente, programar plan de mejoramiento."
GRD-00691,EVAL-SUB-QUI-10B-03,EST-058,1.0,2026-03-30,"Insuficiente, programar plan de mejoramiento."
GRD-00692,EVAL-SUB-QUI-10B-04,EST-058,2.1,2026-03-30,"Aprobado, profundizar en temas teóricos."
GRD-00693,EVAL-SUB-ESP-10B-01,EST-058,2.2,2026-03-30,"Desempeño bajo, requiere tutoría académica."
GRD-00694,EVAL-SUB-ESP-10B-02,EST-058,2.1,2026-03-30,"Insuficiente, programar plan de mejoramiento."
GRD-00695,EVAL-SUB-ESP-10B-03,EST-058,2.7,2026-03-30,Excelente dominio de los conceptos.
GRD-00696,EVAL-SUB-ESP-10B-04,EST-058,2.7,2026-03-30,Excelente dominio de los conceptos.
GRD-00697,EVAL-SUB-ING-10B-01,EST-058,1.8,2026-03-30,"Aprobado, profundizar en temas teóricos."
GRD-00698,EVAL-SUB-ING-10B-02,EST-058,3.1,2026-03-30,"Aprobado, profundizar en temas teóricos."
GRD-00699,EVAL-SUB-ING-10B-03,EST-058,2.9,2026-03-30,"Aprobado, profundizar en temas teóricos."
GRD-00700,EVAL-SUB-ING-10B-04,EST-058,2.4,2026-03-30,"Insuficiente, programar plan de mejoramiento."
GRD-00701,EVAL-SUB-MAT-10B-01,EST-062,2.9,2026-03-30,"Insuficiente, programar plan de mejoramiento."
GRD-00702,EVAL-SUB-MAT-10B-02,EST-062,2.3,2026-03-30,Muy buen análisis y resolución metodológica.
GRD-00703,EVAL-SUB-MAT-10B-03,EST-062,2.9,2026-03-30,Muy buen análisis y resolución metodológica.
GRD-00704,EVAL-SUB-MAT-10B-04,EST-062,3.0,2026-03-30,Muy buen análisis y resolución metodológica.
GRD-00705,EVAL-SUB-FIS-10B-01,EST-062,2.5,2026-03-30,Muy buen análisis y resolución metodológica.
GRD-00706,EVAL-SUB-FIS-10B-02,EST-062,2.4,2026-03-30,Excelente dominio de los conceptos.
GRD-00707,EVAL-SUB-FIS-10B-03,EST-062,2.5,2026-03-30,"Aprobado, profundizar en temas teóricos."
GRD-00708,EVAL-SUB-FIS-10B-04,EST-062,3.1,2026-03-30,"Buen trabajo, repasar ejercicios prácticos."
GRD-00709,EVAL-SUB-QUI-10B-01,EST-062,2.2,2026-03-30,Muy buen análisis y resolución metodológica.
GRD-00710,EVAL-SUB-QUI-10B-02,EST-062,1.8,2026-03-30,Muy buen análisis y resolución metodológica.
GRD-00711,EVAL-SUB-QUI-10B-03,EST-062,2.8,2026-03-30,Muy buen análisis y resolución metodológica.
GRD-00712,EVAL-SUB-QUI-10B-04,EST-062,2.5,2026-03-30,"Desempeño bajo, requiere tutoría académica."
GRD-00713,EVAL-SUB-ESP-10B-01,EST-062,2.5,2026-03-30,"Aprobado, profundizar en temas teóricos."
GRD-00714,EVAL-SUB-ESP-10B-02,EST-062,2.6,2026-03-30,"Buen trabajo, repasar ejercicios prácticos."
GRD-00715,EVAL-SUB-ESP-10B-03,EST-062,3.1,2026-03-30,"Desempeño bajo, requiere tutoría académica."
GRD-00716,EVAL-SUB-ESP-10B-04,EST-062,2.5,2026-03-30,"Buen trabajo, repasar ejercicios prácticos."
GRD-00717,EVAL-SUB-ING-10B-01,EST-062,2.7,2026-03-30,Excelente dominio de los conceptos.
GRD-00718,EVAL-SUB-ING-10B-02,EST-062,2.9,2026-03-30,"Aprobado, profundizar en temas teóricos."
GRD-00719,EVAL-SUB-ING-10B-03,EST-062,2.8,2026-03-30,"Insuficiente, programar plan de mejoramiento."
GRD-00720,EVAL-SUB-ING-10B-04,EST-062,2.4,2026-03-30,Muy buen análisis y resolución metodológica.
GRD-00721,EVAL-SUB-MAT-10B-01,EST-066,3.5,2026-03-30,"Aprobado, profundizar en temas teóricos."
GRD-00722,EVAL-SUB-MAT-10B-02,EST-066,4.1,2026-03-30,"Insuficiente, programar plan de mejoramiento."
GRD-00723,EVAL-SUB-MAT-10B-03,EST-066,3.1,2026-03-30,"Desempeño bajo, requiere tutoría académica."
GRD-00724,EVAL-SUB-MAT-10B-04,EST-066,3.8,2026-03-30,Muy buen análisis y resolución metodológica.
GRD-00725,EVAL-SUB-FIS-10B-01,EST-066,3.9,2026-03-30,"Insuficiente, programar plan de mejoramiento."
GRD-00726,EVAL-SUB-FIS-10B-02,EST-066,3.7,2026-03-30,"Desempeño bajo, requiere tutoría académica."
GRD-00727,EVAL-SUB-FIS-10B-03,EST-066,3.3,2026-03-30,Excelente dominio de los conceptos.
GRD-00728,EVAL-SUB-FIS-10B-04,EST-066,3.0,2026-03-30,"Buen trabajo, repasar ejercicios prácticos."
GRD-00729,EVAL-SUB-QUI-10B-01,EST-066,4.0,2026-03-30,"Desempeño bajo, requiere tutoría académica."
GRD-00730,EVAL-SUB-QUI-10B-02,EST-066,3.0,2026-03-30,"Desempeño bajo, requiere tutoría académica."
GRD-00731,EVAL-SUB-QUI-10B-03,EST-066,3.1,2026-03-30,"Buen trabajo, repasar ejercicios prácticos."
GRD-00732,EVAL-SUB-QUI-10B-04,EST-066,3.2,2026-03-30,"Desempeño bajo, requiere tutoría académica."
GRD-00733,EVAL-SUB-ESP-10B-01,EST-066,3.5,2026-03-30,"Buen trabajo, repasar ejercicios prácticos."
GRD-00734,EVAL-SUB-ESP-10B-02,EST-066,2.8,2026-03-30,"Desempeño bajo, requiere tutoría académica."
GRD-00735,EVAL-SUB-ESP-10B-03,EST-066,4.5,2026-03-30,"Desempeño bajo, requiere tutoría académica."
GRD-00736,EVAL-SUB-ESP-10B-04,EST-066,3.7,2026-03-30,"Insuficiente, programar plan de mejoramiento."
GRD-00737,EVAL-SUB-ING-10B-01,EST-066,2.8,2026-03-30,"Insuficiente, programar plan de mejoramiento."
GRD-00738,EVAL-SUB-ING-10B-02,EST-066,3.4,2026-03-30,"Buen trabajo, repasar ejercicios prácticos."
GRD-00739,EVAL-SUB-ING-10B-03,EST-066,3.8,2026-03-30,"Insuficiente, programar plan de mejoramiento."
GRD-00740,EVAL-SUB-ING-10B-04,EST-066,3.9,2026-03-30,Muy buen análisis y resolución metodológica.
GRD-00741,EVAL-SUB-MAT-10B-01,EST-070,3.4,2026-03-30,Excelente dominio de los conceptos.
GRD-00742,EVAL-SUB-MAT-10B-02,EST-070,3.9,2026-03-30,Muy buen análisis y resolución metodológica.
GRD-00743,EVAL-SUB-MAT-10B-03,EST-070,4.4,2026-03-30,"Aprobado, profundizar en temas teóricos."
GRD-00744,EVAL-SUB-MAT-10B-04,EST-070,3.0,2026-03-30,Excelente dominio de los conceptos.
GRD-00745,EVAL-SUB-FIS-10B-01,EST-070,3.9,2026-03-30,"Insuficiente, programar plan de mejoramiento."
GRD-00746,EVAL-SUB-FIS-10B-02,EST-070,3.5,2026-03-30,"Buen trabajo, repasar ejercicios prácticos."
GRD-00747,EVAL-SUB-FIS-10B-03,EST-070,4.0,2026-03-30,"Buen trabajo, repasar ejercicios prácticos."
GRD-00748,EVAL-SUB-FIS-10B-04,EST-070,3.7,2026-03-30,"Desempeño bajo, requiere tutoría académica."
GRD-00749,EVAL-SUB-QUI-10B-01,EST-070,4.7,2026-03-30,"Desempeño bajo, requiere tutoría académica."
GRD-00750,EVAL-SUB-QUI-10B-02,EST-070,3.1,2026-03-30,Excelente dominio de los conceptos.
GRD-00751,EVAL-SUB-QUI-10B-03,EST-070,3.5,2026-03-30,"Desempeño bajo, requiere tutoría académica."
GRD-00752,EVAL-SUB-QUI-10B-04,EST-070,4.1,2026-03-30,Excelente dominio de los conceptos.
GRD-00753,EVAL-SUB-ESP-10B-01,EST-070,3.8,2026-03-30,Excelente dominio de los conceptos.
GRD-00754,EVAL-SUB-ESP-10B-02,EST-070,3.9,2026-03-30,Muy buen análisis y resolución metodológica.
GRD-00755,EVAL-SUB-ESP-10B-03,EST-070,3.3,2026-03-30,"Buen trabajo, repasar ejercicios prácticos."
GRD-00756,EVAL-SUB-ESP-10B-04,EST-070,3.1,2026-03-30,Excelente dominio de los conceptos.
GRD-00757,EVAL-SUB-ING-10B-01,EST-070,3.6,2026-03-30,Muy buen análisis y resolución metodológica.
GRD-00758,EVAL-SUB-ING-10B-02,EST-070,4.8,2026-03-30,"Buen trabajo, repasar ejercicios prácticos."
GRD-00759,EVAL-SUB-ING-10B-03,EST-070,3.9,2026-03-30,"Insuficiente, programar plan de mejoramiento."
GRD-00760,EVAL-SUB-ING-10B-04,EST-070,3.3,2026-03-30,Excelente dominio de los conceptos.
GRD-00761,EVAL-SUB-MAT-10B-01,EST-074,3.5,2026-03-30,"Buen trabajo, repasar ejercicios prácticos."
GRD-00762,EVAL-SUB-MAT-10B-02,EST-074,3.9,2026-03-30,Muy buen análisis y resolución metodológica.
GRD-00763,EVAL-SUB-MAT-10B-03,EST-074,3.1,2026-03-30,"Insuficiente, programar plan de mejoramiento."
GRD-00764,EVAL-SUB-MAT-10B-04,EST-074,3.4,2026-03-30,"Aprobado, profundizar en temas teóricos."
GRD-00765,EVAL-SUB-FIS-10B-01,EST-074,3.6,2026-03-30,"Buen trabajo, repasar ejercicios prácticos."
GRD-00766,EVAL-SUB-FIS-10B-02,EST-074,3.5,2026-03-30,"Desempeño bajo, requiere tutoría académica."
GRD-00767,EVAL-SUB-FIS-10B-03,EST-074,3.7,2026-03-30,Muy buen análisis y resolución metodológica.
GRD-00768,EVAL-SUB-FIS-10B-04,EST-074,3.7,2026-03-30,Excelente dominio de los conceptos.
GRD-00769,EVAL-SUB-QUI-10B-01,EST-074,3.1,2026-03-30,"Desempeño bajo, requiere tutoría académica."
GRD-00770,EVAL-SUB-QUI-10B-02,EST-074,3.5,2026-03-30,"Insuficiente, programar plan de mejoramiento."
GRD-00771,EVAL-SUB-QUI-10B-03,EST-074,3.5,2026-03-30,"Insuficiente, programar plan de mejoramiento."
GRD-00772,EVAL-SUB-QUI-10B-04,EST-074,3.6,2026-03-30,"Desempeño bajo, requiere tutoría académica."
GRD-00773,EVAL-SUB-ESP-10B-01,EST-074,3.9,2026-03-30,Excelente dominio de los conceptos.
GRD-00774,EVAL-SUB-ESP-10B-02,EST-074,3.3,2026-03-30,"Desempeño bajo, requiere tutoría académica."
GRD-00775,EVAL-SUB-ESP-10B-03,EST-074,3.4,2026-03-30,"Buen trabajo, repasar ejercicios prácticos."
GRD-00776,EVAL-SUB-ESP-10B-04,EST-074,3.5,2026-03-30,"Aprobado, profundizar en temas teóricos."
GRD-00777,EVAL-SUB-ING-10B-01,EST-074,3.4,2026-03-30,Excelente dominio de los conceptos.
GRD-00778,EVAL-SUB-ING-10B-02,EST-074,4.2,2026-03-30,"Insuficiente, programar plan de mejoramiento."
GRD-00779,EVAL-SUB-ING-10B-03,EST-074,3.4,2026-03-30,"Insuficiente, programar plan de mejoramiento."
GRD-00780,EVAL-SUB-ING-10B-04,EST-074,4.6,2026-03-30,Excelente dominio de los conceptos.
GRD-00781,EVAL-SUB-MAT-10B-01,EST-078,2.7,2026-03-30,"Aprobado, profundizar en temas teóricos."
GRD-00782,EVAL-SUB-MAT-10B-02,EST-078,2.6,2026-03-30,Muy buen análisis y resolución metodológica.
GRD-00783,EVAL-SUB-MAT-10B-03,EST-078,4.5,2026-03-30,"Aprobado, profundizar en temas teóricos."
GRD-00784,EVAL-SUB-MAT-10B-04,EST-078,3.7,2026-03-30,"Buen trabajo, repasar ejercicios prácticos."
GRD-00785,EVAL-SUB-FIS-10B-01,EST-078,3.6,2026-03-30,"Insuficiente, programar plan de mejoramiento."
GRD-00786,EVAL-SUB-FIS-10B-02,EST-078,3.0,2026-03-30,Muy buen análisis y resolución metodológica.
GRD-00787,EVAL-SUB-FIS-10B-03,EST-078,3.7,2026-03-30,"Aprobado, profundizar en temas teóricos."
GRD-00788,EVAL-SUB-FIS-10B-04,EST-078,3.4,2026-03-30,"Insuficiente, programar plan de mejoramiento."
GRD-00789,EVAL-SUB-QUI-10B-01,EST-078,3.3,2026-03-30,Muy buen análisis y resolución metodológica.
GRD-00790,EVAL-SUB-QUI-10B-02,EST-078,4.3,2026-03-30,"Desempeño bajo, requiere tutoría académica."
GRD-00791,EVAL-SUB-QUI-10B-03,EST-078,4.2,2026-03-30,"Buen trabajo, repasar ejercicios prácticos."
GRD-00792,EVAL-SUB-QUI-10B-04,EST-078,3.6,2026-03-30,"Buen trabajo, repasar ejercicios prácticos."
GRD-00793,EVAL-SUB-ESP-10B-01,EST-078,4.5,2026-03-30,"Desempeño bajo, requiere tutoría académica."
GRD-00794,EVAL-SUB-ESP-10B-02,EST-078,4.0,2026-03-30,Excelente dominio de los conceptos.
GRD-00795,EVAL-SUB-ESP-10B-03,EST-078,3.6,2026-03-30,"Buen trabajo, repasar ejercicios prácticos."
GRD-00796,EVAL-SUB-ESP-10B-04,EST-078,3.8,2026-03-30,Excelente dominio de los conceptos.
GRD-00797,EVAL-SUB-ING-10B-01,EST-078,3.5,2026-03-30,"Desempeño bajo, requiere tutoría académica."
GRD-00798,EVAL-SUB-ING-10B-02,EST-078,4.1,2026-03-30,"Insuficiente, programar plan de mejoramiento."
GRD-00799,EVAL-SUB-ING-10B-03,EST-078,3.5,2026-03-30,Muy buen análisis y resolución metodológica.
GRD-00800,EVAL-SUB-ING-10B-04,EST-078,3.7,2026-03-30,"Buen trabajo, repasar ejercicios prácticos."
GRD-00801,EVAL-SUB-MAT-11A-01,EST-003,4.2,2026-03-30,Excelente dominio de los conceptos.
GRD-00802,EVAL-SUB-MAT-11A-02,EST-003,3.5,2026-03-30,Excelente dominio de los conceptos.
GRD-00803,EVAL-SUB-MAT-11A-03,EST-003,2.9,2026-03-30,"Aprobado, profundizar en temas teóricos."
GRD-00804,EVAL-SUB-MAT-11A-04,EST-003,2.8,2026-03-30,"Desempeño bajo, requiere tutoría académica."
GRD-00805,EVAL-SUB-FIS-11A-01,EST-003,3.4,2026-03-30,"Desempeño bajo, requiere tutoría académica."
GRD-00806,EVAL-SUB-FIS-11A-02,EST-003,3.1,2026-03-30,Muy buen análisis y resolución metodológica.
GRD-00807,EVAL-SUB-FIS-11A-03,EST-003,3.5,2026-03-30,"Desempeño bajo, requiere tutoría académica."
GRD-00808,EVAL-SUB-FIS-11A-04,EST-003,2.6,2026-03-30,"Aprobado, profundizar en temas teóricos."
GRD-00809,EVAL-SUB-QUI-11A-01,EST-003,3.9,2026-03-30,Excelente dominio de los conceptos.
GRD-00810,EVAL-SUB-QUI-11A-02,EST-003,3.2,2026-03-30,"Insuficiente, programar plan de mejoramiento."
GRD-00811,EVAL-SUB-QUI-11A-03,EST-003,3.0,2026-03-30,"Buen trabajo, repasar ejercicios prácticos."
GRD-00812,EVAL-SUB-QUI-11A-04,EST-003,2.8,2026-03-30,Excelente dominio de los conceptos.
GRD-00813,EVAL-SUB-ESP-11A-01,EST-003,3.1,2026-03-30,"Aprobado, profundizar en temas teóricos."
GRD-00814,EVAL-SUB-ESP-11A-02,EST-003,3.0,2026-03-30,"Insuficiente, programar plan de mejoramiento."
GRD-00815,EVAL-SUB-ESP-11A-03,EST-003,2.9,2026-03-30,Muy buen análisis y resolución metodológica.
GRD-00816,EVAL-SUB-ESP-11A-04,EST-003,2.5,2026-03-30,"Aprobado, profundizar en temas teóricos."
GRD-00817,EVAL-SUB-ING-11A-01,EST-003,3.6,2026-03-30,"Desempeño bajo, requiere tutoría académica."
GRD-00818,EVAL-SUB-ING-11A-02,EST-003,4.2,2026-03-30,"Aprobado, profundizar en temas teóricos."
GRD-00819,EVAL-SUB-ING-11A-03,EST-003,3.5,2026-03-30,"Insuficiente, programar plan de mejoramiento."
GRD-00820,EVAL-SUB-ING-11A-04,EST-003,3.6,2026-03-30,Excelente dominio de los conceptos.
GRD-00821,EVAL-SUB-MAT-11A-01,EST-007,4.1,2026-03-30,"Aprobado, profundizar en temas teóricos."
GRD-00822,EVAL-SUB-MAT-11A-02,EST-007,3.8,2026-03-30,"Insuficiente, programar plan de mejoramiento."
GRD-00823,EVAL-SUB-MAT-11A-03,EST-007,3.7,2026-03-30,Excelente dominio de los conceptos.
GRD-00824,EVAL-SUB-MAT-11A-04,EST-007,2.8,2026-03-30,"Buen trabajo, repasar ejercicios prácticos."
GRD-00825,EVAL-SUB-FIS-11A-01,EST-007,3.9,2026-03-30,"Desempeño bajo, requiere tutoría académica."
GRD-00826,EVAL-SUB-FIS-11A-02,EST-007,2.9,2026-03-30,Excelente dominio de los conceptos.
GRD-00827,EVAL-SUB-FIS-11A-03,EST-007,3.8,2026-03-30,Muy buen análisis y resolución metodológica.
GRD-00828,EVAL-SUB-FIS-11A-04,EST-007,3.8,2026-03-30,"Aprobado, profundizar en temas teóricos."
GRD-00829,EVAL-SUB-QUI-11A-01,EST-007,2.7,2026-03-30,Excelente dominio de los conceptos.
GRD-00830,EVAL-SUB-QUI-11A-02,EST-007,4.4,2026-03-30,"Insuficiente, programar plan de mejoramiento."
GRD-00831,EVAL-SUB-QUI-11A-03,EST-007,3.8,2026-03-30,"Aprobado, profundizar en temas teóricos."
GRD-00832,EVAL-SUB-QUI-11A-04,EST-007,3.9,2026-03-30,"Aprobado, profundizar en temas teóricos."
GRD-00833,EVAL-SUB-ESP-11A-01,EST-007,3.3,2026-03-30,"Buen trabajo, repasar ejercicios prácticos."
GRD-00834,EVAL-SUB-ESP-11A-02,EST-007,3.6,2026-03-30,"Insuficiente, programar plan de mejoramiento."
GRD-00835,EVAL-SUB-ESP-11A-03,EST-007,3.2,2026-03-30,"Aprobado, profundizar en temas teóricos."
GRD-00836,EVAL-SUB-ESP-11A-04,EST-007,3.8,2026-03-30,"Buen trabajo, repasar ejercicios prácticos."
GRD-00837,EVAL-SUB-ING-11A-01,EST-007,3.6,2026-03-30,"Buen trabajo, repasar ejercicios prácticos."
GRD-00838,EVAL-SUB-ING-11A-02,EST-007,3.5,2026-03-30,"Desempeño bajo, requiere tutoría académica."
GRD-00839,EVAL-SUB-ING-11A-03,EST-007,2.4,2026-03-30,Excelente dominio de los conceptos.
GRD-00840,EVAL-SUB-ING-11A-04,EST-007,3.4,2026-03-30,"Aprobado, profundizar en temas teóricos."
GRD-00841,EVAL-SUB-MAT-11A-01,EST-011,2.9,2026-03-30,"Buen trabajo, repasar ejercicios prácticos."
GRD-00842,EVAL-SUB-MAT-11A-02,EST-011,4.1,2026-03-30,"Desempeño bajo, requiere tutoría académica."
GRD-00843,EVAL-SUB-MAT-11A-03,EST-011,3.6,2026-03-30,"Buen trabajo, repasar ejercicios prácticos."
GRD-00844,EVAL-SUB-MAT-11A-04,EST-011,4.3,2026-03-30,"Desempeño bajo, requiere tutoría académica."
GRD-00845,EVAL-SUB-FIS-11A-01,EST-011,4.3,2026-03-30,"Buen trabajo, repasar ejercicios prácticos."
GRD-00846,EVAL-SUB-FIS-11A-02,EST-011,4.1,2026-03-30,Excelente dominio de los conceptos.
GRD-00847,EVAL-SUB-FIS-11A-03,EST-011,3.3,2026-03-30,Muy buen análisis y resolución metodológica.
GRD-00848,EVAL-SUB-FIS-11A-04,EST-011,5.0,2026-03-30,Muy buen análisis y resolución metodológica.
GRD-00849,EVAL-SUB-QUI-11A-01,EST-011,3.3,2026-03-30,"Aprobado, profundizar en temas teóricos."
GRD-00850,EVAL-SUB-QUI-11A-02,EST-011,3.5,2026-03-30,"Aprobado, profundizar en temas teóricos."
GRD-00851,EVAL-SUB-QUI-11A-03,EST-011,3.0,2026-03-30,"Aprobado, profundizar en temas teóricos."
GRD-00852,EVAL-SUB-QUI-11A-04,EST-011,4.1,2026-03-30,Muy buen análisis y resolución metodológica.
GRD-00853,EVAL-SUB-ESP-11A-01,EST-011,3.0,2026-03-30,Muy buen análisis y resolución metodológica.
GRD-00854,EVAL-SUB-ESP-11A-02,EST-011,3.9,2026-03-30,"Buen trabajo, repasar ejercicios prácticos."
GRD-00855,EVAL-SUB-ESP-11A-03,EST-011,4.1,2026-03-30,Excelente dominio de los conceptos.
GRD-00856,EVAL-SUB-ESP-11A-04,EST-011,4.5,2026-03-30,"Buen trabajo, repasar ejercicios prácticos."
GRD-00857,EVAL-SUB-ING-11A-01,EST-011,3.6,2026-03-30,"Desempeño bajo, requiere tutoría académica."
GRD-00858,EVAL-SUB-ING-11A-02,EST-011,4.3,2026-03-30,"Aprobado, profundizar en temas teóricos."
GRD-00859,EVAL-SUB-ING-11A-03,EST-011,3.8,2026-03-30,"Desempeño bajo, requiere tutoría académica."
GRD-00860,EVAL-SUB-ING-11A-04,EST-011,3.9,2026-03-30,"Insuficiente, programar plan de mejoramiento."
GRD-00861,EVAL-SUB-MAT-11A-01,EST-015,2.9,2026-03-30,"Desempeño bajo, requiere tutoría académica."
GRD-00862,EVAL-SUB-MAT-11A-02,EST-015,2.7,2026-03-30,Muy buen análisis y resolución metodológica.
GRD-00863,EVAL-SUB-MAT-11A-03,EST-015,2.7,2026-03-30,"Desempeño bajo, requiere tutoría académica."
GRD-00864,EVAL-SUB-MAT-11A-04,EST-015,2.2,2026-03-30,"Insuficiente, programar plan de mejoramiento."
GRD-00865,EVAL-SUB-FIS-11A-01,EST-015,4.0,2026-03-30,Muy buen análisis y resolución metodológica.
GRD-00866,EVAL-SUB-FIS-11A-02,EST-015,3.4,2026-03-30,Excelente dominio de los conceptos.
GRD-00867,EVAL-SUB-FIS-11A-03,EST-015,2.1,2026-03-30,"Aprobado, profundizar en temas teóricos."
GRD-00868,EVAL-SUB-FIS-11A-04,EST-015,3.0,2026-03-30,"Buen trabajo, repasar ejercicios prácticos."
GRD-00869,EVAL-SUB-QUI-11A-01,EST-015,3.4,2026-03-30,Muy buen análisis y resolución metodológica.
GRD-00870,EVAL-SUB-QUI-11A-02,EST-015,2.2,2026-03-30,"Insuficiente, programar plan de mejoramiento."
GRD-00871,EVAL-SUB-QUI-11A-03,EST-015,3.3,2026-03-30,"Desempeño bajo, requiere tutoría académica."
GRD-00872,EVAL-SUB-QUI-11A-04,EST-015,4.0,2026-03-30,"Insuficiente, programar plan de mejoramiento."
GRD-00873,EVAL-SUB-ESP-11A-01,EST-015,2.9,2026-03-30,Excelente dominio de los conceptos.
GRD-00874,EVAL-SUB-ESP-11A-02,EST-015,2.7,2026-03-30,"Insuficiente, programar plan de mejoramiento."
GRD-00875,EVAL-SUB-ESP-11A-03,EST-015,3.0,2026-03-30,"Aprobado, profundizar en temas teóricos."
GRD-00876,EVAL-SUB-ESP-11A-04,EST-015,3.0,2026-03-30,Muy buen análisis y resolución metodológica.
GRD-00877,EVAL-SUB-ING-11A-01,EST-015,3.0,2026-03-30,"Insuficiente, programar plan de mejoramiento."
GRD-00878,EVAL-SUB-ING-11A-02,EST-015,4.0,2026-03-30,"Aprobado, profundizar en temas teóricos."
GRD-00879,EVAL-SUB-ING-11A-03,EST-015,3.0,2026-03-30,Muy buen análisis y resolución metodológica.
GRD-00880,EVAL-SUB-ING-11A-04,EST-015,2.5,2026-03-30,"Insuficiente, programar plan de mejoramiento."
GRD-00881,EVAL-SUB-MAT-11A-01,EST-019,4.1,2026-03-30,"Insuficiente, programar plan de mejoramiento."
GRD-00882,EVAL-SUB-MAT-11A-02,EST-019,2.8,2026-03-30,"Buen trabajo, repasar ejercicios prácticos."
GRD-00883,EVAL-SUB-MAT-11A-03,EST-019,3.2,2026-03-30,"Insuficiente, programar plan de mejoramiento."
GRD-00884,EVAL-SUB-MAT-11A-04,EST-019,3.6,2026-03-30,Muy buen análisis y resolución metodológica.
GRD-00885,EVAL-SUB-FIS-11A-01,EST-019,3.3,2026-03-30,"Insuficiente, programar plan de mejoramiento."
GRD-00886,EVAL-SUB-FIS-11A-02,EST-019,3.2,2026-03-30,"Insuficiente, programar plan de mejoramiento."
GRD-00887,EVAL-SUB-FIS-11A-03,EST-019,2.7,2026-03-30,Excelente dominio de los conceptos.
GRD-00888,EVAL-SUB-FIS-11A-04,EST-019,3.4,2026-03-30,Excelente dominio de los conceptos.
GRD-00889,EVAL-SUB-QUI-11A-01,EST-019,3.3,2026-03-30,Muy buen análisis y resolución metodológica.
GRD-00890,EVAL-SUB-QUI-11A-02,EST-019,3.4,2026-03-30,"Buen trabajo, repasar ejercicios prácticos."
GRD-00891,EVAL-SUB-QUI-11A-03,EST-019,3.0,2026-03-30,"Insuficiente, programar plan de mejoramiento."
GRD-00892,EVAL-SUB-QUI-11A-04,EST-019,2.8,2026-03-30,"Desempeño bajo, requiere tutoría académica."
GRD-00893,EVAL-SUB-ESP-11A-01,EST-019,3.7,2026-03-30,Muy buen análisis y resolución metodológica.
GRD-00894,EVAL-SUB-ESP-11A-02,EST-019,2.7,2026-03-30,"Aprobado, profundizar en temas teóricos."
GRD-00895,EVAL-SUB-ESP-11A-03,EST-019,3.2,2026-03-30,"Desempeño bajo, requiere tutoría académica."
GRD-00896,EVAL-SUB-ESP-11A-04,EST-019,3.4,2026-03-30,"Desempeño bajo, requiere tutoría académica."
GRD-00897,EVAL-SUB-ING-11A-01,EST-019,4.3,2026-03-30,"Aprobado, profundizar en temas teóricos."
GRD-00898,EVAL-SUB-ING-11A-02,EST-019,2.6,2026-03-30,"Buen trabajo, repasar ejercicios prácticos."
GRD-00899,EVAL-SUB-ING-11A-03,EST-019,3.6,2026-03-30,"Desempeño bajo, requiere tutoría académica."
GRD-00900,EVAL-SUB-ING-11A-04,EST-019,2.9,2026-03-30,"Aprobado, profundizar en temas teóricos."
GRD-00901,EVAL-SUB-MAT-11A-01,EST-023,3.5,2026-03-30,Muy buen análisis y resolución metodológica.
GRD-00902,EVAL-SUB-MAT-11A-02,EST-023,3.6,2026-03-30,"Aprobado, profundizar en temas teóricos."
GRD-00903,EVAL-SUB-MAT-11A-03,EST-023,3.7,2026-03-30,"Desempeño bajo, requiere tutoría académica."
GRD-00904,EVAL-SUB-MAT-11A-04,EST-023,2.9,2026-03-30,"Buen trabajo, repasar ejercicios prácticos."
GRD-00905,EVAL-SUB-FIS-11A-01,EST-023,3.9,2026-03-30,Excelente dominio de los conceptos.
GRD-00906,EVAL-SUB-FIS-11A-02,EST-023,3.2,2026-03-30,"Aprobado, profundizar en temas teóricos."
GRD-00907,EVAL-SUB-FIS-11A-03,EST-023,3.9,2026-03-30,"Desempeño bajo, requiere tutoría académica."
GRD-00908,EVAL-SUB-FIS-11A-04,EST-023,4.1,2026-03-30,"Buen trabajo, repasar ejercicios prácticos."
GRD-00909,EVAL-SUB-QUI-11A-01,EST-023,3.9,2026-03-30,"Desempeño bajo, requiere tutoría académica."
GRD-00910,EVAL-SUB-QUI-11A-02,EST-023,4.0,2026-03-30,"Insuficiente, programar plan de mejoramiento."
GRD-00911,EVAL-SUB-QUI-11A-03,EST-023,2.7,2026-03-30,"Buen trabajo, repasar ejercicios prácticos."
GRD-00912,EVAL-SUB-QUI-11A-04,EST-023,4.5,2026-03-30,"Aprobado, profundizar en temas teóricos."
GRD-00913,EVAL-SUB-ESP-11A-01,EST-023,4.6,2026-03-30,"Buen trabajo, repasar ejercicios prácticos."
GRD-00914,EVAL-SUB-ESP-11A-02,EST-023,3.5,2026-03-30,"Buen trabajo, repasar ejercicios prácticos."
GRD-00915,EVAL-SUB-ESP-11A-03,EST-023,3.2,2026-03-30,"Desempeño bajo, requiere tutoría académica."
GRD-00916,EVAL-SUB-ESP-11A-04,EST-023,3.8,2026-03-30,"Aprobado, profundizar en temas teóricos."
GRD-00917,EVAL-SUB-ING-11A-01,EST-023,3.6,2026-03-30,"Desempeño bajo, requiere tutoría académica."
GRD-00918,EVAL-SUB-ING-11A-02,EST-023,3.8,2026-03-30,"Insuficiente, programar plan de mejoramiento."
GRD-00919,EVAL-SUB-ING-11A-03,EST-023,3.5,2026-03-30,"Insuficiente, programar plan de mejoramiento."
GRD-00920,EVAL-SUB-ING-11A-04,EST-023,3.9,2026-03-30,"Aprobado, profundizar en temas teóricos."
GRD-00921,EVAL-SUB-MAT-11A-01,EST-027,4.1,2026-03-30,"Insuficiente, programar plan de mejoramiento."
GRD-00922,EVAL-SUB-MAT-11A-02,EST-027,4.5,2026-03-30,"Desempeño bajo, requiere tutoría académica."
GRD-00923,EVAL-SUB-MAT-11A-03,EST-027,3.5,2026-03-30,"Aprobado, profundizar en temas teóricos."
GRD-00924,EVAL-SUB-MAT-11A-04,EST-027,3.0,2026-03-30,"Desempeño bajo, requiere tutoría académica."
GRD-00925,EVAL-SUB-FIS-11A-01,EST-027,3.7,2026-03-30,"Buen trabajo, repasar ejercicios prácticos."
GRD-00926,EVAL-SUB-FIS-11A-02,EST-027,4.6,2026-03-30,"Desempeño bajo, requiere tutoría académica."
GRD-00927,EVAL-SUB-FIS-11A-03,EST-027,3.4,2026-03-30,"Aprobado, profundizar en temas teóricos."
GRD-00928,EVAL-SUB-FIS-11A-04,EST-027,4.1,2026-03-30,"Insuficiente, programar plan de mejoramiento."
GRD-00929,EVAL-SUB-QUI-11A-01,EST-027,4.0,2026-03-30,"Buen trabajo, repasar ejercicios prácticos."
GRD-00930,EVAL-SUB-QUI-11A-02,EST-027,3.7,2026-03-30,"Desempeño bajo, requiere tutoría académica."
GRD-00931,EVAL-SUB-QUI-11A-03,EST-027,4.3,2026-03-30,"Insuficiente, programar plan de mejoramiento."
GRD-00932,EVAL-SUB-QUI-11A-04,EST-027,3.4,2026-03-30,"Insuficiente, programar plan de mejoramiento."
GRD-00933,EVAL-SUB-ESP-11A-01,EST-027,4.2,2026-03-30,Muy buen análisis y resolución metodológica.
GRD-00934,EVAL-SUB-ESP-11A-02,EST-027,3.8,2026-03-30,Excelente dominio de los conceptos.
GRD-00935,EVAL-SUB-ESP-11A-03,EST-027,3.8,2026-03-30,"Desempeño bajo, requiere tutoría académica."
GRD-00936,EVAL-SUB-ESP-11A-04,EST-027,2.9,2026-03-30,"Insuficiente, programar plan de mejoramiento."
GRD-00937,EVAL-SUB-ING-11A-01,EST-027,5.0,2026-03-30,"Aprobado, profundizar en temas teóricos."
GRD-00938,EVAL-SUB-ING-11A-02,EST-027,4.0,2026-03-30,"Insuficiente, programar plan de mejoramiento."
GRD-00939,EVAL-SUB-ING-11A-03,EST-027,3.6,2026-03-30,"Desempeño bajo, requiere tutoría académica."
GRD-00940,EVAL-SUB-ING-11A-04,EST-027,3.8,2026-03-30,"Buen trabajo, repasar ejercicios prácticos."
GRD-00941,EVAL-SUB-MAT-11A-01,EST-031,3.3,2026-03-30,"Insuficiente, programar plan de mejoramiento."
GRD-00942,EVAL-SUB-MAT-11A-02,EST-031,2.6,2026-03-30,"Desempeño bajo, requiere tutoría académica."
GRD-00943,EVAL-SUB-MAT-11A-03,EST-031,4.1,2026-03-30,"Buen trabajo, repasar ejercicios prácticos."
GRD-00944,EVAL-SUB-MAT-11A-04,EST-031,4.4,2026-03-30,"Aprobado, profundizar en temas teóricos."
GRD-00945,EVAL-SUB-FIS-11A-01,EST-031,3.9,2026-03-30,"Desempeño bajo, requiere tutoría académica."
GRD-00946,EVAL-SUB-FIS-11A-02,EST-031,3.3,2026-03-30,"Insuficiente, programar plan de mejoramiento."
GRD-00947,EVAL-SUB-FIS-11A-03,EST-031,3.5,2026-03-30,"Aprobado, profundizar en temas teóricos."
GRD-00948,EVAL-SUB-FIS-11A-04,EST-031,3.1,2026-03-30,"Insuficiente, programar plan de mejoramiento."
GRD-00949,EVAL-SUB-QUI-11A-01,EST-031,3.8,2026-03-30,Muy buen análisis y resolución metodológica.
GRD-00950,EVAL-SUB-QUI-11A-02,EST-031,3.0,2026-03-30,"Insuficiente, programar plan de mejoramiento."
GRD-00951,EVAL-SUB-QUI-11A-03,EST-031,3.2,2026-03-30,"Aprobado, profundizar en temas teóricos."
GRD-00952,EVAL-SUB-QUI-11A-04,EST-031,4.4,2026-03-30,"Aprobado, profundizar en temas teóricos."
GRD-00953,EVAL-SUB-ESP-11A-01,EST-031,2.9,2026-03-30,"Insuficiente, programar plan de mejoramiento."
GRD-00954,EVAL-SUB-ESP-11A-02,EST-031,2.3,2026-03-30,"Aprobado, profundizar en temas teóricos."
GRD-00955,EVAL-SUB-ESP-11A-03,EST-031,3.7,2026-03-30,Muy buen análisis y resolución metodológica.
GRD-00956,EVAL-SUB-ESP-11A-04,EST-031,2.7,2026-03-30,Muy buen análisis y resolución metodológica.
GRD-00957,EVAL-SUB-ING-11A-01,EST-031,4.1,2026-03-30,Muy buen análisis y resolución metodológica.
GRD-00958,EVAL-SUB-ING-11A-02,EST-031,3.6,2026-03-30,"Insuficiente, programar plan de mejoramiento."
GRD-00959,EVAL-SUB-ING-11A-03,EST-031,2.8,2026-03-30,"Insuficiente, programar plan de mejoramiento."
GRD-00960,EVAL-SUB-ING-11A-04,EST-031,3.1,2026-03-30,"Desempeño bajo, requiere tutoría académica."
GRD-00961,EVAL-SUB-MAT-11A-01,EST-035,4.5,2026-03-30,"Insuficiente, programar plan de mejoramiento."
GRD-00962,EVAL-SUB-MAT-11A-02,EST-035,4.0,2026-03-30,Muy buen análisis y resolución metodológica.
GRD-00963,EVAL-SUB-MAT-11A-03,EST-035,3.4,2026-03-30,"Buen trabajo, repasar ejercicios prácticos."
GRD-00964,EVAL-SUB-MAT-11A-04,EST-035,5.0,2026-03-30,Excelente dominio de los conceptos.
GRD-00965,EVAL-SUB-FIS-11A-01,EST-035,4.1,2026-03-30,"Buen trabajo, repasar ejercicios prácticos."
GRD-00966,EVAL-SUB-FIS-11A-02,EST-035,4.3,2026-03-30,"Buen trabajo, repasar ejercicios prácticos."
GRD-00967,EVAL-SUB-FIS-11A-03,EST-035,4.0,2026-03-30,"Desempeño bajo, requiere tutoría académica."
GRD-00968,EVAL-SUB-FIS-11A-04,EST-035,3.7,2026-03-30,"Insuficiente, programar plan de mejoramiento."
GRD-00969,EVAL-SUB-QUI-11A-01,EST-035,3.4,2026-03-30,"Desempeño bajo, requiere tutoría académica."
GRD-00970,EVAL-SUB-QUI-11A-02,EST-035,4.5,2026-03-30,Excelente dominio de los conceptos.
GRD-00971,EVAL-SUB-QUI-11A-03,EST-035,3.3,2026-03-30,Muy buen análisis y resolución metodológica.
GRD-00972,EVAL-SUB-QUI-11A-04,EST-035,4.1,2026-03-30,"Aprobado, profundizar en temas teóricos."
GRD-00973,EVAL-SUB-ESP-11A-01,EST-035,4.2,2026-03-30,Muy buen análisis y resolución metodológica.
GRD-00974,EVAL-SUB-ESP-11A-02,EST-035,3.4,2026-03-30,"Buen trabajo, repasar ejercicios prácticos."
GRD-00975,EVAL-SUB-ESP-11A-03,EST-035,4.0,2026-03-30,"Desempeño bajo, requiere tutoría académica."
GRD-00976,EVAL-SUB-ESP-11A-04,EST-035,4.3,2026-03-30,"Aprobado, profundizar en temas teóricos."
GRD-00977,EVAL-SUB-ING-11A-01,EST-035,3.7,2026-03-30,Muy buen análisis y resolución metodológica.
GRD-00978,EVAL-SUB-ING-11A-02,EST-035,4.0,2026-03-30,Muy buen análisis y resolución metodológica.
GRD-00979,EVAL-SUB-ING-11A-03,EST-035,3.1,2026-03-30,Muy buen análisis y resolución metodológica.
GRD-00980,EVAL-SUB-ING-11A-04,EST-035,3.9,2026-03-30,"Buen trabajo, repasar ejercicios prácticos."
GRD-00981,EVAL-SUB-MAT-11A-01,EST-039,4.1,2026-03-30,"Aprobado, profundizar en temas teóricos."
GRD-00982,EVAL-SUB-MAT-11A-02,EST-039,4.6,2026-03-30,"Aprobado, profundizar en temas teóricos."
GRD-00983,EVAL-SUB-MAT-11A-03,EST-039,4.0,2026-03-30,"Desempeño bajo, requiere tutoría académica."
GRD-00984,EVAL-SUB-MAT-11A-04,EST-039,3.5,2026-03-30,"Aprobado, profundizar en temas teóricos."
GRD-00985,EVAL-SUB-FIS-11A-01,EST-039,3.6,2026-03-30,Muy buen análisis y resolución metodológica.
GRD-00986,EVAL-SUB-FIS-11A-02,EST-039,4.3,2026-03-30,"Aprobado, profundizar en temas teóricos."
GRD-00987,EVAL-SUB-FIS-11A-03,EST-039,4.0,2026-03-30,"Insuficiente, programar plan de mejoramiento."
GRD-00988,EVAL-SUB-FIS-11A-04,EST-039,4.8,2026-03-30,"Desempeño bajo, requiere tutoría académica."
GRD-00989,EVAL-SUB-QUI-11A-01,EST-039,4.6,2026-03-30,"Aprobado, profundizar en temas teóricos."
GRD-00990,EVAL-SUB-QUI-11A-02,EST-039,3.9,2026-03-30,"Buen trabajo, repasar ejercicios prácticos."
GRD-00991,EVAL-SUB-QUI-11A-03,EST-039,4.1,2026-03-30,Muy buen análisis y resolución metodológica.
GRD-00992,EVAL-SUB-QUI-11A-04,EST-039,4.6,2026-03-30,Excelente dominio de los conceptos.
GRD-00993,EVAL-SUB-ESP-11A-01,EST-039,3.9,2026-03-30,"Aprobado, profundizar en temas teóricos."
GRD-00994,EVAL-SUB-ESP-11A-02,EST-039,4.6,2026-03-30,Muy buen análisis y resolución metodológica.
GRD-00995,EVAL-SUB-ESP-11A-03,EST-039,3.9,2026-03-30,"Insuficiente, programar plan de mejoramiento."
GRD-00996,EVAL-SUB-ESP-11A-04,EST-039,4.2,2026-03-30,"Aprobado, profundizar en temas teóricos."
GRD-00997,EVAL-SUB-ING-11A-01,EST-039,4.9,2026-03-30,"Buen trabajo, repasar ejercicios prácticos."
GRD-00998,EVAL-SUB-ING-11A-02,EST-039,3.9,2026-03-30,Excelente dominio de los conceptos.
GRD-00999,EVAL-SUB-ING-11A-03,EST-039,3.7,2026-03-30,"Buen trabajo, repasar ejercicios prácticos."
GRD-01000,EVAL-SUB-ING-11A-04,EST-039,3.7,2026-03-30,Excelente dominio de los conceptos.
GRD-01001,EVAL-SUB-MAT-11A-01,EST-043,2.6,2026-03-30,Muy buen análisis y resolución metodológica.
GRD-01002,EVAL-SUB-MAT-11A-02,EST-043,3.2,2026-03-30,"Aprobado, profundizar en temas teóricos."
GRD-01003,EVAL-SUB-MAT-11A-03,EST-043,3.4,2026-03-30,Muy buen análisis y resolución metodológica.
GRD-01004,EVAL-SUB-MAT-11A-04,EST-043,2.4,2026-03-30,"Buen trabajo, repasar ejercicios prácticos."
GRD-01005,EVAL-SUB-FIS-11A-01,EST-043,3.3,2026-03-30,Excelente dominio de los conceptos.
GRD-01006,EVAL-SUB-FIS-11A-02,EST-043,4.5,2026-03-30,"Buen trabajo, repasar ejercicios prácticos."
GRD-01007,EVAL-SUB-FIS-11A-03,EST-043,2.8,2026-03-30,"Desempeño bajo, requiere tutoría académica."
GRD-01008,EVAL-SUB-FIS-11A-04,EST-043,2.6,2026-03-30,"Desempeño bajo, requiere tutoría académica."
GRD-01009,EVAL-SUB-QUI-11A-01,EST-043,2.3,2026-03-30,"Desempeño bajo, requiere tutoría académica."
GRD-01010,EVAL-SUB-QUI-11A-02,EST-043,2.7,2026-03-30,"Aprobado, profundizar en temas teóricos."
GRD-01011,EVAL-SUB-QUI-11A-03,EST-043,2.5,2026-03-30,"Aprobado, profundizar en temas teóricos."
GRD-01012,EVAL-SUB-QUI-11A-04,EST-043,3.1,2026-03-30,Excelente dominio de los conceptos.
GRD-01013,EVAL-SUB-ESP-11A-01,EST-043,3.3,2026-03-30,Muy buen análisis y resolución metodológica.
GRD-01014,EVAL-SUB-ESP-11A-02,EST-043,2.6,2026-03-30,Muy buen análisis y resolución metodológica.
GRD-01015,EVAL-SUB-ESP-11A-03,EST-043,2.9,2026-03-30,Excelente dominio de los conceptos.
GRD-01016,EVAL-SUB-ESP-11A-04,EST-043,3.4,2026-03-30,"Buen trabajo, repasar ejercicios prácticos."
GRD-01017,EVAL-SUB-ING-11A-01,EST-043,3.0,2026-03-30,Excelente dominio de los conceptos.
GRD-01018,EVAL-SUB-ING-11A-02,EST-043,3.6,2026-03-30,"Desempeño bajo, requiere tutoría académica."
GRD-01019,EVAL-SUB-ING-11A-03,EST-043,3.1,2026-03-30,"Buen trabajo, repasar ejercicios prácticos."
GRD-01020,EVAL-SUB-ING-11A-04,EST-043,4.3,2026-03-30,"Aprobado, profundizar en temas teóricos."
GRD-01021,EVAL-SUB-MAT-11A-01,EST-047,3.0,2026-03-30,"Insuficiente, programar plan de mejoramiento."
GRD-01022,EVAL-SUB-MAT-11A-02,EST-047,2.9,2026-03-30,"Insuficiente, programar plan de mejoramiento."
GRD-01023,EVAL-SUB-MAT-11A-03,EST-047,4.0,2026-03-30,"Aprobado, profundizar en temas teóricos."
GRD-01024,EVAL-SUB-MAT-11A-04,EST-047,3.8,2026-03-30,"Desempeño bajo, requiere tutoría académica."
GRD-01025,EVAL-SUB-FIS-11A-01,EST-047,3.5,2026-03-30,"Desempeño bajo, requiere tutoría académica."
GRD-01026,EVAL-SUB-FIS-11A-02,EST-047,2.9,2026-03-30,"Buen trabajo, repasar ejercicios prácticos."
GRD-01027,EVAL-SUB-FIS-11A-03,EST-047,3.2,2026-03-30,"Buen trabajo, repasar ejercicios prácticos."
GRD-01028,EVAL-SUB-FIS-11A-04,EST-047,2.5,2026-03-30,Excelente dominio de los conceptos.
GRD-01029,EVAL-SUB-QUI-11A-01,EST-047,2.5,2026-03-30,Muy buen análisis y resolución metodológica.
GRD-01030,EVAL-SUB-QUI-11A-02,EST-047,3.6,2026-03-30,"Aprobado, profundizar en temas teóricos."
GRD-01031,EVAL-SUB-QUI-11A-03,EST-047,2.9,2026-03-30,"Aprobado, profundizar en temas teóricos."
GRD-01032,EVAL-SUB-QUI-11A-04,EST-047,2.8,2026-03-30,"Aprobado, profundizar en temas teóricos."
GRD-01033,EVAL-SUB-ESP-11A-01,EST-047,2.1,2026-03-30,"Buen trabajo, repasar ejercicios prácticos."
GRD-01034,EVAL-SUB-ESP-11A-02,EST-047,2.6,2026-03-30,"Insuficiente, programar plan de mejoramiento."
GRD-01035,EVAL-SUB-ESP-11A-03,EST-047,3.6,2026-03-30,"Desempeño bajo, requiere tutoría académica."
GRD-01036,EVAL-SUB-ESP-11A-04,EST-047,2.1,2026-03-30,"Insuficiente, programar plan de mejoramiento."
GRD-01037,EVAL-SUB-ING-11A-01,EST-047,2.7,2026-03-30,Excelente dominio de los conceptos.
GRD-01038,EVAL-SUB-ING-11A-02,EST-047,3.4,2026-03-30,"Buen trabajo, repasar ejercicios prácticos."
GRD-01039,EVAL-SUB-ING-11A-03,EST-047,3.5,2026-03-30,"Buen trabajo, repasar ejercicios prácticos."
GRD-01040,EVAL-SUB-ING-11A-04,EST-047,2.8,2026-03-30,Excelente dominio de los conceptos.
GRD-01041,EVAL-SUB-MAT-11A-01,EST-051,3.8,2026-03-30,"Aprobado, profundizar en temas teóricos."
GRD-01042,EVAL-SUB-MAT-11A-02,EST-051,3.9,2026-03-30,Muy buen análisis y resolución metodológica.
GRD-01043,EVAL-SUB-MAT-11A-03,EST-051,3.3,2026-03-30,"Insuficiente, programar plan de mejoramiento."
GRD-01044,EVAL-SUB-MAT-11A-04,EST-051,4.2,2026-03-30,Muy buen análisis y resolución metodológica.
GRD-01045,EVAL-SUB-FIS-11A-01,EST-051,3.5,2026-03-30,"Buen trabajo, repasar ejercicios prácticos."
GRD-01046,EVAL-SUB-FIS-11A-02,EST-051,3.7,2026-03-30,"Aprobado, profundizar en temas teóricos."
GRD-01047,EVAL-SUB-FIS-11A-03,EST-051,3.6,2026-03-30,"Buen trabajo, repasar ejercicios prácticos."
GRD-01048,EVAL-SUB-FIS-11A-04,EST-051,3.0,2026-03-30,Muy buen análisis y resolución metodológica.
GRD-01049,EVAL-SUB-QUI-11A-01,EST-051,3.8,2026-03-30,"Aprobado, profundizar en temas teóricos."
GRD-01050,EVAL-SUB-QUI-11A-02,EST-051,3.2,2026-03-30,"Aprobado, profundizar en temas teóricos."
GRD-01051,EVAL-SUB-QUI-11A-03,EST-051,2.8,2026-03-30,"Aprobado, profundizar en temas teóricos."
GRD-01052,EVAL-SUB-QUI-11A-04,EST-051,3.2,2026-03-30,"Buen trabajo, repasar ejercicios prácticos."
GRD-01053,EVAL-SUB-ESP-11A-01,EST-051,3.2,2026-03-30,"Desempeño bajo, requiere tutoría académica."
GRD-01054,EVAL-SUB-ESP-11A-02,EST-051,3.9,2026-03-30,"Insuficiente, programar plan de mejoramiento."
GRD-01055,EVAL-SUB-ESP-11A-03,EST-051,4.2,2026-03-30,"Aprobado, profundizar en temas teóricos."
GRD-01056,EVAL-SUB-ESP-11A-04,EST-051,2.9,2026-03-30,"Desempeño bajo, requiere tutoría académica."
GRD-01057,EVAL-SUB-ING-11A-01,EST-051,3.8,2026-03-30,"Insuficiente, programar plan de mejoramiento."
GRD-01058,EVAL-SUB-ING-11A-02,EST-051,3.8,2026-03-30,"Buen trabajo, repasar ejercicios prácticos."
GRD-01059,EVAL-SUB-ING-11A-03,EST-051,2.6,2026-03-30,Muy buen análisis y resolución metodológica.
GRD-01060,EVAL-SUB-ING-11A-04,EST-051,3.5,2026-03-30,Excelente dominio de los conceptos.
GRD-01061,EVAL-SUB-MAT-11A-01,EST-055,1.7,2026-03-30,"Aprobado, profundizar en temas teóricos."
GRD-01062,EVAL-SUB-MAT-11A-02,EST-055,2.2,2026-03-30,Excelente dominio de los conceptos.
GRD-01063,EVAL-SUB-MAT-11A-03,EST-055,2.5,2026-03-30,"Insuficiente, programar plan de mejoramiento."
GRD-01064,EVAL-SUB-MAT-11A-04,EST-055,2.2,2026-03-30,"Insuficiente, programar plan de mejoramiento."
GRD-01065,EVAL-SUB-FIS-11A-01,EST-055,2.5,2026-03-30,"Buen trabajo, repasar ejercicios prácticos."
GRD-01066,EVAL-SUB-FIS-11A-02,EST-055,2.9,2026-03-30,"Aprobado, profundizar en temas teóricos."
GRD-01067,EVAL-SUB-FIS-11A-03,EST-055,2.6,2026-03-30,Muy buen análisis y resolución metodológica.
GRD-01068,EVAL-SUB-FIS-11A-04,EST-055,1.9,2026-03-30,"Buen trabajo, repasar ejercicios prácticos."
GRD-01069,EVAL-SUB-QUI-11A-01,EST-055,2.2,2026-03-30,"Insuficiente, programar plan de mejoramiento."
GRD-01070,EVAL-SUB-QUI-11A-02,EST-055,1.7,2026-03-30,"Desempeño bajo, requiere tutoría académica."
GRD-01071,EVAL-SUB-QUI-11A-03,EST-055,2.5,2026-03-30,"Insuficiente, programar plan de mejoramiento."
GRD-01072,EVAL-SUB-QUI-11A-04,EST-055,1.8,2026-03-30,"Desempeño bajo, requiere tutoría académica."
GRD-01073,EVAL-SUB-ESP-11A-01,EST-055,2.1,2026-03-30,"Desempeño bajo, requiere tutoría académica."
GRD-01074,EVAL-SUB-ESP-11A-02,EST-055,2.3,2026-03-30,Muy buen análisis y resolución metodológica.
GRD-01075,EVAL-SUB-ESP-11A-03,EST-055,2.6,2026-03-30,"Desempeño bajo, requiere tutoría académica."
GRD-01076,EVAL-SUB-ESP-11A-04,EST-055,1.5,2026-03-30,"Aprobado, profundizar en temas teóricos."
GRD-01077,EVAL-SUB-ING-11A-01,EST-055,2.6,2026-03-30,"Insuficiente, programar plan de mejoramiento."
GRD-01078,EVAL-SUB-ING-11A-02,EST-055,1.5,2026-03-30,Excelente dominio de los conceptos.
GRD-01079,EVAL-SUB-ING-11A-03,EST-055,2.7,2026-03-30,Excelente dominio de los conceptos.
GRD-01080,EVAL-SUB-ING-11A-04,EST-055,2.4,2026-03-30,"Insuficiente, programar plan de mejoramiento."
GRD-01081,EVAL-SUB-MAT-11A-01,EST-059,4.9,2026-03-30,Excelente dominio de los conceptos.
GRD-01082,EVAL-SUB-MAT-11A-02,EST-059,5.0,2026-03-30,"Aprobado, profundizar en temas teóricos."
GRD-01083,EVAL-SUB-MAT-11A-03,EST-059,4.9,2026-03-30,"Desempeño bajo, requiere tutoría académica."
GRD-01084,EVAL-SUB-MAT-11A-04,EST-059,5.0,2026-03-30,Muy buen análisis y resolución metodológica.
GRD-01085,EVAL-SUB-FIS-11A-01,EST-059,5.0,2026-03-30,Muy buen análisis y resolución metodológica.
GRD-01086,EVAL-SUB-FIS-11A-02,EST-059,4.6,2026-03-30,"Desempeño bajo, requiere tutoría académica."
GRD-01087,EVAL-SUB-FIS-11A-03,EST-059,4.5,2026-03-30,"Desempeño bajo, requiere tutoría académica."
GRD-01088,EVAL-SUB-FIS-11A-04,EST-059,5.0,2026-03-30,"Desempeño bajo, requiere tutoría académica."
GRD-01089,EVAL-SUB-QUI-11A-01,EST-059,4.1,2026-03-30,Excelente dominio de los conceptos.
GRD-01090,EVAL-SUB-QUI-11A-02,EST-059,4.6,2026-03-30,"Insuficiente, programar plan de mejoramiento."
GRD-01091,EVAL-SUB-QUI-11A-03,EST-059,4.2,2026-03-30,"Buen trabajo, repasar ejercicios prácticos."
GRD-01092,EVAL-SUB-QUI-11A-04,EST-059,4.6,2026-03-30,"Buen trabajo, repasar ejercicios prácticos."
GRD-01093,EVAL-SUB-ESP-11A-01,EST-059,4.5,2026-03-30,"Insuficiente, programar plan de mejoramiento."
GRD-01094,EVAL-SUB-ESP-11A-02,EST-059,4.7,2026-03-30,"Buen trabajo, repasar ejercicios prácticos."
GRD-01095,EVAL-SUB-ESP-11A-03,EST-059,5.0,2026-03-30,Excelente dominio de los conceptos.
GRD-01096,EVAL-SUB-ESP-11A-04,EST-059,5.0,2026-03-30,"Desempeño bajo, requiere tutoría académica."
GRD-01097,EVAL-SUB-ING-11A-01,EST-059,3.5,2026-03-30,Muy buen análisis y resolución metodológica.
GRD-01098,EVAL-SUB-ING-11A-02,EST-059,4.8,2026-03-30,"Desempeño bajo, requiere tutoría académica."
GRD-01099,EVAL-SUB-ING-11A-03,EST-059,4.4,2026-03-30,"Buen trabajo, repasar ejercicios prácticos."
GRD-01100,EVAL-SUB-ING-11A-04,EST-059,4.9,2026-03-30,"Aprobado, profundizar en temas teóricos."
GRD-01101,EVAL-SUB-MAT-11A-01,EST-063,4.4,2026-03-30,Excelente dominio de los conceptos.
GRD-01102,EVAL-SUB-MAT-11A-02,EST-063,5.0,2026-03-30,Excelente dominio de los conceptos.
GRD-01103,EVAL-SUB-MAT-11A-03,EST-063,4.2,2026-03-30,Excelente dominio de los conceptos.
GRD-01104,EVAL-SUB-MAT-11A-04,EST-063,3.6,2026-03-30,"Buen trabajo, repasar ejercicios prácticos."
GRD-01105,EVAL-SUB-FIS-11A-01,EST-063,4.1,2026-03-30,Excelente dominio de los conceptos.
GRD-01106,EVAL-SUB-FIS-11A-02,EST-063,4.3,2026-03-30,"Desempeño bajo, requiere tutoría académica."
GRD-01107,EVAL-SUB-FIS-11A-03,EST-063,3.4,2026-03-30,Excelente dominio de los conceptos.
GRD-01108,EVAL-SUB-FIS-11A-04,EST-063,3.6,2026-03-30,"Buen trabajo, repasar ejercicios prácticos."
GRD-01109,EVAL-SUB-QUI-11A-01,EST-063,4.0,2026-03-30,"Buen trabajo, repasar ejercicios prácticos."
GRD-01110,EVAL-SUB-QUI-11A-02,EST-063,3.5,2026-03-30,"Insuficiente, programar plan de mejoramiento."
GRD-01111,EVAL-SUB-QUI-11A-03,EST-063,4.3,2026-03-30,Excelente dominio de los conceptos.
GRD-01112,EVAL-SUB-QUI-11A-04,EST-063,5.0,2026-03-30,"Buen trabajo, repasar ejercicios prácticos."
GRD-01113,EVAL-SUB-ESP-11A-01,EST-063,3.6,2026-03-30,Muy buen análisis y resolución metodológica.
GRD-01114,EVAL-SUB-ESP-11A-02,EST-063,4.0,2026-03-30,"Insuficiente, programar plan de mejoramiento."
GRD-01115,EVAL-SUB-ESP-11A-03,EST-063,3.8,2026-03-30,Muy buen análisis y resolución metodológica.
GRD-01116,EVAL-SUB-ESP-11A-04,EST-063,4.7,2026-03-30,"Aprobado, profundizar en temas teóricos."
GRD-01117,EVAL-SUB-ING-11A-01,EST-063,4.1,2026-03-30,Muy buen análisis y resolución metodológica.
GRD-01118,EVAL-SUB-ING-11A-02,EST-063,5.0,2026-03-30,"Insuficiente, programar plan de mejoramiento."
GRD-01119,EVAL-SUB-ING-11A-03,EST-063,4.1,2026-03-30,Excelente dominio de los conceptos.
GRD-01120,EVAL-SUB-ING-11A-04,EST-063,4.5,2026-03-30,"Insuficiente, programar plan de mejoramiento."
GRD-01121,EVAL-SUB-MAT-11A-01,EST-067,4.3,2026-03-30,"Buen trabajo, repasar ejercicios prácticos."
GRD-01122,EVAL-SUB-MAT-11A-02,EST-067,4.3,2026-03-30,"Desempeño bajo, requiere tutoría académica."
GRD-01123,EVAL-SUB-MAT-11A-03,EST-067,4.3,2026-03-30,Excelente dominio de los conceptos.
GRD-01124,EVAL-SUB-MAT-11A-04,EST-067,5.0,2026-03-30,Muy buen análisis y resolución metodológica.
GRD-01125,EVAL-SUB-FIS-11A-01,EST-067,4.5,2026-03-30,"Desempeño bajo, requiere tutoría académica."
GRD-01126,EVAL-SUB-FIS-11A-02,EST-067,4.8,2026-03-30,"Desempeño bajo, requiere tutoría académica."
GRD-01127,EVAL-SUB-FIS-11A-03,EST-067,4.2,2026-03-30,"Desempeño bajo, requiere tutoría académica."
GRD-01128,EVAL-SUB-FIS-11A-04,EST-067,5.0,2026-03-30,"Insuficiente, programar plan de mejoramiento."
GRD-01129,EVAL-SUB-QUI-11A-01,EST-067,5.0,2026-03-30,"Desempeño bajo, requiere tutoría académica."
GRD-01130,EVAL-SUB-QUI-11A-02,EST-067,4.7,2026-03-30,Muy buen análisis y resolución metodológica.
GRD-01131,EVAL-SUB-QUI-11A-03,EST-067,5.0,2026-03-30,"Buen trabajo, repasar ejercicios prácticos."
GRD-01132,EVAL-SUB-QUI-11A-04,EST-067,5.0,2026-03-30,"Insuficiente, programar plan de mejoramiento."
GRD-01133,EVAL-SUB-ESP-11A-01,EST-067,3.6,2026-03-30,"Desempeño bajo, requiere tutoría académica."
GRD-01134,EVAL-SUB-ESP-11A-02,EST-067,5.0,2026-03-30,"Buen trabajo, repasar ejercicios prácticos."
GRD-01135,EVAL-SUB-ESP-11A-03,EST-067,4.5,2026-03-30,"Desempeño bajo, requiere tutoría académica."
GRD-01136,EVAL-SUB-ESP-11A-04,EST-067,4.7,2026-03-30,Muy buen análisis y resolución metodológica.
GRD-01137,EVAL-SUB-ING-11A-01,EST-067,5.0,2026-03-30,Excelente dominio de los conceptos.
GRD-01138,EVAL-SUB-ING-11A-02,EST-067,5.0,2026-03-30,Excelente dominio de los conceptos.
GRD-01139,EVAL-SUB-ING-11A-03,EST-067,4.2,2026-03-30,"Insuficiente, programar plan de mejoramiento."
GRD-01140,EVAL-SUB-ING-11A-04,EST-067,4.6,2026-03-30,"Aprobado, profundizar en temas teóricos."
GRD-01141,EVAL-SUB-MAT-11A-01,EST-071,2.6,2026-03-30,Excelente dominio de los conceptos.
GRD-01142,EVAL-SUB-MAT-11A-02,EST-071,3.6,2026-03-30,Excelente dominio de los conceptos.
GRD-01143,EVAL-SUB-MAT-11A-03,EST-071,3.4,2026-03-30,Muy buen análisis y resolución metodológica.
GRD-01144,EVAL-SUB-MAT-11A-04,EST-071,3.9,2026-03-30,Muy buen análisis y resolución metodológica.
GRD-01145,EVAL-SUB-FIS-11A-01,EST-071,2.6,2026-03-30,"Aprobado, profundizar en temas teóricos."
GRD-01146,EVAL-SUB-FIS-11A-02,EST-071,2.9,2026-03-30,"Aprobado, profundizar en temas teóricos."
GRD-01147,EVAL-SUB-FIS-11A-03,EST-071,3.2,2026-03-30,"Buen trabajo, repasar ejercicios prácticos."
GRD-01148,EVAL-SUB-FIS-11A-04,EST-071,3.1,2026-03-30,Muy buen análisis y resolución metodológica.
GRD-01149,EVAL-SUB-QUI-11A-01,EST-071,4.6,2026-03-30,"Desempeño bajo, requiere tutoría académica."
GRD-01150,EVAL-SUB-QUI-11A-02,EST-071,4.4,2026-03-30,"Buen trabajo, repasar ejercicios prácticos."
GRD-01151,EVAL-SUB-QUI-11A-03,EST-071,2.9,2026-03-30,"Desempeño bajo, requiere tutoría académica."
GRD-01152,EVAL-SUB-QUI-11A-04,EST-071,2.4,2026-03-30,"Buen trabajo, repasar ejercicios prácticos."
GRD-01153,EVAL-SUB-ESP-11A-01,EST-071,2.3,2026-03-30,"Desempeño bajo, requiere tutoría académica."
GRD-01154,EVAL-SUB-ESP-11A-02,EST-071,2.8,2026-03-30,"Desempeño bajo, requiere tutoría académica."
GRD-01155,EVAL-SUB-ESP-11A-03,EST-071,2.7,2026-03-30,"Aprobado, profundizar en temas teóricos."
GRD-01156,EVAL-SUB-ESP-11A-04,EST-071,3.0,2026-03-30,"Aprobado, profundizar en temas teóricos."
GRD-01157,EVAL-SUB-ING-11A-01,EST-071,2.5,2026-03-30,Excelente dominio de los conceptos.
GRD-01158,EVAL-SUB-ING-11A-02,EST-071,3.1,2026-03-30,Muy buen análisis y resolución metodológica.
GRD-01159,EVAL-SUB-ING-11A-03,EST-071,2.2,2026-03-30,"Buen trabajo, repasar ejercicios prácticos."
GRD-01160,EVAL-SUB-ING-11A-04,EST-071,3.3,2026-03-30,"Aprobado, profundizar en temas teóricos."
GRD-01161,EVAL-SUB-MAT-11A-01,EST-075,3.6,2026-03-30,"Buen trabajo, repasar ejercicios prácticos."
GRD-01162,EVAL-SUB-MAT-11A-02,EST-075,3.4,2026-03-30,"Insuficiente, programar plan de mejoramiento."
GRD-01163,EVAL-SUB-MAT-11A-03,EST-075,3.3,2026-03-30,"Insuficiente, programar plan de mejoramiento."
GRD-01164,EVAL-SUB-MAT-11A-04,EST-075,3.0,2026-03-30,"Buen trabajo, repasar ejercicios prácticos."
GRD-01165,EVAL-SUB-FIS-11A-01,EST-075,3.2,2026-03-30,"Buen trabajo, repasar ejercicios prácticos."
GRD-01166,EVAL-SUB-FIS-11A-02,EST-075,3.2,2026-03-30,"Buen trabajo, repasar ejercicios prácticos."
GRD-01167,EVAL-SUB-FIS-11A-03,EST-075,3.9,2026-03-30,"Desempeño bajo, requiere tutoría académica."
GRD-01168,EVAL-SUB-FIS-11A-04,EST-075,2.3,2026-03-30,"Aprobado, profundizar en temas teóricos."
GRD-01169,EVAL-SUB-QUI-11A-01,EST-075,3.1,2026-03-30,"Aprobado, profundizar en temas teóricos."
GRD-01170,EVAL-SUB-QUI-11A-02,EST-075,3.5,2026-03-30,Muy buen análisis y resolución metodológica.
GRD-01171,EVAL-SUB-QUI-11A-03,EST-075,2.9,2026-03-30,Muy buen análisis y resolución metodológica.
GRD-01172,EVAL-SUB-QUI-11A-04,EST-075,3.4,2026-03-30,Muy buen análisis y resolución metodológica.
GRD-01173,EVAL-SUB-ESP-11A-01,EST-075,2.9,2026-03-30,"Aprobado, profundizar en temas teóricos."
GRD-01174,EVAL-SUB-ESP-11A-02,EST-075,3.8,2026-03-30,"Desempeño bajo, requiere tutoría académica."
GRD-01175,EVAL-SUB-ESP-11A-03,EST-075,4.1,2026-03-30,"Buen trabajo, repasar ejercicios prácticos."
GRD-01176,EVAL-SUB-ESP-11A-04,EST-075,4.0,2026-03-30,Muy buen análisis y resolución metodológica.
GRD-01177,EVAL-SUB-ING-11A-01,EST-075,3.1,2026-03-30,Excelente dominio de los conceptos.
GRD-01178,EVAL-SUB-ING-11A-02,EST-075,2.5,2026-03-30,Excelente dominio de los conceptos.
GRD-01179,EVAL-SUB-ING-11A-03,EST-075,3.3,2026-03-30,Muy buen análisis y resolución metodológica.
GRD-01180,EVAL-SUB-ING-11A-04,EST-075,3.5,2026-03-30,"Buen trabajo, repasar ejercicios prácticos."
GRD-01181,EVAL-SUB-MAT-11A-01,EST-079,3.7,2026-03-30,Muy buen análisis y resolución metodológica.
GRD-01182,EVAL-SUB-MAT-11A-02,EST-079,3.2,2026-03-30,"Buen trabajo, repasar ejercicios prácticos."
GRD-01183,EVAL-SUB-MAT-11A-03,EST-079,4.1,2026-03-30,"Aprobado, profundizar en temas teóricos."
GRD-01184,EVAL-SUB-MAT-11A-04,EST-079,3.6,2026-03-30,Excelente dominio de los conceptos.
GRD-01185,EVAL-SUB-FIS-11A-01,EST-079,3.0,2026-03-30,"Insuficiente, programar plan de mejoramiento."
GRD-01186,EVAL-SUB-FIS-11A-02,EST-079,3.0,2026-03-30,"Desempeño bajo, requiere tutoría académica."
GRD-01187,EVAL-SUB-FIS-11A-03,EST-079,3.5,2026-03-30,"Insuficiente, programar plan de mejoramiento."
GRD-01188,EVAL-SUB-FIS-11A-04,EST-079,3.4,2026-03-30,"Insuficiente, programar plan de mejoramiento."
GRD-01189,EVAL-SUB-QUI-11A-01,EST-079,3.4,2026-03-30,Muy buen análisis y resolución metodológica.
GRD-01190,EVAL-SUB-QUI-11A-02,EST-079,3.6,2026-03-30,"Aprobado, profundizar en temas teóricos."
GRD-01191,EVAL-SUB-QUI-11A-03,EST-079,3.1,2026-03-30,"Insuficiente, programar plan de mejoramiento."
GRD-01192,EVAL-SUB-QUI-11A-04,EST-079,3.4,2026-03-30,Muy buen análisis y resolución metodológica.
GRD-01193,EVAL-SUB-ESP-11A-01,EST-079,3.1,2026-03-30,"Buen trabajo, repasar ejercicios prácticos."
GRD-01194,EVAL-SUB-ESP-11A-02,EST-079,2.7,2026-03-30,Excelente dominio de los conceptos.
GRD-01195,EVAL-SUB-ESP-11A-03,EST-079,4.1,2026-03-30,"Buen trabajo, repasar ejercicios prácticos."
GRD-01196,EVAL-SUB-ESP-11A-04,EST-079,3.2,2026-03-30,"Buen trabajo, repasar ejercicios prácticos."
GRD-01197,EVAL-SUB-ING-11A-01,EST-079,3.2,2026-03-30,"Aprobado, profundizar en temas teóricos."
GRD-01198,EVAL-SUB-ING-11A-02,EST-079,3.3,2026-03-30,"Aprobado, profundizar en temas teóricos."
GRD-01199,EVAL-SUB-ING-11A-03,EST-079,3.6,2026-03-30,"Desempeño bajo, requiere tutoría académica."
GRD-01200,EVAL-SUB-ING-11A-04,EST-079,3.3,2026-03-30,"Desempeño bajo, requiere tutoría académica."
GRD-01201,EVAL-SUB-MAT-11B-01,EST-004,1.2,2026-03-30,"Buen trabajo, repasar ejercicios prácticos."
GRD-01202,EVAL-SUB-MAT-11B-02,EST-004,1.5,2026-03-30,Excelente dominio de los conceptos.
GRD-01203,EVAL-SUB-MAT-11B-03,EST-004,2.7,2026-03-30,Muy buen análisis y resolución metodológica.
GRD-01204,EVAL-SUB-MAT-11B-04,EST-004,2.5,2026-03-30,Excelente dominio de los conceptos.
GRD-01205,EVAL-SUB-FIS-11B-01,EST-004,1.8,2026-03-30,Excelente dominio de los conceptos.
GRD-01206,EVAL-SUB-FIS-11B-02,EST-004,1.4,2026-03-30,"Desempeño bajo, requiere tutoría académica."
GRD-01207,EVAL-SUB-FIS-11B-03,EST-004,2.1,2026-03-30,Excelente dominio de los conceptos.
GRD-01208,EVAL-SUB-FIS-11B-04,EST-004,1.3,2026-03-30,Excelente dominio de los conceptos.
GRD-01209,EVAL-SUB-QUI-11B-01,EST-004,1.2,2026-03-30,"Desempeño bajo, requiere tutoría académica."
GRD-01210,EVAL-SUB-QUI-11B-02,EST-004,2.2,2026-03-30,"Aprobado, profundizar en temas teóricos."
GRD-01211,EVAL-SUB-QUI-11B-03,EST-004,1.2,2026-03-30,"Insuficiente, programar plan de mejoramiento."
GRD-01212,EVAL-SUB-QUI-11B-04,EST-004,3.2,2026-03-30,"Insuficiente, programar plan de mejoramiento."
GRD-01213,EVAL-SUB-ESP-11B-01,EST-004,1.6,2026-03-30,Excelente dominio de los conceptos.
GRD-01214,EVAL-SUB-ESP-11B-02,EST-004,2.0,2026-03-30,Muy buen análisis y resolución metodológica.
GRD-01215,EVAL-SUB-ESP-11B-03,EST-004,2.9,2026-03-30,"Insuficiente, programar plan de mejoramiento."
GRD-01216,EVAL-SUB-ESP-11B-04,EST-004,1.7,2026-03-30,Excelente dominio de los conceptos.
GRD-01221,EVAL-SUB-MAT-11B-01,EST-008,4.1,2026-03-30,"Buen trabajo, repasar ejercicios prácticos."
GRD-01222,EVAL-SUB-MAT-11B-02,EST-008,3.8,2026-03-30,Muy buen análisis y resolución metodológica.
GRD-01223,EVAL-SUB-MAT-11B-03,EST-008,4.3,2026-03-30,"Aprobado, profundizar en temas teóricos."
GRD-01224,EVAL-SUB-MAT-11B-04,EST-008,2.7,2026-03-30,"Buen trabajo, repasar ejercicios prácticos."
GRD-01225,EVAL-SUB-FIS-11B-01,EST-008,3.2,2026-03-30,"Desempeño bajo, requiere tutoría académica."
GRD-01226,EVAL-SUB-FIS-11B-02,EST-008,3.5,2026-03-30,Muy buen análisis y resolución metodológica.
GRD-01227,EVAL-SUB-FIS-11B-03,EST-008,4.1,2026-03-30,Muy buen análisis y resolución metodológica.
GRD-01228,EVAL-SUB-FIS-11B-04,EST-008,3.5,2026-03-30,"Buen trabajo, repasar ejercicios prácticos."
GRD-01229,EVAL-SUB-QUI-11B-01,EST-008,4.0,2026-03-30,Excelente dominio de los conceptos.
GRD-01230,EVAL-SUB-QUI-11B-02,EST-008,3.0,2026-03-30,"Insuficiente, programar plan de mejoramiento."
GRD-01231,EVAL-SUB-QUI-11B-03,EST-008,3.8,2026-03-30,Excelente dominio de los conceptos.
GRD-01232,EVAL-SUB-QUI-11B-04,EST-008,3.3,2026-03-30,"Desempeño bajo, requiere tutoría académica."
GRD-01233,EVAL-SUB-ESP-11B-01,EST-008,3.8,2026-03-30,"Insuficiente, programar plan de mejoramiento."
GRD-01234,EVAL-SUB-ESP-11B-02,EST-008,4.0,2026-03-30,"Insuficiente, programar plan de mejoramiento."
GRD-01235,EVAL-SUB-ESP-11B-03,EST-008,4.3,2026-03-30,"Aprobado, profundizar en temas teóricos."
GRD-01236,EVAL-SUB-ESP-11B-04,EST-008,3.6,2026-03-30,Excelente dominio de los conceptos.
GRD-01241,EVAL-SUB-MAT-11B-01,EST-012,4.4,2026-03-30,"Desempeño bajo, requiere tutoría académica."
GRD-01242,EVAL-SUB-MAT-11B-02,EST-012,4.4,2026-03-30,"Buen trabajo, repasar ejercicios prácticos."
GRD-01243,EVAL-SUB-MAT-11B-03,EST-012,4.2,2026-03-30,Muy buen análisis y resolución metodológica.
GRD-01244,EVAL-SUB-MAT-11B-04,EST-012,4.2,2026-03-30,"Desempeño bajo, requiere tutoría académica."
GRD-01245,EVAL-SUB-FIS-11B-01,EST-012,4.0,2026-03-30,Muy buen análisis y resolución metodológica.
GRD-01246,EVAL-SUB-FIS-11B-02,EST-012,3.9,2026-03-30,"Desempeño bajo, requiere tutoría académica."
GRD-01247,EVAL-SUB-FIS-11B-03,EST-012,3.5,2026-03-30,"Aprobado, profundizar en temas teóricos."
GRD-01248,EVAL-SUB-FIS-11B-04,EST-012,3.7,2026-03-30,"Aprobado, profundizar en temas teóricos."
GRD-01249,EVAL-SUB-QUI-11B-01,EST-012,4.0,2026-03-30,"Desempeño bajo, requiere tutoría académica."
GRD-01250,EVAL-SUB-QUI-11B-02,EST-012,3.6,2026-03-30,"Buen trabajo, repasar ejercicios prácticos."
GRD-01251,EVAL-SUB-QUI-11B-03,EST-012,4.1,2026-03-30,Excelente dominio de los conceptos.
GRD-01252,EVAL-SUB-QUI-11B-04,EST-012,4.0,2026-03-30,"Insuficiente, programar plan de mejoramiento."
GRD-01253,EVAL-SUB-ESP-11B-01,EST-012,4.3,2026-03-30,"Insuficiente, programar plan de mejoramiento."
GRD-01254,EVAL-SUB-ESP-11B-02,EST-012,3.7,2026-03-30,"Aprobado, profundizar en temas teóricos."
GRD-01255,EVAL-SUB-ESP-11B-03,EST-012,3.9,2026-03-30,"Insuficiente, programar plan de mejoramiento."
GRD-01256,EVAL-SUB-ESP-11B-04,EST-012,4.4,2026-03-30,"Aprobado, profundizar en temas teóricos."
GRD-01261,EVAL-SUB-MAT-11B-01,EST-016,2.5,2026-03-30,"Desempeño bajo, requiere tutoría académica."
GRD-01262,EVAL-SUB-MAT-11B-02,EST-016,2.6,2026-03-30,"Buen trabajo, repasar ejercicios prácticos."
GRD-01263,EVAL-SUB-MAT-11B-03,EST-016,3.0,2026-03-30,"Desempeño bajo, requiere tutoría académica."
GRD-01264,EVAL-SUB-MAT-11B-04,EST-016,3.1,2026-03-30,"Buen trabajo, repasar ejercicios prácticos."
GRD-01265,EVAL-SUB-FIS-11B-01,EST-016,3.2,2026-03-30,"Desempeño bajo, requiere tutoría académica."
GRD-01266,EVAL-SUB-FIS-11B-02,EST-016,2.9,2026-03-30,"Aprobado, profundizar en temas teóricos."
GRD-01267,EVAL-SUB-FIS-11B-03,EST-016,2.5,2026-03-30,"Aprobado, profundizar en temas teóricos."
GRD-01268,EVAL-SUB-FIS-11B-04,EST-016,2.8,2026-03-30,"Buen trabajo, repasar ejercicios prácticos."
GRD-01269,EVAL-SUB-QUI-11B-01,EST-016,2.6,2026-03-30,"Insuficiente, programar plan de mejoramiento."
GRD-01270,EVAL-SUB-QUI-11B-02,EST-016,2.2,2026-03-30,"Buen trabajo, repasar ejercicios prácticos."
GRD-01271,EVAL-SUB-QUI-11B-03,EST-016,2.5,2026-03-30,Excelente dominio de los conceptos.
GRD-01272,EVAL-SUB-QUI-11B-04,EST-016,2.8,2026-03-30,"Desempeño bajo, requiere tutoría académica."
GRD-01273,EVAL-SUB-ESP-11B-01,EST-016,2.4,2026-03-30,"Aprobado, profundizar en temas teóricos."
GRD-01274,EVAL-SUB-ESP-11B-02,EST-016,3.3,2026-03-30,"Desempeño bajo, requiere tutoría académica."
GRD-01275,EVAL-SUB-ESP-11B-03,EST-016,2.3,2026-03-30,Muy buen análisis y resolución metodológica.
GRD-01276,EVAL-SUB-ESP-11B-04,EST-016,3.5,2026-03-30,"Insuficiente, programar plan de mejoramiento."
GRD-01281,EVAL-SUB-MAT-11B-01,EST-020,4.0,2026-03-30,"Desempeño bajo, requiere tutoría académica."
GRD-01282,EVAL-SUB-MAT-11B-02,EST-020,4.1,2026-03-30,"Aprobado, profundizar en temas teóricos."
GRD-01283,EVAL-SUB-MAT-11B-03,EST-020,3.1,2026-03-30,"Desempeño bajo, requiere tutoría académica."
GRD-01284,EVAL-SUB-MAT-11B-04,EST-020,3.1,2026-03-30,"Aprobado, profundizar en temas teóricos."
GRD-01285,EVAL-SUB-FIS-11B-01,EST-020,4.1,2026-03-30,Excelente dominio de los conceptos.
GRD-01286,EVAL-SUB-FIS-11B-02,EST-020,3.6,2026-03-30,"Insuficiente, programar plan de mejoramiento."
GRD-01287,EVAL-SUB-FIS-11B-03,EST-020,3.1,2026-03-30,"Buen trabajo, repasar ejercicios prácticos."
GRD-01288,EVAL-SUB-FIS-11B-04,EST-020,3.0,2026-03-30,Muy buen análisis y resolución metodológica.
GRD-01289,EVAL-SUB-QUI-11B-01,EST-020,2.7,2026-03-30,"Desempeño bajo, requiere tutoría académica."
GRD-01290,EVAL-SUB-QUI-11B-02,EST-020,3.6,2026-03-30,"Aprobado, profundizar en temas teóricos."
GRD-01291,EVAL-SUB-QUI-11B-03,EST-020,3.1,2026-03-30,Muy buen análisis y resolución metodológica.
GRD-01292,EVAL-SUB-QUI-11B-04,EST-020,4.1,2026-03-30,"Desempeño bajo, requiere tutoría académica."
GRD-01293,EVAL-SUB-ESP-11B-01,EST-020,3.7,2026-03-30,Muy buen análisis y resolución metodológica.
GRD-01294,EVAL-SUB-ESP-11B-02,EST-020,2.6,2026-03-30,"Buen trabajo, repasar ejercicios prácticos."
GRD-01295,EVAL-SUB-ESP-11B-03,EST-020,3.3,2026-03-30,"Aprobado, profundizar en temas teóricos."
GRD-01296,EVAL-SUB-ESP-11B-04,EST-020,2.8,2026-03-30,"Desempeño bajo, requiere tutoría académica."
GRD-01301,EVAL-SUB-MAT-11B-01,EST-024,3.1,2026-03-30,"Aprobado, profundizar en temas teóricos."
GRD-01302,EVAL-SUB-MAT-11B-02,EST-024,3.3,2026-03-30,Muy buen análisis y resolución metodológica.
GRD-01303,EVAL-SUB-MAT-11B-03,EST-024,3.7,2026-03-30,Muy buen análisis y resolución metodológica.
GRD-01304,EVAL-SUB-MAT-11B-04,EST-024,2.8,2026-03-30,Excelente dominio de los conceptos.
GRD-01305,EVAL-SUB-FIS-11B-01,EST-024,3.5,2026-03-30,Muy buen análisis y resolución metodológica.
GRD-01306,EVAL-SUB-FIS-11B-02,EST-024,3.4,2026-03-30,"Aprobado, profundizar en temas teóricos."
GRD-01307,EVAL-SUB-FIS-11B-03,EST-024,3.6,2026-03-30,"Insuficiente, programar plan de mejoramiento."
GRD-01308,EVAL-SUB-FIS-11B-04,EST-024,3.8,2026-03-30,Muy buen análisis y resolución metodológica.
GRD-01309,EVAL-SUB-QUI-11B-01,EST-024,3.0,2026-03-30,"Aprobado, profundizar en temas teóricos."
GRD-01310,EVAL-SUB-QUI-11B-02,EST-024,2.8,2026-03-30,"Desempeño bajo, requiere tutoría académica."
GRD-01311,EVAL-SUB-QUI-11B-03,EST-024,3.4,2026-03-30,"Buen trabajo, repasar ejercicios prácticos."
GRD-01312,EVAL-SUB-QUI-11B-04,EST-024,3.3,2026-03-30,"Insuficiente, programar plan de mejoramiento."
GRD-01313,EVAL-SUB-ESP-11B-01,EST-024,3.2,2026-03-30,Muy buen análisis y resolución metodológica.
GRD-01314,EVAL-SUB-ESP-11B-02,EST-024,2.6,2026-03-30,"Insuficiente, programar plan de mejoramiento."
GRD-01315,EVAL-SUB-ESP-11B-03,EST-024,3.3,2026-03-30,"Desempeño bajo, requiere tutoría académica."
GRD-01316,EVAL-SUB-ESP-11B-04,EST-024,3.7,2026-03-30,Muy buen análisis y resolución metodológica.
GRD-01321,EVAL-SUB-MAT-11B-01,EST-028,3.3,2026-03-30,"Aprobado, profundizar en temas teóricos."
GRD-01322,EVAL-SUB-MAT-11B-02,EST-028,3.8,2026-03-30,"Buen trabajo, repasar ejercicios prácticos."
GRD-01323,EVAL-SUB-MAT-11B-03,EST-028,4.5,2026-03-30,"Insuficiente, programar plan de mejoramiento."
GRD-01324,EVAL-SUB-MAT-11B-04,EST-028,3.4,2026-03-30,"Desempeño bajo, requiere tutoría académica."
GRD-01325,EVAL-SUB-FIS-11B-01,EST-028,4.0,2026-03-30,Muy buen análisis y resolución metodológica.
GRD-01326,EVAL-SUB-FIS-11B-02,EST-028,3.8,2026-03-30,"Aprobado, profundizar en temas teóricos."
GRD-01327,EVAL-SUB-FIS-11B-03,EST-028,3.6,2026-03-30,Excelente dominio de los conceptos.
GRD-01328,EVAL-SUB-FIS-11B-04,EST-028,4.1,2026-03-30,"Aprobado, profundizar en temas teóricos."
GRD-01329,EVAL-SUB-QUI-11B-01,EST-028,3.7,2026-03-30,Muy buen análisis y resolución metodológica.
GRD-01330,EVAL-SUB-QUI-11B-02,EST-028,4.7,2026-03-30,Muy buen análisis y resolución metodológica.
GRD-01331,EVAL-SUB-QUI-11B-03,EST-028,4.5,2026-03-30,"Buen trabajo, repasar ejercicios prácticos."
GRD-01332,EVAL-SUB-QUI-11B-04,EST-028,3.3,2026-03-30,"Aprobado, profundizar en temas teóricos."
GRD-01333,EVAL-SUB-ESP-11B-01,EST-028,3.9,2026-03-30,"Insuficiente, programar plan de mejoramiento."
GRD-01334,EVAL-SUB-ESP-11B-02,EST-028,3.5,2026-03-30,"Desempeño bajo, requiere tutoría académica."
GRD-01335,EVAL-SUB-ESP-11B-03,EST-028,4.2,2026-03-30,Muy buen análisis y resolución metodológica.
GRD-01336,EVAL-SUB-ESP-11B-04,EST-028,4.3,2026-03-30,"Desempeño bajo, requiere tutoría académica."
GRD-01341,EVAL-SUB-MAT-11B-01,EST-032,3.3,2026-03-30,Muy buen análisis y resolución metodológica.
GRD-01342,EVAL-SUB-MAT-11B-02,EST-032,3.6,2026-03-30,Excelente dominio de los conceptos.
GRD-01343,EVAL-SUB-MAT-11B-03,EST-032,2.4,2026-03-30,"Insuficiente, programar plan de mejoramiento."
GRD-01344,EVAL-SUB-MAT-11B-04,EST-032,2.8,2026-03-30,"Buen trabajo, repasar ejercicios prácticos."
GRD-01345,EVAL-SUB-FIS-11B-01,EST-032,3.0,2026-03-30,Excelente dominio de los conceptos.
GRD-01346,EVAL-SUB-FIS-11B-02,EST-032,3.4,2026-03-30,"Aprobado, profundizar en temas teóricos."
GRD-01347,EVAL-SUB-FIS-11B-03,EST-032,2.9,2026-03-30,Muy buen análisis y resolución metodológica.
GRD-01348,EVAL-SUB-FIS-11B-04,EST-032,2.7,2026-03-30,"Aprobado, profundizar en temas teóricos."
GRD-01349,EVAL-SUB-QUI-11B-01,EST-032,2.6,2026-03-30,"Insuficiente, programar plan de mejoramiento."
GRD-01350,EVAL-SUB-QUI-11B-02,EST-032,2.8,2026-03-30,Excelente dominio de los conceptos.
GRD-01351,EVAL-SUB-QUI-11B-03,EST-032,2.6,2026-03-30,"Insuficiente, programar plan de mejoramiento."
GRD-01352,EVAL-SUB-QUI-11B-04,EST-032,4.0,2026-03-30,"Buen trabajo, repasar ejercicios prácticos."
GRD-01353,EVAL-SUB-ESP-11B-01,EST-032,3.5,2026-03-30,"Aprobado, profundizar en temas teóricos."
GRD-01354,EVAL-SUB-ESP-11B-02,EST-032,2.5,2026-03-30,"Insuficiente, programar plan de mejoramiento."
GRD-01355,EVAL-SUB-ESP-11B-03,EST-032,2.5,2026-03-30,"Aprobado, profundizar en temas teóricos."
GRD-01356,EVAL-SUB-ESP-11B-04,EST-032,2.8,2026-03-30,Excelente dominio de los conceptos.
GRD-01361,EVAL-SUB-MAT-11B-01,EST-036,2.7,2026-03-30,"Desempeño bajo, requiere tutoría académica."
GRD-01362,EVAL-SUB-MAT-11B-02,EST-036,2.4,2026-03-30,Muy buen análisis y resolución metodológica.
GRD-01363,EVAL-SUB-MAT-11B-03,EST-036,2.4,2026-03-30,"Buen trabajo, repasar ejercicios prácticos."
GRD-01364,EVAL-SUB-MAT-11B-04,EST-036,2.4,2026-03-30,"Buen trabajo, repasar ejercicios prácticos."
GRD-01365,EVAL-SUB-FIS-11B-01,EST-036,2.7,2026-03-30,"Buen trabajo, repasar ejercicios prácticos."
GRD-01366,EVAL-SUB-FIS-11B-02,EST-036,2.7,2026-03-30,Excelente dominio de los conceptos.
GRD-01367,EVAL-SUB-FIS-11B-03,EST-036,3.4,2026-03-30,"Aprobado, profundizar en temas teóricos."
GRD-01368,EVAL-SUB-FIS-11B-04,EST-036,3.5,2026-03-30,"Buen trabajo, repasar ejercicios prácticos."
GRD-01369,EVAL-SUB-QUI-11B-01,EST-036,2.8,2026-03-30,"Desempeño bajo, requiere tutoría académica."
GRD-01370,EVAL-SUB-QUI-11B-02,EST-036,3.5,2026-03-30,"Desempeño bajo, requiere tutoría académica."
GRD-01371,EVAL-SUB-QUI-11B-03,EST-036,2.8,2026-03-30,"Desempeño bajo, requiere tutoría académica."
GRD-01372,EVAL-SUB-QUI-11B-04,EST-036,2.7,2026-03-30,"Desempeño bajo, requiere tutoría académica."
GRD-01373,EVAL-SUB-ESP-11B-01,EST-036,2.5,2026-03-30,"Desempeño bajo, requiere tutoría académica."
GRD-01374,EVAL-SUB-ESP-11B-02,EST-036,3.3,2026-03-30,"Buen trabajo, repasar ejercicios prácticos."
GRD-01375,EVAL-SUB-ESP-11B-03,EST-036,3.5,2026-03-30,"Aprobado, profundizar en temas teóricos."
GRD-01376,EVAL-SUB-ESP-11B-04,EST-036,3.3,2026-03-30,"Aprobado, profundizar en temas teóricos."
GRD-01381,EVAL-SUB-MAT-11B-01,EST-040,3.6,2026-03-30,"Aprobado, profundizar en temas teóricos."
GRD-01382,EVAL-SUB-MAT-11B-02,EST-040,2.5,2026-03-30,"Insuficiente, programar plan de mejoramiento."
GRD-01383,EVAL-SUB-MAT-11B-03,EST-040,3.5,2026-03-30,Muy buen análisis y resolución metodológica.
GRD-01384,EVAL-SUB-MAT-11B-04,EST-040,3.3,2026-03-30,"Desempeño bajo, requiere tutoría académica."
GRD-01385,EVAL-SUB-FIS-11B-01,EST-040,2.0,2026-03-30,Excelente dominio de los conceptos.
GRD-01386,EVAL-SUB-FIS-11B-02,EST-040,3.0,2026-03-30,Muy buen análisis y resolución metodológica.
GRD-01387,EVAL-SUB-FIS-11B-03,EST-040,3.8,2026-03-30,"Aprobado, profundizar en temas teóricos."
GRD-01388,EVAL-SUB-FIS-11B-04,EST-040,2.7,2026-03-30,Excelente dominio de los conceptos.
GRD-01389,EVAL-SUB-QUI-11B-01,EST-040,3.0,2026-03-30,Excelente dominio de los conceptos.
GRD-01390,EVAL-SUB-QUI-11B-02,EST-040,3.6,2026-03-30,"Desempeño bajo, requiere tutoría académica."
GRD-01391,EVAL-SUB-QUI-11B-03,EST-040,3.6,2026-03-30,"Buen trabajo, repasar ejercicios prácticos."
GRD-01392,EVAL-SUB-QUI-11B-04,EST-040,3.3,2026-03-30,"Buen trabajo, repasar ejercicios prácticos."
GRD-01393,EVAL-SUB-ESP-11B-01,EST-040,3.7,2026-03-30,"Aprobado, profundizar en temas teóricos."
GRD-01394,EVAL-SUB-ESP-11B-02,EST-040,2.8,2026-03-30,Muy buen análisis y resolución metodológica.
GRD-01395,EVAL-SUB-ESP-11B-03,EST-040,3.0,2026-03-30,"Insuficiente, programar plan de mejoramiento."
GRD-01396,EVAL-SUB-ESP-11B-04,EST-040,3.1,2026-03-30,"Buen trabajo, repasar ejercicios prácticos."
GRD-01401,EVAL-SUB-MAT-11B-01,EST-044,3.8,2026-03-30,"Aprobado, profundizar en temas teóricos."
GRD-01402,EVAL-SUB-MAT-11B-02,EST-044,2.0,2026-03-30,"Insuficiente, programar plan de mejoramiento."
GRD-01403,EVAL-SUB-MAT-11B-03,EST-044,2.5,2026-03-30,Muy buen análisis y resolución metodológica.
GRD-01404,EVAL-SUB-MAT-11B-04,EST-044,3.2,2026-03-30,"Desempeño bajo, requiere tutoría académica."
GRD-01405,EVAL-SUB-FIS-11B-01,EST-044,2.8,2026-03-30,Excelente dominio de los conceptos.
GRD-01406,EVAL-SUB-FIS-11B-02,EST-044,4.1,2026-03-30,"Buen trabajo, repasar ejercicios prácticos."
GRD-01407,EVAL-SUB-FIS-11B-03,EST-044,3.0,2026-03-30,Muy buen análisis y resolución metodológica.
GRD-01408,EVAL-SUB-FIS-11B-04,EST-044,3.3,2026-03-30,Muy buen análisis y resolución metodológica.
GRD-01409,EVAL-SUB-QUI-11B-01,EST-044,2.8,2026-03-30,"Aprobado, profundizar en temas teóricos."
GRD-01410,EVAL-SUB-QUI-11B-02,EST-044,3.5,2026-03-30,Muy buen análisis y resolución metodológica.
GRD-01411,EVAL-SUB-QUI-11B-03,EST-044,2.3,2026-03-30,"Desempeño bajo, requiere tutoría académica."
GRD-01412,EVAL-SUB-QUI-11B-04,EST-044,2.4,2026-03-30,"Aprobado, profundizar en temas teóricos."
GRD-01413,EVAL-SUB-ESP-11B-01,EST-044,3.1,2026-03-30,Muy buen análisis y resolución metodológica.
GRD-01414,EVAL-SUB-ESP-11B-02,EST-044,2.6,2026-03-30,Muy buen análisis y resolución metodológica.
GRD-01415,EVAL-SUB-ESP-11B-03,EST-044,3.4,2026-03-30,Excelente dominio de los conceptos.
GRD-01416,EVAL-SUB-ESP-11B-04,EST-044,2.4,2026-03-30,Muy buen análisis y resolución metodológica.
GRD-01421,EVAL-SUB-MAT-11B-01,EST-048,2.6,2026-03-30,Muy buen análisis y resolución metodológica.
GRD-01422,EVAL-SUB-MAT-11B-02,EST-048,2.1,2026-03-30,Muy buen análisis y resolución metodológica.
GRD-01423,EVAL-SUB-MAT-11B-03,EST-048,2.5,2026-03-30,"Insuficiente, programar plan de mejoramiento."
GRD-01424,EVAL-SUB-MAT-11B-04,EST-048,2.8,2026-03-30,"Desempeño bajo, requiere tutoría académica."
GRD-01425,EVAL-SUB-FIS-11B-01,EST-048,2.8,2026-03-30,"Buen trabajo, repasar ejercicios prácticos."
GRD-01426,EVAL-SUB-FIS-11B-02,EST-048,3.2,2026-03-30,"Desempeño bajo, requiere tutoría académica."
GRD-01427,EVAL-SUB-FIS-11B-03,EST-048,2.5,2026-03-30,"Aprobado, profundizar en temas teóricos."
GRD-01428,EVAL-SUB-FIS-11B-04,EST-048,3.6,2026-03-30,"Insuficiente, programar plan de mejoramiento."
GRD-01429,EVAL-SUB-QUI-11B-01,EST-048,2.1,2026-03-30,"Desempeño bajo, requiere tutoría académica."
GRD-01430,EVAL-SUB-QUI-11B-02,EST-048,2.3,2026-03-30,"Aprobado, profundizar en temas teóricos."
GRD-01431,EVAL-SUB-QUI-11B-03,EST-048,3.3,2026-03-30,Excelente dominio de los conceptos.
GRD-01432,EVAL-SUB-QUI-11B-04,EST-048,2.1,2026-03-30,Excelente dominio de los conceptos.
GRD-01433,EVAL-SUB-ESP-11B-01,EST-048,2.0,2026-03-30,Excelente dominio de los conceptos.
GRD-01434,EVAL-SUB-ESP-11B-02,EST-048,2.0,2026-03-30,Excelente dominio de los conceptos.
GRD-01435,EVAL-SUB-ESP-11B-03,EST-048,2.9,2026-03-30,"Desempeño bajo, requiere tutoría académica."
GRD-01436,EVAL-SUB-ESP-11B-04,EST-048,2.5,2026-03-30,Excelente dominio de los conceptos.
GRD-01441,EVAL-SUB-MAT-11B-01,EST-052,2.9,2026-03-30,"Aprobado, profundizar en temas teóricos."
GRD-01442,EVAL-SUB-MAT-11B-02,EST-052,2.9,2026-03-30,Excelente dominio de los conceptos.
GRD-01443,EVAL-SUB-MAT-11B-03,EST-052,2.6,2026-03-30,"Desempeño bajo, requiere tutoría académica."
GRD-01444,EVAL-SUB-MAT-11B-04,EST-052,2.7,2026-03-30,"Buen trabajo, repasar ejercicios prácticos."
GRD-01445,EVAL-SUB-FIS-11B-01,EST-052,2.7,2026-03-30,"Desempeño bajo, requiere tutoría académica."
GRD-01446,EVAL-SUB-FIS-11B-02,EST-052,2.8,2026-03-30,Excelente dominio de los conceptos.
GRD-01447,EVAL-SUB-FIS-11B-03,EST-052,2.6,2026-03-30,"Buen trabajo, repasar ejercicios prácticos."
GRD-01448,EVAL-SUB-FIS-11B-04,EST-052,3.0,2026-03-30,"Buen trabajo, repasar ejercicios prácticos."
GRD-01449,EVAL-SUB-QUI-11B-01,EST-052,3.3,2026-03-30,"Insuficiente, programar plan de mejoramiento."
GRD-01450,EVAL-SUB-QUI-11B-02,EST-052,3.2,2026-03-30,Muy buen análisis y resolución metodológica.
GRD-01451,EVAL-SUB-QUI-11B-03,EST-052,3.2,2026-03-30,"Aprobado, profundizar en temas teóricos."
GRD-01452,EVAL-SUB-QUI-11B-04,EST-052,3.9,2026-03-30,"Desempeño bajo, requiere tutoría académica."
GRD-01453,EVAL-SUB-ESP-11B-01,EST-052,1.9,2026-03-30,Muy buen análisis y resolución metodológica.
GRD-01454,EVAL-SUB-ESP-11B-02,EST-052,3.4,2026-03-30,"Desempeño bajo, requiere tutoría académica."
GRD-01455,EVAL-SUB-ESP-11B-03,EST-052,3.4,2026-03-30,Excelente dominio de los conceptos.
GRD-01456,EVAL-SUB-ESP-11B-04,EST-052,3.2,2026-03-30,"Aprobado, profundizar en temas teóricos."
GRD-01461,EVAL-SUB-MAT-11B-01,EST-056,2.9,2026-03-30,"Buen trabajo, repasar ejercicios prácticos."
GRD-01462,EVAL-SUB-MAT-11B-02,EST-056,3.2,2026-03-30,"Desempeño bajo, requiere tutoría académica."
GRD-01463,EVAL-SUB-MAT-11B-03,EST-056,3.3,2026-03-30,Muy buen análisis y resolución metodológica.
GRD-01464,EVAL-SUB-MAT-11B-04,EST-056,3.8,2026-03-30,"Buen trabajo, repasar ejercicios prácticos."
GRD-01465,EVAL-SUB-FIS-11B-01,EST-056,4.1,2026-03-30,"Desempeño bajo, requiere tutoría académica."
GRD-01466,EVAL-SUB-FIS-11B-02,EST-056,3.2,2026-03-30,"Buen trabajo, repasar ejercicios prácticos."
GRD-01467,EVAL-SUB-FIS-11B-03,EST-056,3.7,2026-03-30,Excelente dominio de los conceptos.
GRD-01468,EVAL-SUB-FIS-11B-04,EST-056,3.6,2026-03-30,"Insuficiente, programar plan de mejoramiento."
GRD-01469,EVAL-SUB-QUI-11B-01,EST-056,3.4,2026-03-30,"Desempeño bajo, requiere tutoría académica."
GRD-01470,EVAL-SUB-QUI-11B-02,EST-056,3.0,2026-03-30,"Aprobado, profundizar en temas teóricos."
GRD-01471,EVAL-SUB-QUI-11B-03,EST-056,3.6,2026-03-30,Muy buen análisis y resolución metodológica.
GRD-01472,EVAL-SUB-QUI-11B-04,EST-056,3.1,2026-03-30,Excelente dominio de los conceptos.
GRD-01473,EVAL-SUB-ESP-11B-01,EST-056,3.5,2026-03-30,Muy buen análisis y resolución metodológica.
GRD-01474,EVAL-SUB-ESP-11B-02,EST-056,4.2,2026-03-30,"Insuficiente, programar plan de mejoramiento."
GRD-01475,EVAL-SUB-ESP-11B-03,EST-056,3.2,2026-03-30,Excelente dominio de los conceptos.
GRD-01476,EVAL-SUB-ESP-11B-04,EST-056,4.6,2026-03-30,Muy buen análisis y resolución metodológica.
GRD-01481,EVAL-SUB-MAT-11B-01,EST-060,2.9,2026-03-30,"Buen trabajo, repasar ejercicios prácticos."
GRD-01482,EVAL-SUB-MAT-11B-02,EST-060,3.5,2026-03-30,"Desempeño bajo, requiere tutoría académica."
GRD-01483,EVAL-SUB-MAT-11B-03,EST-060,3.7,2026-03-30,Muy buen análisis y resolución metodológica.
GRD-01484,EVAL-SUB-MAT-11B-04,EST-060,3.2,2026-03-30,Excelente dominio de los conceptos.
GRD-01485,EVAL-SUB-FIS-11B-01,EST-060,3.4,2026-03-30,"Aprobado, profundizar en temas teóricos."
GRD-01486,EVAL-SUB-FIS-11B-02,EST-060,4.0,2026-03-30,"Insuficiente, programar plan de mejoramiento."
GRD-01487,EVAL-SUB-FIS-11B-03,EST-060,3.6,2026-03-30,"Desempeño bajo, requiere tutoría académica."
GRD-01488,EVAL-SUB-FIS-11B-04,EST-060,3.2,2026-03-30,"Desempeño bajo, requiere tutoría académica."
GRD-01489,EVAL-SUB-QUI-11B-01,EST-060,4.3,2026-03-30,Excelente dominio de los conceptos.
GRD-01490,EVAL-SUB-QUI-11B-02,EST-060,3.9,2026-03-30,"Aprobado, profundizar en temas teóricos."
GRD-01491,EVAL-SUB-QUI-11B-03,EST-060,3.7,2026-03-30,"Buen trabajo, repasar ejercicios prácticos."
GRD-01492,EVAL-SUB-QUI-11B-04,EST-060,3.9,2026-03-30,"Desempeño bajo, requiere tutoría académica."
GRD-01493,EVAL-SUB-ESP-11B-01,EST-060,3.8,2026-03-30,"Insuficiente, programar plan de mejoramiento."
GRD-01494,EVAL-SUB-ESP-11B-02,EST-060,3.5,2026-03-30,"Desempeño bajo, requiere tutoría académica."
GRD-01495,EVAL-SUB-ESP-11B-03,EST-060,4.5,2026-03-30,"Desempeño bajo, requiere tutoría académica."
GRD-01496,EVAL-SUB-ESP-11B-04,EST-060,3.7,2026-03-30,"Insuficiente, programar plan de mejoramiento."
GRD-01501,EVAL-SUB-MAT-11B-01,EST-064,3.0,2026-03-30,Muy buen análisis y resolución metodológica.
GRD-01502,EVAL-SUB-MAT-11B-02,EST-064,3.4,2026-03-30,Muy buen análisis y resolución metodológica.
GRD-01503,EVAL-SUB-MAT-11B-03,EST-064,3.4,2026-03-30,Muy buen análisis y resolución metodológica.
GRD-01504,EVAL-SUB-MAT-11B-04,EST-064,3.3,2026-03-30,"Desempeño bajo, requiere tutoría académica."
GRD-01505,EVAL-SUB-FIS-11B-01,EST-064,3.3,2026-03-30,Excelente dominio de los conceptos.
GRD-01506,EVAL-SUB-FIS-11B-02,EST-064,2.5,2026-03-30,"Buen trabajo, repasar ejercicios prácticos."
GRD-01507,EVAL-SUB-FIS-11B-03,EST-064,3.9,2026-03-30,"Desempeño bajo, requiere tutoría académica."
GRD-01508,EVAL-SUB-FIS-11B-04,EST-064,3.7,2026-03-30,"Insuficiente, programar plan de mejoramiento."
GRD-01509,EVAL-SUB-QUI-11B-01,EST-064,3.1,2026-03-30,Muy buen análisis y resolución metodológica.
GRD-01510,EVAL-SUB-QUI-11B-02,EST-064,3.2,2026-03-30,Muy buen análisis y resolución metodológica.
GRD-01511,EVAL-SUB-QUI-11B-03,EST-064,3.5,2026-03-30,Muy buen análisis y resolución metodológica.
GRD-01512,EVAL-SUB-QUI-11B-04,EST-064,3.2,2026-03-30,"Buen trabajo, repasar ejercicios prácticos."
GRD-01513,EVAL-SUB-ESP-11B-01,EST-064,3.4,2026-03-30,"Aprobado, profundizar en temas teóricos."
GRD-01514,EVAL-SUB-ESP-11B-02,EST-064,3.2,2026-03-30,"Insuficiente, programar plan de mejoramiento."
GRD-01515,EVAL-SUB-ESP-11B-03,EST-064,2.5,2026-03-30,"Aprobado, profundizar en temas teóricos."
GRD-01516,EVAL-SUB-ESP-11B-04,EST-064,3.4,2026-03-30,"Buen trabajo, repasar ejercicios prácticos."
GRD-01521,EVAL-SUB-MAT-11B-01,EST-068,3.3,2026-03-30,Excelente dominio de los conceptos.
GRD-01522,EVAL-SUB-MAT-11B-02,EST-068,3.6,2026-03-30,Muy buen análisis y resolución metodológica.
GRD-01523,EVAL-SUB-MAT-11B-03,EST-068,5.0,2026-03-30,Excelente dominio de los conceptos.
GRD-01524,EVAL-SUB-MAT-11B-04,EST-068,3.1,2026-03-30,Excelente dominio de los conceptos.
GRD-01525,EVAL-SUB-FIS-11B-01,EST-068,3.7,2026-03-30,"Desempeño bajo, requiere tutoría académica."
GRD-01526,EVAL-SUB-FIS-11B-02,EST-068,3.9,2026-03-30,"Buen trabajo, repasar ejercicios prácticos."
GRD-01527,EVAL-SUB-FIS-11B-03,EST-068,3.4,2026-03-30,"Aprobado, profundizar en temas teóricos."
GRD-01528,EVAL-SUB-FIS-11B-04,EST-068,3.8,2026-03-30,Muy buen análisis y resolución metodológica.
GRD-01529,EVAL-SUB-QUI-11B-01,EST-068,2.6,2026-03-30,Muy buen análisis y resolución metodológica.
GRD-01530,EVAL-SUB-QUI-11B-02,EST-068,4.3,2026-03-30,Excelente dominio de los conceptos.
GRD-01531,EVAL-SUB-QUI-11B-03,EST-068,4.2,2026-03-30,Excelente dominio de los conceptos.
GRD-01532,EVAL-SUB-QUI-11B-04,EST-068,3.7,2026-03-30,Excelente dominio de los conceptos.
GRD-01533,EVAL-SUB-ESP-11B-01,EST-068,3.6,2026-03-30,"Desempeño bajo, requiere tutoría académica."
GRD-01534,EVAL-SUB-ESP-11B-02,EST-068,2.9,2026-03-30,"Buen trabajo, repasar ejercicios prácticos."
GRD-01535,EVAL-SUB-ESP-11B-03,EST-068,4.5,2026-03-30,Excelente dominio de los conceptos.
GRD-01536,EVAL-SUB-ESP-11B-04,EST-068,2.6,2026-03-30,Muy buen análisis y resolución metodológica.
GRD-01541,EVAL-SUB-MAT-11B-01,EST-072,4.1,2026-03-30,Excelente dominio de los conceptos.
GRD-01542,EVAL-SUB-MAT-11B-02,EST-072,4.9,2026-03-30,"Buen trabajo, repasar ejercicios prácticos."
GRD-01543,EVAL-SUB-MAT-11B-03,EST-072,4.6,2026-03-30,Excelente dominio de los conceptos.
GRD-01544,EVAL-SUB-MAT-11B-04,EST-072,5.0,2026-03-30,"Desempeño bajo, requiere tutoría académica."
GRD-01545,EVAL-SUB-FIS-11B-01,EST-072,5.0,2026-03-30,"Aprobado, profundizar en temas teóricos."
GRD-01546,EVAL-SUB-FIS-11B-02,EST-072,4.8,2026-03-30,"Aprobado, profundizar en temas teóricos."
GRD-01547,EVAL-SUB-FIS-11B-03,EST-072,4.2,2026-03-30,Excelente dominio de los conceptos.
GRD-01548,EVAL-SUB-FIS-11B-04,EST-072,5.0,2026-03-30,"Aprobado, profundizar en temas teóricos."
GRD-01549,EVAL-SUB-QUI-11B-01,EST-072,4.7,2026-03-30,"Aprobado, profundizar en temas teóricos."
GRD-01550,EVAL-SUB-QUI-11B-02,EST-072,5.0,2026-03-30,Muy buen análisis y resolución metodológica.
GRD-01551,EVAL-SUB-QUI-11B-03,EST-072,4.1,2026-03-30,"Insuficiente, programar plan de mejoramiento."
GRD-01552,EVAL-SUB-QUI-11B-04,EST-072,4.1,2026-03-30,"Desempeño bajo, requiere tutoría académica."
GRD-01553,EVAL-SUB-ESP-11B-01,EST-072,5.0,2026-03-30,Muy buen análisis y resolución metodológica.
GRD-01554,EVAL-SUB-ESP-11B-02,EST-072,4.5,2026-03-30,"Insuficiente, programar plan de mejoramiento."
GRD-01555,EVAL-SUB-ESP-11B-03,EST-072,4.5,2026-03-30,Excelente dominio de los conceptos.
GRD-01556,EVAL-SUB-ESP-11B-04,EST-072,4.1,2026-03-30,"Desempeño bajo, requiere tutoría académica."
GRD-01561,EVAL-SUB-MAT-11B-01,EST-076,3.4,2026-03-30,"Aprobado, profundizar en temas teóricos."
GRD-01562,EVAL-SUB-MAT-11B-02,EST-076,3.3,2026-03-30,"Buen trabajo, repasar ejercicios prácticos."
GRD-01563,EVAL-SUB-MAT-11B-03,EST-076,3.2,2026-03-30,"Desempeño bajo, requiere tutoría académica."
GRD-01564,EVAL-SUB-MAT-11B-04,EST-076,2.6,2026-03-30,"Buen trabajo, repasar ejercicios prácticos."
GRD-01565,EVAL-SUB-FIS-11B-01,EST-076,2.8,2026-03-30,Muy buen análisis y resolución metodológica.
GRD-01566,EVAL-SUB-FIS-11B-02,EST-076,2.8,2026-03-30,"Buen trabajo, repasar ejercicios prácticos."
GRD-01567,EVAL-SUB-FIS-11B-03,EST-076,2.9,2026-03-30,"Insuficiente, programar plan de mejoramiento."
GRD-01568,EVAL-SUB-FIS-11B-04,EST-076,1.9,2026-03-30,"Desempeño bajo, requiere tutoría académica."
GRD-01569,EVAL-SUB-QUI-11B-01,EST-076,3.4,2026-03-30,Muy buen análisis y resolución metodológica.
GRD-01570,EVAL-SUB-QUI-11B-02,EST-076,3.0,2026-03-30,"Buen trabajo, repasar ejercicios prácticos."
GRD-01571,EVAL-SUB-QUI-11B-03,EST-076,2.9,2026-03-30,Muy buen análisis y resolución metodológica.
GRD-01572,EVAL-SUB-QUI-11B-04,EST-076,2.9,2026-03-30,"Insuficiente, programar plan de mejoramiento."
GRD-01573,EVAL-SUB-ESP-11B-01,EST-076,2.6,2026-03-30,Excelente dominio de los conceptos.
GRD-01574,EVAL-SUB-ESP-11B-02,EST-076,1.6,2026-03-30,"Buen trabajo, repasar ejercicios prácticos."
GRD-01575,EVAL-SUB-ESP-11B-03,EST-076,3.3,2026-03-30,"Aprobado, profundizar en temas teóricos."
GRD-01576,EVAL-SUB-ESP-11B-04,EST-076,2.8,2026-03-30,"Desempeño bajo, requiere tutoría académica."
GRD-01581,EVAL-SUB-MAT-11B-01,EST-080,5.0,2026-03-30,"Buen trabajo, repasar ejercicios prácticos."
GRD-01582,EVAL-SUB-MAT-11B-02,EST-080,4.3,2026-03-30,Excelente dominio de los conceptos.
GRD-01583,EVAL-SUB-MAT-11B-03,EST-080,5.0,2026-03-30,"Desempeño bajo, requiere tutoría académica."
GRD-01584,EVAL-SUB-MAT-11B-04,EST-080,5.0,2026-03-30,Excelente dominio de los conceptos.
GRD-01585,EVAL-SUB-FIS-11B-01,EST-080,3.7,2026-03-30,"Buen trabajo, repasar ejercicios prácticos."
GRD-01586,EVAL-SUB-FIS-11B-02,EST-080,4.6,2026-03-30,"Desempeño bajo, requiere tutoría académica."
GRD-01587,EVAL-SUB-FIS-11B-03,EST-080,4.8,2026-03-30,Excelente dominio de los conceptos.
GRD-01588,EVAL-SUB-FIS-11B-04,EST-080,5.0,2026-03-30,Excelente dominio de los conceptos.
GRD-01589,EVAL-SUB-QUI-11B-01,EST-080,5.0,2026-03-30,Muy buen análisis y resolución metodológica.
GRD-01590,EVAL-SUB-QUI-11B-02,EST-080,5.0,2026-03-30,Muy buen análisis y resolución metodológica.
GRD-01591,EVAL-SUB-QUI-11B-03,EST-080,4.7,2026-03-30,"Aprobado, profundizar en temas teóricos."
GRD-01592,EVAL-SUB-QUI-11B-04,EST-080,4.7,2026-03-30,"Buen trabajo, repasar ejercicios prácticos."
GRD-01593,EVAL-SUB-ESP-11B-01,EST-080,5.0,2026-03-30,"Aprobado, profundizar en temas teóricos."
GRD-01594,EVAL-SUB-ESP-11B-02,EST-080,5.0,2026-03-30,"Desempeño bajo, requiere tutoría académica."
GRD-01595,EVAL-SUB-ESP-11B-03,EST-080,4.2,2026-03-30,"Aprobado, profundizar en temas teóricos."
GRD-01596,EVAL-SUB-ESP-11B-04,EST-080,4.9,2026-03-30,"Buen trabajo, repasar ejercicios prácticos."
